{"type": "FeatureCollection", "name": "Jardins dos Ipes", "crs": {"type": "name", "properties": {"name": "urn:ogc:def:crs:OGC:1.3:CRS84"}}, "features": [{"type": "Feature", "geometry": {"type": "Polygon", "coordinates": [[[-54.068491105155694, -15.347888859332764], [-54.068261993040295, -15.347849198183802], [-54.06819700179599, -15.348270816024334], [-54.068426616103984, -15.348307222164534], [-54.068491105155694, -15.347888859332764]]]}, "properties": {"bairro": "Jardins dos Ipes", "quadra": null, "numero_lote": null, "chave": "Jardins dos Ipes|?|?", "area_gis_m2": 1175.72, "fonte": "g201.dxf"}}, {"type": "Feature", "geometry": {"type": "Polygon", "coordinates": [[[-54.068261993040295, -15.347849198183802], [-54.06803933421443, -15.347810653918167], [-54.06796912724992, -15.348234685489619], [-54.06819700179599, -15.348270816024334], [-54.068261993040295, -15.347849198183802]]]}, "properties": {"bairro": "Jardins dos Ipes", "quadra": null, "numero_lote": null, "chave": "Jardins dos Ipes|?|?", "area_gis_m2": 1163.57, "fonte": "g201.dxf"}}, {"type": "Feature", "geometry": {"type": "Polygon", "coordinates": [[[-54.067899735890556, -15.347786085390785], [-54.067670657029524, -15.347746585320673], [-54.06759917682781, -15.348176926854935], [-54.067828787168544, -15.348213229909268], [-54.067899735890556, -15.347786085390785]]]}, "properties": {"bairro": "Jardins dos Ipes", "quadra": null, "numero_lote": null, "chave": "Jardins dos Ipes|?|?", "area_gis_m2": 1202.33, "fonte": "g201.dxf"}}, {"type": "Feature", "geometry": {"type": "Polygon", "coordinates": [[[-54.067670657029524, -15.347746585320673], [-54.06744521826215, -15.34770771267468], [-54.067371914109835, -15.34814099473801], [-54.06759917682781, -15.348176926854935], [-54.067670657029524, -15.347746585320673]]]}, "properties": {"bairro": "Jardins dos Ipes", "quadra": null, "numero_lote": null, "chave": "Jardins dos Ipes|?|?", "area_gis_m2": 1195.43, "fonte": "g201.dxf"}}, {"type": "Feature", "geometry": {"type": "Polygon", "coordinates": [[[-54.067807221929776, -15.348349124340485], [-54.0676511052481, -15.348324329131952], [-54.067614579225946, -15.348542703461975], [-54.06777069605642, -15.348567498723485], [-54.067807221929776, -15.348349124340485]]]}, "properties": {"bairro": "Jardins dos Ipes", "quadra": null, "numero_lote": null, "chave": "Jardins dos Ipes|?|?", "area_gis_m2": 416.5, "fonte": "g201.dxf"}}, {"type": "Feature", "geometry": {"type": "Polygon", "coordinates": [[[-54.0676511052481, -15.348324329131952], [-54.06750417195253, -15.348300992370923], [-54.067467645790316, -15.34851936665109], [-54.06754111250185, -15.348531035067952], [-54.067614579225946, -15.348542703461975], [-54.0676511052481, -15.348324329131952]]]}, "properties": {"bairro": "Jardins dos Ipes", "quadra": null, "numero_lote": null, "chave": "Jardins dos Ipes|?|?", "area_gis_m2": 392.0, "fonte": "g201.dxf"}}, {"type": "Feature", "geometry": {"type": "Polygon", "coordinates": [[[-54.06750417195253, -15.348300992370923], [-54.067349346350206, -15.348276402002487], [-54.067312764809266, -15.348494767457932], [-54.067467645790316, -15.34851936665109], [-54.06750417195253, -15.348300992370923]]]}, "properties": {"bairro": "Jardins dos Ipes", "quadra": null, "numero_lote": null, "chave": "Jardins dos Ipes|?|?", "area_gis_m2": 413.13, "fonte": "g201.dxf"}}, {"type": "Feature", "geometry": {"type": "Polygon", "coordinates": [[[-54.06777069605642, -15.348567498723485], [-54.067614579225946, -15.348542703461975], [-54.06754111250185, -15.348531035067952], [-54.06752322212815, -15.34863799390285], [-54.06775280578991, -15.348674457596536], [-54.06777069605642, -15.348567498723485]]]}, "properties": {"bairro": "Jardins dos Ipes", "quadra": null, "numero_lote": null, "chave": "Jardins dos Ipes|?|?", "area_gis_m2": 300.0, "fonte": "g201.dxf"}}, {"type": "Feature", "geometry": {"type": "Polygon", "coordinates": [[[-54.06775280578991, -15.348674457596536], [-54.06752322212815, -15.34863799390285], [-54.067505331726295, -15.348744952732227], [-54.067734915495244, -15.348781416464071], [-54.06775280578991, -15.348674457596536]]]}, "properties": {"bairro": "Jardins dos Ipes", "quadra": null, "numero_lote": null, "chave": "Jardins dos Ipes|?|?", "area_gis_m2": 300.0, "fonte": "g201.dxf"}}, {"type": "Feature", "geometry": {"type": "Polygon", "coordinates": [[[-54.067734915495244, -15.348781416464071], [-54.067505331726295, -15.348744952732227], [-54.06748744129629, -15.348851911556082], [-54.06771702517241, -15.34888837532608], [-54.067734915495244, -15.348781416464071]]]}, "properties": {"bairro": "Jardins dos Ipes", "quadra": null, "numero_lote": null, "chave": "Jardins dos Ipes|?|?", "area_gis_m2": 300.0, "fonte": "g201.dxf"}}, {"type": "Feature", "geometry": {"type": "Polygon", "coordinates": [[[-54.06771702517241, -15.34888837532608], [-54.06748744129629, -15.348851911556082], [-54.06746955083811, -15.34895887037442], [-54.067699134821424, -15.348995334182545], [-54.06771702517241, -15.34888837532608]]]}, "properties": {"bairro": "Jardins dos Ipes", "quadra": null, "numero_lote": null, "chave": "Jardins dos Ipes|?|?", "area_gis_m2": 300.0, "fonte": "g201.dxf"}}, {"type": "Feature", "geometry": {"type": "Polygon", "coordinates": [[[-54.067699134821424, -15.348995334182545], [-54.06746955083811, -15.34895887037442], [-54.06745166035177, -15.349065829187204], [-54.06768124444228, -15.349102293033502], [-54.067699134821424, -15.348995334182545]]]}, "properties": {"bairro": "Jardins dos Ipes", "quadra": null, "numero_lote": null, "chave": "Jardins dos Ipes|?|?", "area_gis_m2": 300.0, "fonte": "g201.dxf"}}, {"type": "Feature", "geometry": {"type": "Polygon", "coordinates": [[[-54.06768124444228, -15.349102293033502], [-54.06745166035177, -15.349065829187204], [-54.06743376983728, -15.349172787994478], [-54.06766335403496, -15.349209251878912], [-54.06768124444228, -15.349102293033502]]]}, "properties": {"bairro": "Jardins dos Ipes", "quadra": null, "numero_lote": null, "chave": "Jardins dos Ipes|?|?", "area_gis_m2": 300.0, "fonte": "g201.dxf"}}, {"type": "Feature", "geometry": {"type": "Polygon", "coordinates": [[[-54.06766335403496, -15.349209251878912], [-54.06743376983728, -15.349172787994478], [-54.06741587929462, -15.349279746796206], [-54.06764546359949, -15.3493162107188], [-54.06766335403496, -15.349209251878912]]]}, "properties": {"bairro": "Jardins dos Ipes", "quadra": null, "numero_lote": null, "chave": "Jardins dos Ipes|?|?", "area_gis_m2": 300.0, "fonte": "g201.dxf"}}, {"type": "Feature", "geometry": {"type": "Polygon", "coordinates": [[[-54.06764546359949, -15.3493162107188], [-54.06741587929462, -15.349279746796206], [-54.067397988723805, -15.349386705592423], [-54.06762757313586, -15.349423169553157], [-54.06764546359949, -15.3493162107188]]]}, "properties": {"bairro": "Jardins dos Ipes", "quadra": null, "numero_lote": null, "chave": "Jardins dos Ipes|?|?", "area_gis_m2": 300.0, "fonte": "g201.dxf"}}, {"type": "Feature", "geometry": {"type": "Polygon", "coordinates": [[[-54.06762757313586, -15.349423169553157], [-54.067397988723805, -15.349386705592423], [-54.06738009812482, -15.349493664383102], [-54.067609682644076, -15.349530128382003], [-54.06762757313586, -15.349423169553157]]]}, "properties": {"bairro": "Jardins dos Ipes", "quadra": null, "numero_lote": null, "chave": "Jardins dos Ipes|?|?", "area_gis_m2": 300.0, "fonte": "g201.dxf"}}, {"type": "Feature", "geometry": {"type": "Polygon", "coordinates": [[[-54.067609682644076, -15.349530128382003], [-54.06738009812482, -15.349493664383102], [-54.067361827606035, -15.349602894341603], [-54.067591261910444, -15.349640257095478], [-54.067609682644076, -15.349530128382003]]]}, "properties": {"bairro": "Jardins dos Ipes", "quadra": null, "numero_lote": null, "chave": "Jardins dos Ipes|?|?", "area_gis_m2": 307.63, "fonte": "g201.dxf"}}, {"type": "Feature", "geometry": {"type": "Polygon", "coordinates": [[[-54.06754111250185, -15.348531035067952], [-54.067467645790316, -15.34851936665109], [-54.067312764809266, -15.348494767457932], [-54.067294847276955, -15.348601721958307], [-54.06752322212815, -15.34863799390285], [-54.06754111250185, -15.348531035067952]]]}, "properties": {"bairro": "Jardins dos Ipes", "quadra": null, "numero_lote": null, "chave": "Jardins dos Ipes|?|?", "area_gis_m2": 298.4, "fonte": "g201.dxf"}}, {"type": "Feature", "geometry": {"type": "Polygon", "coordinates": [[[-54.06752322212815, -15.34863799390285], [-54.067294847276955, -15.348601721958307], [-54.06727692971646, -15.348708676453139], [-54.067505331726295, -15.348744952732227], [-54.06752322212815, -15.34863799390285]]]}, "properties": {"bairro": "Jardins dos Ipes", "quadra": null, "numero_lote": null, "chave": "Jardins dos Ipes|?|?", "area_gis_m2": 298.44, "fonte": "g201.dxf"}}, {"type": "Feature", "geometry": {"type": "Polygon", "coordinates": [[[-54.067505331726295, -15.348744952732227], [-54.06727692971646, -15.348708676453139], [-54.067259012127785, -15.348815630942465], [-54.06748744129629, -15.348851911556082], [-54.067505331726295, -15.348744952732227]]]}, "properties": {"bairro": "Jardins dos Ipes", "quadra": null, "numero_lote": null, "chave": "Jardins dos Ipes|?|?", "area_gis_m2": 298.47, "fonte": "g201.dxf"}}, {"type": "Feature", "geometry": {"type": "Polygon", "coordinates": [[[-54.06748744129629, -15.348851911556082], [-54.067259012127785, -15.348815630942465], [-54.06724109451092, -15.348922585426234], [-54.06746955083811, -15.34895887037442], [-54.06748744129629, -15.348851911556082]]]}, "properties": {"bairro": "Jardins dos Ipes", "quadra": null, "numero_lote": null, "chave": "Jardins dos Ipes|?|?", "area_gis_m2": 298.51, "fonte": "g201.dxf"}}, {"type": "Feature", "geometry": {"type": "Polygon", "coordinates": [[[-54.06746955083811, -15.34895887037442], [-54.06724109451092, -15.348922585426234], [-54.067223176865866, -15.34902953990446], [-54.06745166035177, -15.349065829187204], [-54.06746955083811, -15.34895887037442]]]}, "properties": {"bairro": "Jardins dos Ipes", "quadra": null, "numero_lote": null, "chave": "Jardins dos Ipes|?|?", "area_gis_m2": 298.54, "fonte": "g201.dxf"}}, {"type": "Feature", "geometry": {"type": "Polygon", "coordinates": [[[-54.06745166035177, -15.349065829187204], [-54.067223176865866, -15.34902953990446], [-54.06720525919262, -15.349136494377131], [-54.06743376983728, -15.349172787994478], [-54.06745166035177, -15.349065829187204]]]}, "properties": {"bairro": "Jardins dos Ipes", "quadra": null, "numero_lote": null, "chave": "Jardins dos Ipes|?|?", "area_gis_m2": 298.58, "fonte": "g201.dxf"}}, {"type": "Feature", "geometry": {"type": "Polygon", "coordinates": [[[-54.06743376983728, -15.349172787994478], [-54.06720525919262, -15.349136494377131], [-54.06718734149119, -15.34924344884428], [-54.06741587929462, -15.349279746796206], [-54.06743376983728, -15.349172787994478]]]}, "properties": {"bairro": "Jardins dos Ipes", "quadra": null, "numero_lote": null, "chave": "Jardins dos Ipes|?|?", "area_gis_m2": 298.62, "fonte": "g201.dxf"}}, {"type": "Feature", "geometry": {"type": "Polygon", "coordinates": [[[-54.06741587929462, -15.349279746796206], [-54.06718734149119, -15.34924344884428], [-54.06716942376157, -15.349350403305891], [-54.067397988723805, -15.349386705592423], [-54.06741587929462, -15.349279746796206]]]}, "properties": {"bairro": "Jardins dos Ipes", "quadra": null, "numero_lote": null, "chave": "Jardins dos Ipes|?|?", "area_gis_m2": 298.65, "fonte": "g201.dxf"}}, {"type": "Feature", "geometry": {"type": "Polygon", "coordinates": [[[-54.067397988723805, -15.349386705592423], [-54.06716942376157, -15.349350403305891], [-54.067151506003775, -15.349457357761954], [-54.067380098124815, -15.349493664383102], [-54.067397988723805, -15.349386705592423]]]}, "properties": {"bairro": "Jardins dos Ipes", "quadra": null, "numero_lote": null, "chave": "Jardins dos Ipes|?|?", "area_gis_m2": 298.69, "fonte": "g201.dxf"}}, {"type": "Feature", "geometry": {"type": "Polygon", "coordinates": [[[-54.067380098124815, -15.349493664383102], [-54.067151506003775, -15.349457357761954], [-54.06713335767011, -15.34956568839139], [-54.067361827606035, -15.349602894341603], [-54.067380098124815, -15.349493664383102]]]}, "properties": {"bairro": "Jardins dos Ipes", "quadra": null, "numero_lote": null, "chave": "Jardins dos Ipes|?|?", "area_gis_m2": 303.81, "fonte": "g201.dxf"}}, {"type": "Feature", "geometry": {"type": "Polygon", "coordinates": [[[-54.06721018791945, -15.348254036335975], [-54.067053862495314, -15.348230489854219], [-54.06701733007774, -15.348448868257044], [-54.067173655651345, -15.348472414791921], [-54.06721018791945, -15.348254036335975]]]}, "properties": {"bairro": "Jardins dos Ipes", "quadra": null, "numero_lote": null, "chave": "Jardins dos Ipes|?|?", "area_gis_m2": 416.51, "fonte": "g201.dxf"}}, {"type": "Feature", "geometry": {"type": "Polygon", "coordinates": [[[-54.067053862495314, -15.348230489854219], [-54.066906732734694, -15.3482083283649], [-54.06687020017643, -15.34842670671773], [-54.06694376512099, -15.348437787498897], [-54.06701733007774, -15.348448868257044], [-54.067053862495314, -15.348230489854219]]]}, "properties": {"bairro": "Jardins dos Ipes", "quadra": null, "numero_lote": null, "chave": "Jardins dos Ipes|?|?", "area_gis_m2": 392.01, "fonte": "g201.dxf"}}, {"type": "Feature", "geometry": {"type": "Polygon", "coordinates": [[[-54.066906732734694, -15.3482083283649], [-54.066750407417494, -15.348184781681834], [-54.06671387470977, -15.348403159981586], [-54.06687020017643, -15.34842670671773], [-54.066906732734694, -15.3482083283649]]]}, "properties": {"bairro": "Jardins dos Ipes", "quadra": null, "numero_lote": null, "chave": "Jardins dos Ipes|?|?", "area_gis_m2": 416.51, "fonte": "g201.dxf"}}, {"type": "Feature", "geometry": {"type": "Polygon", "coordinates": [[[-54.067173655651345, -15.348472414791921], [-54.06701733007774, -15.348448868257044], [-54.06694376512099, -15.348437787498897], [-54.06692587161468, -15.348544748328612], [-54.0671557622527, -15.348579375659904], [-54.067173655651345, -15.348472414791921]]]}, "properties": {"bairro": "Jardins dos Ipes", "quadra": null, "numero_lote": null, "chave": "Jardins dos Ipes|?|?", "area_gis_m2": 300.01, "fonte": "g201.dxf"}}, {"type": "Feature", "geometry": {"type": "Polygon", "coordinates": [[[-54.067155762252696, -15.348579375659904], [-54.06692587161468, -15.348544748328612], [-54.06690797808021, -15.348651709152822], [-54.06713786882589, -15.348686336522354], [-54.067155762252696, -15.348579375659904]]]}, "properties": {"bairro": "Jardins dos Ipes", "quadra": null, "numero_lote": null, "chave": "Jardins dos Ipes|?|?", "area_gis_m2": 300.01, "fonte": "g201.dxf"}}, {"type": "Feature", "geometry": {"type": "Polygon", "coordinates": [[[-54.06713786882589, -15.348686336522354], [-54.06690797808021, -15.348651709152822], [-54.06689008451757, -15.348758669971474], [-54.067119975370915, -15.348793297379249], [-54.06713786882589, -15.348686336522354]]]}, "properties": {"bairro": "Jardins dos Ipes", "quadra": null, "numero_lote": null, "chave": "Jardins dos Ipes|?|?", "area_gis_m2": 300.01, "fonte": "g201.dxf"}}, {"type": "Feature", "geometry": {"type": "Polygon", "coordinates": [[[-54.067119975370915, -15.348793297379249], [-54.06689008451757, -15.348758669971474], [-54.066872190926766, -15.348865630784617], [-54.06710208188778, -15.34890025823064], [-54.067119975370915, -15.348793297379249]]]}, "properties": {"bairro": "Jardins dos Ipes", "quadra": null, "numero_lote": null, "chave": "Jardins dos Ipes|?|?", "area_gis_m2": 300.01, "fonte": "g201.dxf"}}, {"type": "Feature", "geometry": {"type": "Polygon", "coordinates": [[[-54.06710208188778, -15.34890025823064], [-54.066872190926766, -15.348865630784617], [-54.06685429730779, -15.34897259159221], [-54.06708418837647, -15.3490072190765], [-54.06710208188778, -15.34890025823064]]]}, "properties": {"bairro": "Jardins dos Ipes", "quadra": null, "numero_lote": null, "chave": "Jardins dos Ipes|?|?", "area_gis_m2": 300.01, "fonte": "g201.dxf"}}, {"type": "Feature", "geometry": {"type": "Polygon", "coordinates": [[[-54.06708418837647, -15.3490072190765], [-54.06685429730779, -15.34897259159221], [-54.066836403660645, -15.349079552394297], [-54.06706629483701, -15.349114179916848], [-54.06708418837647, -15.3490072190765]]]}, "properties": {"bairro": "Jardins dos Ipes", "quadra": null, "numero_lote": null, "chave": "Jardins dos Ipes|?|?", "area_gis_m2": 300.01, "fonte": "g201.dxf"}}, {"type": "Feature", "geometry": {"type": "Polygon", "coordinates": [[[-54.06706629483701, -15.349114179916848], [-54.066836403660645, -15.349079552394297], [-54.066818509985346, -15.34918651319085], [-54.067048401269375, -15.349221140751634], [-54.06706629483701, -15.349114179916848]]]}, "properties": {"bairro": "Jardins dos Ipes", "quadra": null, "numero_lote": null, "chave": "Jardins dos Ipes|?|?", "area_gis_m2": 300.01, "fonte": "g201.dxf"}}, {"type": "Feature", "geometry": {"type": "Polygon", "coordinates": [[[-54.067048401269375, -15.349221140751634], [-54.066818509985346, -15.34918651319085], [-54.066800616281874, -15.349293473981852], [-54.06703050767357, -15.349328101580893], [-54.067048401269375, -15.349221140751634]]]}, "properties": {"bairro": "Jardins dos Ipes", "quadra": null, "numero_lote": null, "chave": "Jardins dos Ipes|?|?", "area_gis_m2": 300.01, "fonte": "g201.dxf"}}, {"type": "Feature", "geometry": {"type": "Polygon", "coordinates": [[[-54.06703050767357, -15.349328101580893], [-54.066800616281874, -15.349293473981852], [-54.06678272255023, -15.34940043476733], [-54.067012614049595, -15.349435062404634], [-54.06703050767357, -15.349328101580893]]]}, "properties": {"bairro": "Jardins dos Ipes", "quadra": null, "numero_lote": null, "chave": "Jardins dos Ipes|?|?", "area_gis_m2": 300.01, "fonte": "g201.dxf"}}, {"type": "Feature", "geometry": {"type": "Polygon", "coordinates": [[[-54.067012614049595, -15.349435062404634], [-54.06678272255023, -15.34940043476733], [-54.06676446501816, -15.349509570011076], [-54.066994098065635, -15.349545743260816], [-54.067012614049595, -15.349435062404634]]]}, "properties": {"bairro": "Jardins dos Ipes", "quadra": null, "numero_lote": null, "chave": "Jardins dos Ipes|?|?", "area_gis_m2": 308.27, "fonte": "g201.dxf"}}, {"type": "Feature", "geometry": {"type": "Polygon", "coordinates": [[[-54.0673054688346, -15.347684035822411], [-54.06707643742052, -15.347644291026999], [-54.067002808296905, -15.348082795032937], [-54.06723253746025, -15.348118387066712], [-54.0673054688346, -15.347684035822411]]]}, "properties": {"bairro": "Jardins dos Ipes", "quadra": null, "numero_lote": null, "chave": "Jardins dos Ipes|?|?", "area_gis_m2": 1224.22, "fonte": "g201.dxf"}}, {"type": "Feature", "geometry": {"type": "Polygon", "coordinates": [[[-54.06707643742052, -15.347644291026999], [-54.0668474061358, -15.347604546011016], [-54.06677307925464, -15.348047202775554], [-54.067002808296905, -15.348082795032937], [-54.06707643742052, -15.347644291026999]]]}, "properties": {"bairro": "Jardins dos Ipes", "quadra": null, "numero_lote": null, "chave": "Jardins dos Ipes|?|?", "area_gis_m2": 1235.87, "fonte": "g201.dxf"}}, {"type": "Feature", "geometry": {"type": "Polygon", "coordinates": [[[-54.06840338303506, -15.348442728413286], [-54.068247259965325, -15.348417969338579], [-54.06821091646119, -15.34863637266168], [-54.06836703967982, -15.348661131789203], [-54.06840338303506, -15.348442728413286]]]}, "properties": {"bairro": "Jardins dos Ipes", "quadra": null, "numero_lote": null, "chave": "Jardins dos Ipes|?|?", "area_gis_m2": 416.5, "fonte": "g201.dxf"}}, {"type": "Feature", "geometry": {"type": "Polygon", "coordinates": [[[-54.068247259965325, -15.348417969338579], [-54.06810032065739, -15.348394666585849], [-54.068063977013125, -15.348613069859207], [-54.06813744673087, -15.348624721271872], [-54.06821091646119, -15.34863637266168], [-54.068247259965325, -15.348417969338579]]]}, "properties": {"bairro": "Jardins dos Ipes", "quadra": null, "numero_lote": null, "chave": "Jardins dos Ipes|?|?", "area_gis_m2": 392.0, "fonte": "g201.dxf"}}, {"type": "Feature", "geometry": {"type": "Polygon", "coordinates": [[[-54.06810032065739, -15.348394666585849], [-54.067945934804705, -15.34837018279644], [-54.0679096019439, -15.34858858775103], [-54.068063977013125, -15.348613069859207], [-54.06810032065739, -15.348394666585849]]]}, "properties": {"bairro": "Jardins dos Ipes", "quadra": null, "numero_lote": null, "chave": "Jardins dos Ipes|?|?", "area_gis_m2": 411.85, "fonte": "g201.dxf"}}, {"type": "Feature", "geometry": {"type": "Polygon", "coordinates": [[[-54.06836703967982, -15.348661131789203], [-54.06821091646119, -15.34863637266168], [-54.06813744673087, -15.348624721271872], [-54.068119645753875, -15.348731694307517], [-54.068349238810065, -15.348768104862936], [-54.06836703967982, -15.348661131789203]]]}, "properties": {"bairro": "Jardins dos Ipes", "quadra": null, "numero_lote": null, "chave": "Jardins dos Ipes|?|?", "area_gis_m2": 300.0, "fonte": "g201.dxf"}}, {"type": "Feature", "geometry": {"type": "Polygon", "coordinates": [[[-54.068349238810065, -15.348768104862936], [-54.068119645753875, -15.348731694307517], [-54.068101844748796, -15.348838667337693], [-54.068331437912235, -15.348875077931144], [-54.068349238810065, -15.348768104862936]]]}, "properties": {"bairro": "Jardins dos Ipes", "quadra": null, "numero_lote": null, "chave": "Jardins dos Ipes|?|?", "area_gis_m2": 300.0, "fonte": "g201.dxf"}}, {"type": "Feature", "geometry": {"type": "Polygon", "coordinates": [[[-54.068331437912235, -15.348875077931144], [-54.068101844748796, -15.348838667337693], [-54.06808404371564, -15.34894564036236], [-54.06831363698633, -15.34898205099391], [-54.068331437912235, -15.348875077931144]]]}, "properties": {"bairro": "Jardins dos Ipes", "quadra": null, "numero_lote": null, "chave": "Jardins dos Ipes|?|?", "area_gis_m2": 300.0, "fonte": "g201.dxf"}}, {"type": "Feature", "geometry": {"type": "Polygon", "coordinates": [[[-54.06831363698633, -15.34898205099391], [-54.06808404371564, -15.34894564036236], [-54.068066242654425, -15.349052613381536], [-54.068295836032355, -15.349089024051139], [-54.06831363698633, -15.34898205099391]]]}, "properties": {"bairro": "Jardins dos Ipes", "quadra": null, "numero_lote": null, "chave": "Jardins dos Ipes|?|?", "area_gis_m2": 300.0, "fonte": "g201.dxf"}}, {"type": "Feature", "geometry": {"type": "Polygon", "coordinates": [[[-54.068295836032355, -15.349089024051139], [-54.068066242654425, -15.349052613381536], [-54.06804844156512, -15.349159586395219], [-54.068278035050305, -15.349195997102882], [-54.068295836032355, -15.349089024051139]]]}, "properties": {"bairro": "Jardins dos Ipes", "quadra": null, "numero_lote": null, "chave": "Jardins dos Ipes|?|?", "area_gis_m2": 300.0, "fonte": "g201.dxf"}}, {"type": "Feature", "geometry": {"type": "Polygon", "coordinates": [[[-54.068278035050305, -15.349195997102882], [-54.06804844156512, -15.349159586395219], [-54.06803064044774, -15.349266559403398], [-54.06826023404018, -15.349302970149125], [-54.068278035050305, -15.349195997102882]]]}, "properties": {"bairro": "Jardins dos Ipes", "quadra": null, "numero_lote": null, "chave": "Jardins dos Ipes|?|?", "area_gis_m2": 300.0, "fonte": "g201.dxf"}}, {"type": "Feature", "geometry": {"type": "Polygon", "coordinates": [[[-54.06826023404018, -15.349302970149125], [-54.06803064044774, -15.349266559403398], [-54.068012839302284, -15.349373532406073], [-54.06824243300197, -15.349409943189846], [-54.06826023404018, -15.349302970149125]]]}, "properties": {"bairro": "Jardins dos Ipes", "quadra": null, "numero_lote": null, "chave": "Jardins dos Ipes|?|?", "area_gis_m2": 300.0, "fonte": "g201.dxf"}}, {"type": "Feature", "geometry": {"type": "Polygon", "coordinates": [[[-54.06824243300197, -15.349409943189846], [-54.068012839302284, -15.349373532406073], [-54.06799503812876, -15.349480505403262], [-54.0682246319357, -15.349516916225097], [-54.06824243300197, -15.349409943189846]]]}, "properties": {"bairro": "Jardins dos Ipes", "quadra": null, "numero_lote": null, "chave": "Jardins dos Ipes|?|?", "area_gis_m2": 300.0, "fonte": "g201.dxf"}}, {"type": "Feature", "geometry": {"type": "Polygon", "coordinates": [[[-54.0682246319357, -15.349516916225097], [-54.06799503812876, -15.349480505403262], [-54.06797723692715, -15.349587478394941], [-54.06820683084135, -15.349623889254847], [-54.0682246319357, -15.349516916225097]]]}, "properties": {"bairro": "Jardins dos Ipes", "quadra": null, "numero_lote": null, "chave": "Jardins dos Ipes|?|?", "area_gis_m2": 300.0, "fonte": "g201.dxf"}}, {"type": "Feature", "geometry": {"type": "Polygon", "coordinates": [[[-54.06820683084135, -15.349623889254847], [-54.06797723692715, -15.349587478394941], [-54.06795900144086, -15.349697060958565], [-54.068188546393074, -15.349733766746715], [-54.06820683084135, -15.349623889254847]]]}, "properties": {"bairro": "Jardins dos Ipes", "quadra": null, "numero_lote": null, "chave": "Jardins dos Ipes|?|?", "area_gis_m2": 307.73, "fonte": "g201.dxf"}}, {"type": "Feature", "geometry": {"type": "Polygon", "coordinates": [[[-54.06813744673087, -15.348624721271872], [-54.068063977013125, -15.348613069859207], [-54.0679096019439, -15.34858858775103], [-54.06789180621428, -15.348695561597967], [-54.068119645753875, -15.348731694307517], [-54.06813744673087, -15.348624721271872]]]}, "properties": {"bairro": "Jardins dos Ipes", "quadra": null, "numero_lote": null, "chave": "Jardins dos Ipes|?|?", "area_gis_m2": 297.71, "fonte": "g201.dxf"}}, {"type": "Feature", "geometry": {"type": "Polygon", "coordinates": [[[-54.068119645753875, -15.348731694307517], [-54.06789180621428, -15.348695561597967], [-54.06787401045659, -15.34880253543942], [-54.068101844748796, -15.348838667337693], [-54.068119645753875, -15.348731694307517]]]}, "properties": {"bairro": "Jardins dos Ipes", "quadra": null, "numero_lote": null, "chave": "Jardins dos Ipes|?|?", "area_gis_m2": 297.71, "fonte": "g201.dxf"}}, {"type": "Feature", "geometry": {"type": "Polygon", "coordinates": [[[-54.068101844748796, -15.348838667337693], [-54.06787401045659, -15.34880253543942], [-54.06785621467083, -15.348909509275378], [-54.06808404371564, -15.34894564036236], [-54.068101844748796, -15.348838667337693]]]}, "properties": {"bairro": "Jardins dos Ipes", "quadra": null, "numero_lote": null, "chave": "Jardins dos Ipes|?|?", "area_gis_m2": 297.7, "fonte": "g201.dxf"}}, {"type": "Feature", "geometry": {"type": "Polygon", "coordinates": [[[-54.06808404371564, -15.34894564036236], [-54.06785621467083, -15.348909509275378], [-54.067838418857, -15.34901648310583], [-54.068066242654425, -15.349052613381536], [-54.06808404371564, -15.34894564036236]]]}, "properties": {"bairro": "Jardins dos Ipes", "quadra": null, "numero_lote": null, "chave": "Jardins dos Ipes|?|?", "area_gis_m2": 297.69, "fonte": "g201.dxf"}}, {"type": "Feature", "geometry": {"type": "Polygon", "coordinates": [[[-54.068066242654425, -15.349052613381536], [-54.067838418857, -15.34901648310583], [-54.067820623015095, -15.349123456930803], [-54.06804844156512, -15.349159586395219], [-54.068066242654425, -15.349052613381536]]]}, "properties": {"bairro": "Jardins dos Ipes", "quadra": null, "numero_lote": null, "chave": "Jardins dos Ipes|?|?", "area_gis_m2": 297.68, "fonte": "g201.dxf"}}, {"type": "Feature", "geometry": {"type": "Polygon", "coordinates": [[[-54.06804844156512, -15.349159586395219], [-54.067820623015095, -15.349123456930803], [-54.06780282714512, -15.349230430750266], [-54.06803064044774, -15.349266559403398], [-54.06804844156512, -15.349159586395219]]]}, "properties": {"bairro": "Jardins dos Ipes", "quadra": null, "numero_lote": null, "chave": "Jardins dos Ipes|?|?", "area_gis_m2": 297.68, "fonte": "g201.dxf"}}, {"type": "Feature", "geometry": {"type": "Polygon", "coordinates": [[[-54.06803064044774, -15.349266559403398], [-54.06780282714512, -15.349230430750266], [-54.06778503124708, -15.349337404564238], [-54.068012839302284, -15.349373532406073], [-54.06803064044774, -15.349266559403398]]]}, "properties": {"bairro": "Jardins dos Ipes", "quadra": null, "numero_lote": null, "chave": "Jardins dos Ipes|?|?", "area_gis_m2": 297.67, "fonte": "g201.dxf"}}, {"type": "Feature", "geometry": {"type": "Polygon", "coordinates": [[[-54.068012839302284, -15.349373532406073], [-54.06778503124708, -15.349337404564238], [-54.06776723532096, -15.349444378372715], [-54.06799503812876, -15.349480505403262], [-54.068012839302284, -15.349373532406073]]]}, "properties": {"bairro": "Jardins dos Ipes", "quadra": null, "numero_lote": null, "chave": "Jardins dos Ipes|?|?", "area_gis_m2": 297.66, "fonte": "g201.dxf"}}, {"type": "Feature", "geometry": {"type": "Polygon", "coordinates": [[[-54.06799503812876, -15.349480505403262], [-54.06776723532096, -15.349444378372715], [-54.067749439366764, -15.349551352175684], [-54.06797723692715, -15.349587478394941], [-54.06799503812876, -15.349480505403262]]]}, "properties": {"bairro": "Jardins dos Ipes", "quadra": null, "numero_lote": null, "chave": "Jardins dos Ipes|?|?", "area_gis_m2": 297.66, "fonte": "g201.dxf"}}, {"type": "Feature", "geometry": {"type": "Polygon", "coordinates": [[[-54.06797723692715, -15.349587478394941], [-54.067749439366764, -15.349551352175684], [-54.06773125792861, -15.349660642993177], [-54.06795900144086, -15.349697060958565], [-54.06797723692715, -15.349587478394941]]]}, "properties": {"bairro": "Jardins dos Ipes", "quadra": null, "numero_lote": null, "chave": "Jardins dos Ipes|?|?", "area_gis_m2": 304.5, "fonte": "g201.dxf"}}, {"type": "Feature", "geometry": {"type": "Polygon", "coordinates": [[[-54.068165730249376, -15.349868592120318], [-54.067936059560424, -15.349832640492084], [-54.06791743029196, -15.34994405696558], [-54.06814710109273, -15.349980008633565], [-54.068165730249376, -15.349868592120318]]]}, "properties": {"bairro": "Jardins dos Ipes", "quadra": null, "numero_lote": null, "chave": "Jardins dos Ipes|?|?", "area_gis_m2": 312.5, "fonte": "g201.dxf"}}, {"type": "Feature", "geometry": {"type": "Polygon", "coordinates": [[[-54.06814710109273, -15.349980008633565], [-54.06791743029196, -15.34994405696558], [-54.06789954616551, -15.350051016774477], [-54.068129217073604, -15.350086968480639], [-54.06814710109273, -15.349980008633565]]]}, "properties": {"bairro": "Jardins dos Ipes", "quadra": null, "numero_lote": null, "chave": "Jardins dos Ipes|?|?", "area_gis_m2": 300.0, "fonte": "g201.dxf"}}, {"type": "Feature", "geometry": {"type": "Polygon", "coordinates": [[[-54.068129217073604, -15.350086968480639], [-54.06789954616551, -15.350051016774477], [-54.0678816620109, -15.350157976577865], [-54.06811133302632, -15.350193928322177], [-54.068129217073604, -15.350086968480639]]]}, "properties": {"bairro": "Jardins dos Ipes", "quadra": null, "numero_lote": null, "chave": "Jardins dos Ipes|?|?", "area_gis_m2": 300.0, "fonte": "g201.dxf"}}, {"type": "Feature", "geometry": {"type": "Polygon", "coordinates": [[[-54.06811133302632, -15.350193928322177], [-54.0678816620109, -15.350157976577865], [-54.06786377782813, -15.350264936375714], [-54.06809344895089, -15.350300888158214], [-54.06811133302632, -15.350193928322177]]]}, "properties": {"bairro": "Jardins dos Ipes", "quadra": null, "numero_lote": null, "chave": "Jardins dos Ipes|?|?", "area_gis_m2": 300.0, "fonte": "g201.dxf"}}, {"type": "Feature", "geometry": {"type": "Polygon", "coordinates": [[[-54.06809344895089, -15.350300888158214], [-54.06786377782813, -15.350264936375714], [-54.06784589361721, -15.350371896168042], [-54.0680755648473, -15.350407847988693], [-54.06809344895089, -15.350300888158214]]]}, "properties": {"bairro": "Jardins dos Ipes", "quadra": null, "numero_lote": null, "chave": "Jardins dos Ipes|?|?", "area_gis_m2": 300.0, "fonte": "g201.dxf"}}, {"type": "Feature", "geometry": {"type": "Polygon", "coordinates": [[[-54.0680755648473, -15.350407847988693], [-54.06784589361721, -15.350371896168042], [-54.067828009378125, -15.350478855954817], [-54.068057680715555, -15.35051480781366], [-54.0680755648473, -15.350407847988693]]]}, "properties": {"bairro": "Jardins dos Ipes", "quadra": null, "numero_lote": null, "chave": "Jardins dos Ipes|?|?", "area_gis_m2": 300.0, "fonte": "g201.dxf"}}, {"type": "Feature", "geometry": {"type": "Polygon", "coordinates": [[[-54.068057680715555, -15.35051480781366], [-54.067828009378125, -15.350478855954817], [-54.067810125110896, -15.350585815736114], [-54.06803979655566, -15.350621767633127], [-54.068057680715555, -15.35051480781366]]]}, "properties": {"bairro": "Jardins dos Ipes", "quadra": null, "numero_lote": null, "chave": "Jardins dos Ipes|?|?", "area_gis_m2": 300.0, "fonte": "g201.dxf"}}, {"type": "Feature", "geometry": {"type": "Polygon", "coordinates": [[[-54.06803979655566, -15.350621767633127], [-54.067810125110896, -15.350585815736114], [-54.06779224081551, -15.350692775511861], [-54.068021912367605, -15.350728727447029], [-54.06803979655566, -15.350621767633127]]]}, "properties": {"bairro": "Jardins dos Ipes", "quadra": null, "numero_lote": null, "chave": "Jardins dos Ipes|?|?", "area_gis_m2": 300.0, "fonte": "g201.dxf"}}, {"type": "Feature", "geometry": {"type": "Polygon", "coordinates": [[[-54.068021912367605, -15.350728727447029], [-54.06779224081551, -15.350692775511861], [-54.06777435649196, -15.350799735282052], [-54.0680040281514, -15.350835687255442], [-54.068021912367605, -15.350728727447029]]]}, "properties": {"bairro": "Jardins dos Ipes", "quadra": null, "numero_lote": null, "chave": "Jardins dos Ipes|?|?", "area_gis_m2": 300.0, "fonte": "g201.dxf"}}, {"type": "Feature", "geometry": {"type": "Polygon", "coordinates": [[[-54.0680040281514, -15.350835687255442], [-54.06777435649196, -15.350799735282052], [-54.06775647214025, -15.350906695046767], [-54.06798614390704, -15.350942647058288], [-54.0680040281514, -15.350835687255442]]]}, "properties": {"bairro": "Jardins dos Ipes", "quadra": null, "numero_lote": null, "chave": "Jardins dos Ipes|?|?", "area_gis_m2": 300.0, "fonte": "g201.dxf"}}, {"type": "Feature", "geometry": {"type": "Polygon", "coordinates": [[[-54.06798614390704, -15.350942647058288], [-54.06775647214025, -15.350906695046767], [-54.067738587760395, -15.351013654805936], [-54.06796825963452, -15.351049606855621], [-54.06798614390704, -15.350942647058288]]]}, "properties": {"bairro": "Jardins dos Ipes", "quadra": null, "numero_lote": null, "chave": "Jardins dos Ipes|?|?", "area_gis_m2": 300.0, "fonte": "g201.dxf"}}, {"type": "Feature", "geometry": {"type": "Polygon", "coordinates": [[[-54.06796825963452, -15.351049606855621], [-54.067738587760395, -15.351013654805936], [-54.067720090848816, -15.351124277704322], [-54.06794979255855, -15.351160052021164], [-54.06796825963452, -15.351049606855621]]]}, "properties": {"bairro": "Jardins dos Ipes", "quadra": null, "numero_lote": null, "chave": "Jardins dos Ipes|?|?", "area_gis_m2": 310.03, "fonte": "g201.dxf"}}, {"type": "Feature", "geometry": {"type": "Polygon", "coordinates": [[[-54.067936059560424, -15.349832640492084], [-54.06770787385603, -15.349796921076662], [-54.06768923232673, -15.349908335608744], [-54.06791743029196, -15.34994405696558], [-54.067936059560424, -15.349832640492084]]]}, "properties": {"bairro": "Jardins dos Ipes", "quadra": null, "numero_lote": null, "chave": "Jardins dos Ipes|?|?", "area_gis_m2": 310.49, "fonte": "g201.dxf"}}, {"type": "Feature", "geometry": {"type": "Polygon", "coordinates": [[[-54.06791743029196, -15.34994405696558], [-54.06768923232673, -15.349908335608744], [-54.06767133642983, -15.350015293553895], [-54.06789954616551, -15.350051016774477], [-54.06791743029196, -15.34994405696558]]]}, "properties": {"bairro": "Jardins dos Ipes", "quadra": null, "numero_lote": null, "chave": "Jardins dos Ipes|?|?", "area_gis_m2": 298.08, "fonte": "g201.dxf"}}, {"type": "Feature", "geometry": {"type": "Polygon", "coordinates": [[[-54.06789954616551, -15.350051016774477], [-54.06767133642983, -15.350015293553895], [-54.067653440504785, -15.350122251493536], [-54.0678816620109, -15.350157976577865], [-54.06789954616551, -15.350051016774477]]]}, "properties": {"bairro": "Jardins dos Ipes", "quadra": null, "numero_lote": null, "chave": "Jardins dos Ipes|?|?", "area_gis_m2": 298.1, "fonte": "g201.dxf"}}, {"type": "Feature", "geometry": {"type": "Polygon", "coordinates": [[[-54.0678816620109, -15.350157976577865], [-54.067653440504785, -15.350122251493536], [-54.06763554455156, -15.350229209427642], [-54.06786377782813, -15.350264936375714], [-54.0678816620109, -15.350157976577865]]]}, "properties": {"bairro": "Jardins dos Ipes", "quadra": null, "numero_lote": null, "chave": "Jardins dos Ipes|?|?", "area_gis_m2": 298.11, "fonte": "g201.dxf"}}, {"type": "Feature", "geometry": {"type": "Polygon", "coordinates": [[[-54.06786377782813, -15.350264936375714], [-54.06763554455156, -15.350229209427642], [-54.06761764857018, -15.35033616735621], [-54.06784589361721, -15.350371896168042], [-54.06786377782813, -15.350264936375714]]]}, "properties": {"bairro": "Jardins dos Ipes", "quadra": null, "numero_lote": null, "chave": "Jardins dos Ipes|?|?", "area_gis_m2": 298.13, "fonte": "g201.dxf"}}, {"type": "Feature", "geometry": {"type": "Polygon", "coordinates": [[[-54.06784589361721, -15.350371896168042], [-54.06761764857018, -15.35033616735621], [-54.06759975256062, -15.35044312527924], [-54.067828009378125, -15.350478855954817], [-54.06784589361721, -15.350371896168042]]]}, "properties": {"bairro": "Jardins dos Ipes", "quadra": null, "numero_lote": null, "chave": "Jardins dos Ipes|?|?", "area_gis_m2": 298.14, "fonte": "g201.dxf"}}, {"type": "Feature", "geometry": {"type": "Polygon", "coordinates": [[[-54.067828009378125, -15.350478855954817], [-54.06759975256062, -15.35044312527924], [-54.0675818565229, -15.350550083196756], [-54.067810125110896, -15.350585815736114], [-54.067828009378125, -15.350478855954817]]]}, "properties": {"bairro": "Jardins dos Ipes", "quadra": null, "numero_lote": null, "chave": "Jardins dos Ipes|?|?", "area_gis_m2": 298.16, "fonte": "g201.dxf"}}, {"type": "Feature", "geometry": {"type": "Polygon", "coordinates": [[[-54.067810125110896, -15.350585815736114], [-54.0675818565229, -15.350550083196756], [-54.06756396045701, -15.350657041108722], [-54.06779224081551, -15.350692775511861], [-54.067810125110896, -15.350585815736114]]]}, "properties": {"bairro": "Jardins dos Ipes", "quadra": null, "numero_lote": null, "chave": "Jardins dos Ipes|?|?", "area_gis_m2": 298.18, "fonte": "g201.dxf"}}, {"type": "Feature", "geometry": {"type": "Polygon", "coordinates": [[[-54.06779224081551, -15.350692775511861], [-54.06756396045701, -15.350657041108722], [-54.06754606436295, -15.350763999015188], [-54.06777435649196, -15.350799735282052], [-54.06779224081551, -15.350692775511861]]]}, "properties": {"bairro": "Jardins dos Ipes", "quadra": null, "numero_lote": null, "chave": "Jardins dos Ipes|?|?", "area_gis_m2": 298.19, "fonte": "g201.dxf"}}, {"type": "Feature", "geometry": {"type": "Polygon", "coordinates": [[[-54.06777435649196, -15.350799735282052], [-54.06754606436295, -15.350763999015188], [-54.06752816824073, -15.3508709569161], [-54.06775647214025, -15.350906695046767], [-54.06777435649196, -15.350799735282052]]]}, "properties": {"bairro": "Jardins dos Ipes", "quadra": null, "numero_lote": null, "chave": "Jardins dos Ipes|?|?", "area_gis_m2": 298.21, "fonte": "g201.dxf"}}, {"type": "Feature", "geometry": {"type": "Polygon", "coordinates": [[[-54.06775647214025, -15.350906695046767], [-54.06752816824073, -15.3508709569161], [-54.067510272090324, -15.350977914811487], [-54.067738587760395, -15.351013654805936], [-54.06775647214025, -15.350906695046767]]]}, "properties": {"bairro": "Jardins dos Ipes", "quadra": null, "numero_lote": null, "chave": "Jardins dos Ipes|?|?", "area_gis_m2": 298.22, "fonte": "g201.dxf"}}, {"type": "Feature", "geometry": {"type": "Polygon", "coordinates": [[[-54.067738587760395, -15.351013654805936], [-54.067510272090324, -15.350977914811487], [-54.06749173343481, -15.35108871251114], [-54.067720090848816, -15.351124277704322], [-54.067738587760395, -15.351013654805936]]]}, "properties": {"bairro": "Jardins dos Ipes", "quadra": null, "numero_lote": null, "chave": "Jardins dos Ipes|?|?", "area_gis_m2": 308.7, "fonte": "g201.dxf"}}, {"type": "Feature", "geometry": {"type": "Polygon", "coordinates": [[[-54.067568739056, -15.34977503917933], [-54.06733907117439, -15.349739071682274], [-54.06732040908736, -15.349850482951425], [-54.06755007708074, -15.349886450488253], [-54.067568739056, -15.34977503917933]]]}, "properties": {"bairro": "Jardins dos Ipes", "quadra": null, "numero_lote": null, "chave": "Jardins dos Ipes|?|?", "area_gis_m2": 312.5, "fonte": "g201.dxf"}}, {"type": "Feature", "geometry": {"type": "Polygon", "coordinates": [[[-54.06755007708074, -15.349886450488253], [-54.06732040908736, -15.349850482951425], [-54.067302493455024, -15.349957437764143], [-54.067532161555725, -15.349993405339218], [-54.06755007708074, -15.349886450488253]]]}, "properties": {"bairro": "Jardins dos Ipes", "quadra": null, "numero_lote": null, "chave": "Jardins dos Ipes|?|?", "area_gis_m2": 300.0, "fonte": "g201.dxf"}}, {"type": "Feature", "geometry": {"type": "Polygon", "coordinates": [[[-54.067532161555725, -15.349993405339218], [-54.067302493455024, -15.349957437764143], [-54.06728457779451, -15.350064392571346], [-54.067514246002524, -15.350100360184596], [-54.067532161555725, -15.349993405339218]]]}, "properties": {"bairro": "Jardins dos Ipes", "quadra": null, "numero_lote": null, "chave": "Jardins dos Ipes|?|?", "area_gis_m2": 300.0, "fonte": "g201.dxf"}}, {"type": "Feature", "geometry": {"type": "Polygon", "coordinates": [[[-54.067514246002524, -15.350100360184596], [-54.06728457779451, -15.350064392571346], [-54.067266662105816, -15.350171347373005], [-54.067496330421136, -15.350207315024466], [-54.067514246002524, -15.350100360184596]]]}, "properties": {"bairro": "Jardins dos Ipes", "quadra": null, "numero_lote": null, "chave": "Jardins dos Ipes|?|?", "area_gis_m2": 300.0, "fonte": "g201.dxf"}}, {"type": "Feature", "geometry": {"type": "Polygon", "coordinates": [[[-54.067496330421136, -15.350207315024466], [-54.067266662105816, -15.350171347373005], [-54.06724874638893, -15.350278302169126], [-54.06747841481156, -15.350314269858796], [-54.067496330421136, -15.350207315024466]]]}, "properties": {"bairro": "Jardins dos Ipes", "quadra": null, "numero_lote": null, "chave": "Jardins dos Ipes|?|?", "area_gis_m2": 300.0, "fonte": "g201.dxf"}}, {"type": "Feature", "geometry": {"type": "Polygon", "coordinates": [[[-54.06747841481156, -15.350314269858796], [-54.06724874638893, -15.350278302169126], [-54.06723083064385, -15.350385256959699], [-54.0674604991738, -15.350421224687587], [-54.06747841481156, -15.350314269858796]]]}, "properties": {"bairro": "Jardins dos Ipes", "quadra": null, "numero_lote": null, "chave": "Jardins dos Ipes|?|?", "area_gis_m2": 300.0, "fonte": "g201.dxf"}}, {"type": "Feature", "geometry": {"type": "Polygon", "coordinates": [[[-54.0674604991738, -15.350421224687587], [-54.06723083064385, -15.350385256959699], [-54.067212914870595, -15.350492211744761], [-54.067442583507855, -15.350528179510837], [-54.0674604991738, -15.350421224687587]]]}, "properties": {"bairro": "Jardins dos Ipes", "quadra": null, "numero_lote": null, "chave": "Jardins dos Ipes|?|?", "area_gis_m2": 300.0, "fonte": "g201.dxf"}}, {"type": "Feature", "geometry": {"type": "Polygon", "coordinates": [[[-54.067442583507855, -15.350528179510837], [-54.067212914870595, -15.350492211744761], [-54.067194999069145, -15.350599166524255], [-54.067424667813725, -15.350635134328552], [-54.067442583507855, -15.350528179510837]]]}, "properties": {"bairro": "Jardins dos Ipes", "quadra": null, "numero_lote": null, "chave": "Jardins dos Ipes|?|?", "area_gis_m2": 300.0, "fonte": "g201.dxf"}}, {"type": "Feature", "geometry": {"type": "Polygon", "coordinates": [[[-54.06742466781372, -15.350635134328552], [-54.067194999069145, -15.350599166524255], [-54.06717708323951, -15.35070612129823], [-54.0674067520914, -15.350742089140725], [-54.06742466781372, -15.350635134328552]]]}, "properties": {"bairro": "Jardins dos Ipes", "quadra": null, "numero_lote": null, "chave": "Jardins dos Ipes|?|?", "area_gis_m2": 300.0, "fonte": "g201.dxf"}}, {"type": "Feature", "geometry": {"type": "Polygon", "coordinates": [[[-54.0674067520914, -15.350742089140725], [-54.06717708323951, -15.35070612129823], [-54.06715916738169, -15.350813076066668], [-54.067388836340896, -15.350849043947367], [-54.0674067520914, -15.350742089140725]]]}, "properties": {"bairro": "Jardins dos Ipes", "quadra": null, "numero_lote": null, "chave": "Jardins dos Ipes|?|?", "area_gis_m2": 300.0, "fonte": "g201.dxf"}}, {"type": "Feature", "geometry": {"type": "Polygon", "coordinates": [[[-54.067388836340896, -15.350849043947367], [-54.06715916738169, -15.350813076066668], [-54.06714125149568, -15.35092003082957], [-54.067370920562205, -15.350955998748471], [-54.067388836340896, -15.350849043947367]]]}, "properties": {"bairro": "Jardins dos Ipes", "quadra": null, "numero_lote": null, "chave": "Jardins dos Ipes|?|?", "area_gis_m2": 300.0, "fonte": "g201.dxf"}}, {"type": "Feature", "geometry": {"type": "Polygon", "coordinates": [[[-54.067370920562205, -15.350955998748471], [-54.06714125149568, -15.35092003082957], [-54.06712284811761, -15.351029895655357], [-54.06735240368373, -15.35106654185217], [-54.067370920562205, -15.350955998748471]]]}, "properties": {"bairro": "Jardins dos Ipes", "quadra": null, "numero_lote": null, "chave": "Jardins dos Ipes|?|?", "area_gis_m2": 309.11, "fonte": "g201.dxf"}}, {"type": "Feature", "geometry": {"type": "Polygon", "coordinates": [[[-54.06733907117439, -15.349739071682274], [-54.06711138598274, -15.349703414448168], [-54.067092734856985, -15.349814827411834], [-54.06732040908735, -15.349850482951425], [-54.06733907117439, -15.349739071682274]]]}, "properties": {"bairro": "Jardins dos Ipes", "quadra": null, "numero_lote": null, "chave": "Jardins dos Ipes|?|?", "area_gis_m2": 309.8, "fonte": "g201.dxf"}}, {"type": "Feature", "geometry": {"type": "Polygon", "coordinates": [[[-54.06732040908736, -15.349850482951425], [-54.067092734856985, -15.349814827411834], [-54.06707482974749, -15.349921783851336], [-54.067302493455024, -15.349957437764143], [-54.06732040908736, -15.349850482951425]]]}, "properties": {"bairro": "Jardins dos Ipes", "quadra": null, "numero_lote": null, "chave": "Jardins dos Ipes|?|?", "area_gis_m2": 297.39, "fonte": "g201.dxf"}}, {"type": "Feature", "geometry": {"type": "Polygon", "coordinates": [[[-54.067302493455024, -15.349957437764143], [-54.06707482974749, -15.349921783851336], [-54.067056924609815, -15.350028740285264], [-54.06728457779451, -15.350064392571346], [-54.067302493455024, -15.349957437764143]]]}, "properties": {"bairro": "Jardins dos Ipes", "quadra": null, "numero_lote": null, "chave": "Jardins dos Ipes|?|?", "area_gis_m2": 297.38, "fonte": "g201.dxf"}}, {"type": "Feature", "geometry": {"type": "Polygon", "coordinates": [[[-54.06728457779451, -15.350064392571346], [-54.067056924609815, -15.350028740285264], [-54.06703901944397, -15.350135696713698], [-54.067266662105816, -15.350171347373005], [-54.06728457779451, -15.350064392571346]]]}, "properties": {"bairro": "Jardins dos Ipes", "quadra": null, "numero_lote": null, "chave": "Jardins dos Ipes|?|?", "area_gis_m2": 297.36, "fonte": "g201.dxf"}}, {"type": "Feature", "geometry": {"type": "Polygon", "coordinates": [[[-54.067266662105816, -15.350171347373005], [-54.06703901944397, -15.350135696713698], [-54.06702111424995, -15.350242653136561], [-54.06724874638893, -15.350278302169126], [-54.067266662105816, -15.350171347373005]]]}, "properties": {"bairro": "Jardins dos Ipes", "quadra": null, "numero_lote": null, "chave": "Jardins dos Ipes|?|?", "area_gis_m2": 297.35, "fonte": "g201.dxf"}}, {"type": "Feature", "geometry": {"type": "Polygon", "coordinates": [[[-54.06724874638893, -15.350278302169126], [-54.06702111424995, -15.350242653136561], [-54.06700320902774, -15.350349609553911], [-54.06723083064385, -15.350385256959699], [-54.06724874638893, -15.350278302169126]]]}, "properties": {"bairro": "Jardins dos Ipes", "quadra": null, "numero_lote": null, "chave": "Jardins dos Ipes|?|?", "area_gis_m2": 297.33, "fonte": "g201.dxf"}}, {"type": "Feature", "geometry": {"type": "Polygon", "coordinates": [[[-54.06723083064385, -15.350385256959699], [-54.06700320902774, -15.350349609553911], [-54.066985303777365, -15.350456565965725], [-54.067212914870595, -15.350492211744761], [-54.06723083064385, -15.350385256959699]]]}, "properties": {"bairro": "Jardins dos Ipes", "quadra": null, "numero_lote": null, "chave": "Jardins dos Ipes|?|?", "area_gis_m2": 297.32, "fonte": "g201.dxf"}}, {"type": "Feature", "geometry": {"type": "Polygon", "coordinates": [[[-54.067212914870595, -15.350492211744761], [-54.066985303777365, -15.350456565965725], [-54.066967398498804, -15.35056352237201], [-54.067194999069145, -15.350599166524255], [-54.067212914870595, -15.350492211744761]]]}, "properties": {"bairro": "Jardins dos Ipes", "quadra": null, "numero_lote": null, "chave": "Jardins dos Ipes|?|?", "area_gis_m2": 297.31, "fonte": "g201.dxf"}}, {"type": "Feature", "geometry": {"type": "Polygon", "coordinates": [[[-54.067194999069145, -15.350599166524255], [-54.066967398498804, -15.35056352237201], [-54.06694949319206, -15.350670478772756], [-54.06717708323951, -15.35070612129823], [-54.067194999069145, -15.350599166524255]]]}, "properties": {"bairro": "Jardins dos Ipes", "quadra": null, "numero_lote": null, "chave": "Jardins dos Ipes|?|?", "area_gis_m2": 297.29, "fonte": "g201.dxf"}}, {"type": "Feature", "geometry": {"type": "Polygon", "coordinates": [[[-54.06717708323951, -15.35070612129823], [-54.06694949319206, -15.350670478772756], [-54.06693158785715, -15.350777435167975], [-54.06715916738169, -15.350813076066668], [-54.06717708323951, -15.35070612129823]]]}, "properties": {"bairro": "Jardins dos Ipes", "quadra": null, "numero_lote": null, "chave": "Jardins dos Ipes|?|?", "area_gis_m2": 297.28, "fonte": "g201.dxf"}}, {"type": "Feature", "geometry": {"type": "Polygon", "coordinates": [[[-54.06715916738169, -15.350813076066668], [-54.06693158785715, -15.350777435167975], [-54.066913682494054, -15.350884391557644], [-54.06714125149568, -15.35092003082957], [-54.06715916738169, -15.350813076066668]]]}, "properties": {"bairro": "Jardins dos Ipes", "quadra": null, "numero_lote": null, "chave": "Jardins dos Ipes|?|?", "area_gis_m2": 297.26, "fonte": "g201.dxf"}}, {"type": "Feature", "geometry": {"type": "Polygon", "coordinates": [[[-54.06714125149568, -15.35092003082957], [-54.066913682494054, -15.350884391557644], [-54.066895402426276, -15.35099358603926], [-54.06712284811761, -15.351029895655357], [-54.06714125149568, -15.35092003082957]]]}, "properties": {"bairro": "Jardins dos Ipes", "quadra": null, "numero_lote": null, "chave": "Jardins dos Ipes|?|?", "area_gis_m2": 304.4, "fonte": "g201.dxf"}}, {"type": "Feature", "geometry": {"type": "Polygon", "coordinates": [[[-54.066971009943344, -15.349681586433345], [-54.0667414395497, -15.349645037586546], [-54.06672281090969, -15.349756454176566], [-54.06695238141497, -15.349793003063095], [-54.066971009943344, -15.349681586433345]]]}, "properties": {"bairro": "Jardins dos Ipes", "quadra": null, "numero_lote": null, "chave": "Jardins dos Ipes|?|?", "area_gis_m2": 312.5, "fonte": "g201.dxf"}}, {"type": "Feature", "geometry": {"type": "Polygon", "coordinates": [[[-54.06695238141497, -15.349793003063095], [-54.06672281090969, -15.349756454176566], [-54.06670492738653, -15.349863414097301], [-54.066934497998986, -15.349899963021988], [-54.06695238141497, -15.349793003063095]]]}, "properties": {"bairro": "Jardins dos Ipes", "quadra": null, "numero_lote": null, "chave": "Jardins dos Ipes|?|?", "area_gis_m2": 300.0, "fonte": "g201.dxf"}}, {"type": "Feature", "geometry": {"type": "Polygon", "coordinates": [[[-54.066934497998986, -15.349899963021988], [-54.06670492738653, -15.349863414097301], [-54.066687043835216, -15.349970374012523], [-54.06691661455484, -15.350006922975368], [-54.066934497998986, -15.349899963021988]]]}, "properties": {"bairro": "Jardins dos Ipes", "quadra": null, "numero_lote": null, "chave": "Jardins dos Ipes|?|?", "area_gis_m2": 300.0, "fonte": "g201.dxf"}}, {"type": "Feature", "geometry": {"type": "Polygon", "coordinates": [[[-54.06691661455484, -15.350006922975368], [-54.066687043835216, -15.349970374012523], [-54.06666916025574, -15.350077333922252], [-54.06689873108254, -15.350113882923214], [-54.06691661455484, -15.350006922975368]]]}, "properties": {"bairro": "Jardins dos Ipes", "quadra": null, "numero_lote": null, "chave": "Jardins dos Ipes|?|?", "area_gis_m2": 300.0, "fonte": "g201.dxf"}}, {"type": "Feature", "geometry": {"type": "Polygon", "coordinates": [[[-54.06689873108254, -15.350113882923214], [-54.06666916025574, -15.350077333922252], [-54.06665127664811, -15.350184293826421], [-54.066880847582084, -15.350220842865525], [-54.06689873108254, -15.350113882923214]]]}, "properties": {"bairro": "Jardins dos Ipes", "quadra": null, "numero_lote": null, "chave": "Jardins dos Ipes|?|?", "area_gis_m2": 300.0, "fonte": "g201.dxf"}}, {"type": "Feature", "geometry": {"type": "Polygon", "coordinates": [[[-54.066880847582084, -15.350220842865525], [-54.06665127664811, -15.350184293826421], [-54.066633393012324, -15.350291253725064], [-54.06686296405348, -15.350327802802317], [-54.066880847582084, -15.350220842865525]]]}, "properties": {"bairro": "Jardins dos Ipes", "quadra": null, "numero_lote": null, "chave": "Jardins dos Ipes|?|?", "area_gis_m2": 300.0, "fonte": "g201.dxf"}}, {"type": "Feature", "geometry": {"type": "Polygon", "coordinates": [[[-54.06686296405348, -15.350327802802317], [-54.066633393012324, -15.350291253725064], [-54.066615509348374, -15.350398213618176], [-54.0668450804967, -15.350434762733578], [-54.06686296405348, -15.350327802802317]]]}, "properties": {"bairro": "Jardins dos Ipes", "quadra": null, "numero_lote": null, "chave": "Jardins dos Ipes|?|?", "area_gis_m2": 300.0, "fonte": "g201.dxf"}}, {"type": "Feature", "geometry": {"type": "Polygon", "coordinates": [[[-54.0668450804967, -15.350434762733578], [-54.066615509348374, -15.350398213618176], [-54.06659762565627, -15.35050517350578], [-54.066827196911774, -15.35054172265933], [-54.0668450804967, -15.350434762733578]]]}, "properties": {"bairro": "Jardins dos Ipes", "quadra": null, "numero_lote": null, "chave": "Jardins dos Ipes|?|?", "area_gis_m2": 300.0, "fonte": "g201.dxf"}}, {"type": "Feature", "geometry": {"type": "Polygon", "coordinates": [[[-54.066827196911774, -15.35054172265933], [-54.06659762565627, -15.35050517350578], [-54.066579741935996, -15.350612133387838], [-54.06680931329868, -15.350648682579532], [-54.066827196911774, -15.35054172265933]]]}, "properties": {"bairro": "Jardins dos Ipes", "quadra": null, "numero_lote": null, "chave": "Jardins dos Ipes|?|?", "area_gis_m2": 300.0, "fonte": "g201.dxf"}}, {"type": "Feature", "geometry": {"type": "Polygon", "coordinates": [[[-54.06680931329868, -15.350648682579532], [-54.066579741935996, -15.350612133387838], [-54.06656185818757, -15.350719093264377], [-54.06679142965743, -15.350755642494237], [-54.06680931329868, -15.350648682579532]]]}, "properties": {"bairro": "Jardins dos Ipes", "quadra": null, "numero_lote": null, "chave": "Jardins dos Ipes|?|?", "area_gis_m2": 300.0, "fonte": "g201.dxf"}}, {"type": "Feature", "geometry": {"type": "Polygon", "coordinates": [[[-54.06679142965743, -15.350755642494237], [-54.06656185818757, -15.350719093264377], [-54.06654397441098, -15.350826053135409], [-54.06677354598802, -15.35086260240339], [-54.06679142965743, -15.350755642494237]]]}, "properties": {"bairro": "Jardins dos Ipes", "quadra": null, "numero_lote": null, "chave": "Jardins dos Ipes|?|?", "area_gis_m2": 300.0, "fonte": "g201.dxf"}}, {"type": "Feature", "geometry": {"type": "Polygon", "coordinates": [[[-54.06677354598802, -15.35086260240339], [-54.06654397441098, -15.350826053135409], [-54.06652576369981, -15.350934968168657], [-54.0667552945695, -15.350971761593023], [-54.06677354598802, -15.35086260240339]]]}, "properties": {"bairro": "Jardins dos Ipes", "quadra": null, "numero_lote": null, "chave": "Jardins dos Ipes|?|?", "area_gis_m2": 305.83, "fonte": "g201.dxf"}}, {"type": "Feature", "geometry": {"type": "Polygon", "coordinates": [[[-54.067927508554924, -15.351295787291866], [-54.06769980251974, -15.351259849265277], [-54.06768184207629, -15.351366796978857], [-54.0679095454476, -15.351402734606149], [-54.067927508554924, -15.351295787291866]]]}, "properties": {"bairro": "Jardins dos Ipes", "quadra": null, "numero_lote": null, "chave": "Jardins dos Ipes|?|?", "area_gis_m2": 297.49, "fonte": "g201.dxf"}}, {"type": "Feature", "geometry": {"type": "Polygon", "coordinates": [[[-54.0679095454476, -15.351402734606149], [-54.06768184207629, -15.351366796978857], [-54.06766388160461, -15.351473744686876], [-54.06789158231204, -15.35150968191486], [-54.0679095454476, -15.351402734606149]]]}, "properties": {"bairro": "Jardins dos Ipes", "quadra": null, "numero_lote": null, "chave": "Jardins dos Ipes|?|?", "area_gis_m2": 297.49, "fonte": "g201.dxf"}}, {"type": "Feature", "geometry": {"type": "Polygon", "coordinates": [[[-54.06789158231204, -15.35150968191486], [-54.06766388160461, -15.351473744686876], [-54.067645921104706, -15.351580692389348], [-54.067873619148266, -15.351616629218013], [-54.06789158231204, -15.35150968191486]]]}, "properties": {"bairro": "Jardins dos Ipes", "quadra": null, "numero_lote": null, "chave": "Jardins dos Ipes|?|?", "area_gis_m2": 297.49, "fonte": "g201.dxf"}}, {"type": "Feature", "geometry": {"type": "Polygon", "coordinates": [[[-54.067873619148266, -15.351616629218013], [-54.067645921104706, -15.351580692389348], [-54.06762796057657, -15.351687640086263], [-54.06785565595625, -15.351723576515646], [-54.067873619148266, -15.351616629218013]]]}, "properties": {"bairro": "Jardins dos Ipes", "quadra": null, "numero_lote": null, "chave": "Jardins dos Ipes|?|?", "area_gis_m2": 297.48, "fonte": "g201.dxf"}}, {"type": "Feature", "geometry": {"type": "Polygon", "coordinates": [[[-54.06785565595625, -15.351723576515646], [-54.06762796057657, -15.351687640086263], [-54.06761000002021, -15.35179458777764], [-54.067837692736, -15.351830523807706], [-54.06785565595625, -15.351723576515646]]]}, "properties": {"bairro": "Jardins dos Ipes", "quadra": null, "numero_lote": null, "chave": "Jardins dos Ipes|?|?", "area_gis_m2": 297.48, "fonte": "g201.dxf"}}, {"type": "Feature", "geometry": {"type": "Polygon", "coordinates": [[[-54.067837692736, -15.351830523807706], [-54.06761000002021, -15.35179458777764], [-54.06759203943561, -15.351901535463448], [-54.06778992594525, -15.351932767305037], [-54.067824778771396, -15.35190740933257], [-54.067837692736, -15.351830523807706]]]}, "properties": {"bairro": "Jardins dos Ipes", "quadra": null, "numero_lote": null, "chave": "Jardins dos Ipes|?|?", "area_gis_m2": 292.0, "fonte": "g201.dxf"}}, {"type": "Feature", "geometry": {"type": "Polygon", "coordinates": [[[-54.06759203943561, -15.351901535463448], [-54.067574078822794, -15.352008483143699], [-54.0675598800391, -15.352093030635785], [-54.067778102559274, -15.351941369677565], [-54.06778992594524, -15.351932767305037], [-54.06759203943561, -15.351901535463448]]]}, "properties": {"bairro": "Jardins dos Ipes", "quadra": null, "numero_lote": null, "chave": "Jardins dos Ipes|?|?", "area_gis_m2": 231.96, "fonte": "g201.dxf"}}, {"type": "Feature", "geometry": {"type": "Polygon", "coordinates": [[[-54.06769980251974, -15.351259849265277], [-54.067470178778045, -15.3512236083325], [-54.067452218227366, -15.351330556007854], [-54.06768184207629, -15.351366796978857], [-54.06769980251974, -15.351259849265277]]]}, "properties": {"bairro": "Jardins dos Ipes", "quadra": null, "numero_lote": null, "chave": "Jardins dos Ipes|?|?", "area_gis_m2": 300.0, "fonte": "g201.dxf"}}, {"type": "Feature", "geometry": {"type": "Polygon", "coordinates": [[[-54.06768184207629, -15.351366796978857], [-54.067452218227366, -15.351330556007854], [-54.067434257648465, -15.351437503677626], [-54.06766388160461, -15.351473744686876], [-54.06768184207629, -15.351366796978857]]]}, "properties": {"bairro": "Jardins dos Ipes", "quadra": null, "numero_lote": null, "chave": "Jardins dos Ipes|?|?", "area_gis_m2": 300.0, "fonte": "g201.dxf"}}, {"type": "Feature", "geometry": {"type": "Polygon", "coordinates": [[[-54.06766388160461, -15.351473744686876], [-54.067434257648465, -15.351437503677626], [-54.06741629704133, -15.351544451341852], [-54.067645921104706, -15.351580692389348], [-54.06766388160461, -15.351473744686876]]]}, "properties": {"bairro": "Jardins dos Ipes", "quadra": null, "numero_lote": null, "chave": "Jardins dos Ipes|?|?", "area_gis_m2": 300.0, "fonte": "g201.dxf"}}, {"type": "Feature", "geometry": {"type": "Polygon", "coordinates": [[[-54.067645921104706, -15.351580692389348], [-54.06741629704133, -15.351544451341852], [-54.06739833640598, -15.351651399000529], [-54.06762796057657, -15.351687640086263], [-54.067645921104706, -15.351580692389348]]]}, "properties": {"bairro": "Jardins dos Ipes", "quadra": null, "numero_lote": null, "chave": "Jardins dos Ipes|?|?", "area_gis_m2": 300.0, "fonte": "g201.dxf"}}, {"type": "Feature", "geometry": {"type": "Polygon", "coordinates": [[[-54.06762796057657, -15.351687640086263], [-54.06739833640598, -15.351651399000529], [-54.067380375742374, -15.351758346653662], [-54.06761000002021, -15.35179458777764], [-54.06762796057657, -15.351687640086263]]]}, "properties": {"bairro": "Jardins dos Ipes", "quadra": null, "numero_lote": null, "chave": "Jardins dos Ipes|?|?", "area_gis_m2": 300.0, "fonte": "g201.dxf"}}, {"type": "Feature", "geometry": {"type": "Polygon", "coordinates": [[[-54.06761000002021, -15.35179458777764], [-54.06738037574238, -15.351758346653662], [-54.06736241505056, -15.351865294301248], [-54.06759203943561, -15.351901535463448], [-54.06761000002021, -15.35179458777764]]]}, "properties": {"bairro": "Jardins dos Ipes", "quadra": null, "numero_lote": null, "chave": "Jardins dos Ipes|?|?", "area_gis_m2": 300.0, "fonte": "g201.dxf"}}, {"type": "Feature", "geometry": {"type": "Polygon", "coordinates": [[[-54.06759203943561, -15.351901535463448], [-54.06736241505056, -15.351865294301248], [-54.0673444543305, -15.351972241943276], [-54.067574078822794, -15.352008483143699], [-54.06759203943561, -15.351901535463448]]]}, "properties": {"bairro": "Jardins dos Ipes", "quadra": null, "numero_lote": null, "chave": "Jardins dos Ipes|?|?", "area_gis_m2": 300.0, "fonte": "g201.dxf"}}, {"type": "Feature", "geometry": {"type": "Polygon", "coordinates": [[[-54.06757407882271, -15.352008483143683], [-54.067344454330424, -15.351972241943217], [-54.06730215796827, -15.352224096204466], [-54.06734037182771, -15.35224558464598], [-54.06755988003902, -15.352093030635693], [-54.06757407882271, -15.352008483143683]]]}, "properties": {"bairro": "Jardins dos Ipes", "quadra": null, "numero_lote": null, "chave": "Jardins dos Ipes|?|?", "area_gis_m2": 534.58, "fonte": "g201.dxf"}}, {"type": "Feature", "geometry": {"type": "Polygon", "coordinates": [[[-54.06733020161669, -15.351202019885385], [-54.06710065020561, -15.351165347990127], [-54.06707492861413, -15.35131855178913], [-54.067304480662806, -15.351355223816455], [-54.06733020161669, -15.351202019885385]]]}, "properties": {"bairro": "Jardins dos Ipes", "quadra": null, "numero_lote": null, "chave": "Jardins dos Ipes|?|?", "area_gis_m2": 429.75, "fonte": "g201.dxf"}}, {"type": "Feature", "geometry": {"type": "Polygon", "coordinates": [[[-54.0673044806628, -15.351355223816455], [-54.06707492861413, -15.35131855178913], [-54.067056972844114, -15.351425500332699], [-54.0672865253378, -15.351462172452694], [-54.0673044806628, -15.351355223816455]]]}, "properties": {"bairro": "Jardins dos Ipes", "quadra": null, "numero_lote": null, "chave": "Jardins dos Ipes|?|?", "area_gis_m2": 300.0, "fonte": "g201.dxf"}}, {"type": "Feature", "geometry": {"type": "Polygon", "coordinates": [[[-54.0672865253378, -15.351462172452694], [-54.06705697284403, -15.351425500333198], [-54.067039017045815, -15.351532448871064], [-54.06726856998457, -15.351569121083394], [-54.0672865253378, -15.351462172452694]]]}, "properties": {"bairro": "Jardins dos Ipes", "quadra": null, "numero_lote": null, "chave": "Jardins dos Ipes|?|?", "area_gis_m2": 300.0, "fonte": "g201.dxf"}}, {"type": "Feature", "geometry": {"type": "Polygon", "coordinates": [[[-54.06726856998457, -15.351569121083394], [-54.06703901704571, -15.351532448871659], [-54.06702106121916, -15.351639397404606], [-54.06725061460312, -15.351676069708537], [-54.06726856998457, -15.351569121083394]]]}, "properties": {"bairro": "Jardins dos Ipes", "quadra": null, "numero_lote": null, "chave": "Jardins dos Ipes|?|?", "area_gis_m2": 300.0, "fonte": "g201.dxf"}}, {"type": "Feature", "geometry": {"type": "Polygon", "coordinates": [[[-54.06725061460312, -15.351676069708537], [-54.06702106121916, -15.351639397404606], [-54.0670031053644, -15.351746345931927], [-54.06723265919344, -15.351783018328131], [-54.06725061460312, -15.351676069708537]]]}, "properties": {"bairro": "Jardins dos Ipes", "quadra": null, "numero_lote": null, "chave": "Jardins dos Ipes|?|?", "area_gis_m2": 300.0, "fonte": "g201.dxf"}}, {"type": "Feature", "geometry": {"type": "Polygon", "coordinates": [[[-54.06723265919344, -15.351783018328131], [-54.067003105364385, -15.351746345931979], [-54.06698514948139, -15.351853294453827], [-54.06721470375553, -15.351889966942158], [-54.06723265919344, -15.351783018328131]]]}, "properties": {"bairro": "Jardins dos Ipes", "quadra": null, "numero_lote": null, "chave": "Jardins dos Ipes|?|?", "area_gis_m2": 300.0, "fonte": "g201.dxf"}}, {"type": "Feature", "geometry": {"type": "Polygon", "coordinates": [[[-54.06717879279504, -15.35210386415358], [-54.06694923763076, -15.352067191480478], [-54.06692385368477, -15.352218382116073], [-54.067153520081966, -15.352254396131057], [-54.06717879279504, -15.35210386415358]]]}, "properties": {"bairro": "Jardins dos Ipes", "quadra": null, "numero_lote": null, "chave": "Jardins dos Ipes|?|?", "area_gis_m2": 423.19, "fonte": "g201.dxf"}}, {"type": "Feature", "geometry": {"type": "Polygon", "coordinates": [[[-54.06721470375553, -15.351889966942158], [-54.06698514948139, -15.351853294453827], [-54.06696719357016, -15.351960242970096], [-54.0671967482894, -15.351996915550648], [-54.06721470375553, -15.351889966942158]]]}, "properties": {"bairro": "Jardins dos Ipes", "quadra": null, "numero_lote": null, "chave": "Jardins dos Ipes|?|?", "area_gis_m2": 300.0, "fonte": "g201.dxf"}}, {"type": "Feature", "geometry": {"type": "Polygon", "coordinates": [[[-54.0671967482894, -15.351996915550648], [-54.06696719357016, -15.351960242970096], [-54.06694923763067, -15.35206719148099], [-54.06717879279504, -15.35210386415358], [-54.0671967482894, -15.351996915550648]]]}, "properties": {"bairro": "Jardins dos Ipes", "quadra": null, "numero_lote": null, "chave": "Jardins dos Ipes|?|?", "area_gis_m2": 300.0, "fonte": "g201.dxf"}}, {"type": "Feature", "geometry": {"type": "Polygon", "coordinates": [[[-54.06710065020561, -15.351165347990127], [-54.06687292989232, -15.351128968381538], [-54.06684725291365, -15.351282179277746], [-54.06707492861413, -15.35131855178913], [-54.06710065020561, -15.351165347990127]]]}, "properties": {"bairro": "Jardins dos Ipes", "quadra": null, "numero_lote": null, "chave": "Jardins dos Ipes|?|?", "area_gis_m2": 426.28, "fonte": "g201.dxf"}}, {"type": "Feature", "geometry": {"type": "Polygon", "coordinates": [[[-54.06707492861413, -15.35131855178913], [-54.06684725291365, -15.351282179277746], [-54.06682932828691, -15.35138913277621], [-54.067056972844114, -15.351425500332699], [-54.06707492861413, -15.35131855178913]]]}, "properties": {"bairro": "Jardins dos Ipes", "quadra": null, "numero_lote": null, "chave": "Jardins dos Ipes|?|?", "area_gis_m2": 297.53, "fonte": "g201.dxf"}}, {"type": "Feature", "geometry": {"type": "Polygon", "coordinates": [[[-54.06705697284403, -15.351425500333198], [-54.06682932828691, -15.35138913277621], [-54.06681140363196, -15.351496086269139], [-54.067039017045815, -15.351532448871064], [-54.06705697284403, -15.351425500333198]]]}, "properties": {"bairro": "Jardins dos Ipes", "quadra": null, "numero_lote": null, "chave": "Jardins dos Ipes|?|?", "area_gis_m2": 297.49, "fonte": "g201.dxf"}}, {"type": "Feature", "geometry": {"type": "Polygon", "coordinates": [[[-54.06703901704571, -15.351532448871659], [-54.06681140363196, -15.351496086269139], [-54.06679347894883, -15.351603039756487], [-54.06702106121916, -15.351639397404606], [-54.06703901704571, -15.351532448871659]]]}, "properties": {"bairro": "Jardins dos Ipes", "quadra": null, "numero_lote": null, "chave": "Jardins dos Ipes|?|?", "area_gis_m2": 297.45, "fonte": "g201.dxf"}}, {"type": "Feature", "geometry": {"type": "Polygon", "coordinates": [[[-54.06702106121916, -15.351639397404606], [-54.06679347894883, -15.351603039756487], [-54.066775554237495, -15.35170999323835], [-54.0670031053644, -15.351746345931927], [-54.06702106121916, -15.351639397404606]]]}, "properties": {"bairro": "Jardins dos Ipes", "quadra": null, "numero_lote": null, "chave": "Jardins dos Ipes|?|?", "area_gis_m2": 297.41, "fonte": "g201.dxf"}}, {"type": "Feature", "geometry": {"type": "Polygon", "coordinates": [[[-54.067003105364385, -15.351746345931979], [-54.066775554237495, -15.35170999323835], [-54.066757629497964, -15.351816946714656], [-54.06698514948139, -15.351853294453827], [-54.067003105364385, -15.351746345931979]]]}, "properties": {"bairro": "Jardins dos Ipes", "quadra": null, "numero_lote": null, "chave": "Jardins dos Ipes|?|?", "area_gis_m2": 297.37, "fonte": "g201.dxf"}}, {"type": "Feature", "geometry": {"type": "Polygon", "coordinates": [[[-54.06698514948139, -15.351853294453827], [-54.066757629497964, -15.351816946714656], [-54.06673970473023, -15.351923900185417], [-54.06696719357016, -15.351960242970096], [-54.06698514948139, -15.351853294453827]]]}, "properties": {"bairro": "Jardins dos Ipes", "quadra": null, "numero_lote": null, "chave": "Jardins dos Ipes|?|?", "area_gis_m2": 297.32, "fonte": "g201.dxf"}}, {"type": "Feature", "geometry": {"type": "Polygon", "coordinates": [[[-54.06696719357016, -15.351960242970096], [-54.06673970473023, -15.351923900185417], [-54.0667217799343, -15.352030853650637], [-54.066949237630695, -15.352067191480849], [-54.06696719357016, -15.351960242970096]]]}, "properties": {"bairro": "Jardins dos Ipes", "quadra": null, "numero_lote": null, "chave": "Jardins dos Ipes|?|?", "area_gis_m2": 297.28, "fonte": "g201.dxf"}}, {"type": "Feature", "geometry": {"type": "Polygon", "coordinates": [[[-54.06694923763076, -15.352067191480478], [-54.0667217799343, -15.352030853650637], [-54.06669633063115, -15.352182703959949], [-54.06692385368477, -15.352218382116073], [-54.06694923763076, -15.352067191480478]]]}, "properties": {"bairro": "Jardins dos Ipes", "quadra": null, "numero_lote": null, "chave": "Jardins dos Ipes|?|?", "area_gis_m2": 421.1, "fonte": "g201.dxf"}}, {"type": "Feature", "geometry": {"type": "Polygon", "coordinates": [[[-54.06673275990433, -15.351107623924596], [-54.06650318703361, -15.351071081332757], [-54.066477534541725, -15.35122429592522], [-54.06670710756597, -15.351260838571744], [-54.06673275990433, -15.351107623924596]]]}, "properties": {"bairro": "Jardins dos Ipes", "quadra": null, "numero_lote": null, "chave": "Jardins dos Ipes|?|?", "area_gis_m2": 429.75, "fonte": "g201.dxf"}}, {"type": "Feature", "geometry": {"type": "Polygon", "coordinates": [[[-54.06670710756597, -15.351260838571744], [-54.066477534541725, -15.35122429592522], [-54.06645962700875, -15.351331252004009], [-54.06668920014016, -15.351367794688683], [-54.06670710756597, -15.351260838571744]]]}, "properties": {"bairro": "Jardins dos Ipes", "quadra": null, "numero_lote": null, "chave": "Jardins dos Ipes|?|?", "area_gis_m2": 300.0, "fonte": "g201.dxf"}}, {"type": "Feature", "geometry": {"type": "Polygon", "coordinates": [[[-54.06668920014016, -15.351367794688683], [-54.06645962700875, -15.351331252004009], [-54.06644171944758, -15.351438208077223], [-54.066671292686166, -15.35147475080008], [-54.06668920014016, -15.351367794688683]]]}, "properties": {"bairro": "Jardins dos Ipes", "quadra": null, "numero_lote": null, "chave": "Jardins dos Ipes|?|?", "area_gis_m2": 300.0, "fonte": "g201.dxf"}}, {"type": "Feature", "geometry": {"type": "Polygon", "coordinates": [[[-54.066671292686166, -15.35147475080008], [-54.06644171944758, -15.351438208077223], [-54.066423811858236, -15.351545164144907], [-54.066653385204, -15.351581706905943], [-54.066671292686166, -15.35147475080008]]]}, "properties": {"bairro": "Jardins dos Ipes", "quadra": null, "numero_lote": null, "chave": "Jardins dos Ipes|?|?", "area_gis_m2": 300.0, "fonte": "g201.dxf"}}, {"type": "Feature", "geometry": {"type": "Polygon", "coordinates": [[[-54.066653385204, -15.351581706905943], [-54.066423811858236, -15.351545164144907], [-54.06640590424071, -15.351652120207078], [-54.06663547769365, -15.351688663006277], [-54.066653385204, -15.351581706905943]]]}, "properties": {"bairro": "Jardins dos Ipes", "quadra": null, "numero_lote": null, "chave": "Jardins dos Ipes|?|?", "area_gis_m2": 300.0, "fonte": "g201.dxf"}}, {"type": "Feature", "geometry": {"type": "Polygon", "coordinates": [[[-54.06663547769365, -15.351688663006277], [-54.06640590424071, -15.351652120207078], [-54.066387996595, -15.351759076263715], [-54.06661757015511, -15.351795619101077], [-54.06663547769365, -15.351688663006277]]]}, "properties": {"bairro": "Jardins dos Ipes", "quadra": null, "numero_lote": null, "chave": "Jardins dos Ipes|?|?", "area_gis_m2": 300.0, "fonte": "g201.dxf"}}, {"type": "Feature", "geometry": {"type": "Polygon", "coordinates": [[[-54.06661757015511, -15.351795619101077], [-54.066387996595, -15.351759076263715], [-54.066370088921104, -15.35186603231479], [-54.06659966258839, -15.351902575190344], [-54.06661757015511, -15.351795619101077]]]}, "properties": {"bairro": "Jardins dos Ipes", "quadra": null, "numero_lote": null, "chave": "Jardins dos Ipes|?|?", "area_gis_m2": 300.0, "fonte": "g201.dxf"}}, {"type": "Feature", "geometry": {"type": "Polygon", "coordinates": [[[-54.06659966258839, -15.351902575190344], [-54.066370088921104, -15.35186603231479], [-54.06635218121902, -15.351972988360323], [-54.066581754993486, -15.352009531274057], [-54.06659966258839, -15.351902575190344]]]}, "properties": {"bairro": "Jardins dos Ipes", "quadra": null, "numero_lote": null, "chave": "Jardins dos Ipes|?|?", "area_gis_m2": 300.0, "fonte": "g201.dxf"}}, {"type": "Feature", "geometry": {"type": "Polygon", "coordinates": [[[-54.066581754993486, -15.352009531274057], [-54.06635218121902, -15.351972988360323], [-54.066326963041014, -15.352123606865364], [-54.06655659407411, -15.352159808748699], [-54.066581754993486, -15.352009531274057]]]}, "properties": {"bairro": "Jardins dos Ipes", "quadra": null, "numero_lote": null, "chave": "Jardins dos Ipes|?|?", "area_gis_m2": 421.99, "fonte": "g201.dxf"}}, {"type": "Feature", "geometry": {"type": "Polygon", "coordinates": [[[-54.067082086937404, -15.352423798250687], [-54.06705580533821, -15.352377775960317], [-54.0666738859304, -15.35231770880233], [-54.06684092199917, -15.352589714204228], [-54.067082086937404, -15.352423798250687]]]}, "properties": {"bairro": "Jardins dos Ipes", "quadra": null, "numero_lote": null, "chave": "Jardins dos Ipes|?|?", "area_gis_m2": 650.43, "fonte": "g201.dxf"}}, {"type": "Feature", "geometry": {"type": "Polygon", "coordinates": [[[-54.066673885930406, -15.35231770880233], [-54.06659975670309, -15.352755629827216], [-54.06684092199917, -15.352589714204228], [-54.066673885930406, -15.35231770880233]]]}, "properties": {"bairro": "Jardins dos Ipes", "quadra": null, "numero_lote": null, "chave": "Jardins dos Ipes|?|?", "area_gis_m2": 555.24, "fonte": "g201.dxf"}}, {"type": "Feature", "geometry": {"type": "Polygon", "coordinates": [[[-54.066534127115034, -15.352295544798725], [-54.066304524923005, -15.352259169806912], [-54.06628661617605, -15.35236612558749], [-54.06651621847531, -15.35240250061751], [-54.066534127115034, -15.352295544798725]]]}, "properties": {"bairro": "Jardins dos Ipes", "quadra": null, "numero_lote": null, "chave": "Jardins dos Ipes|?|?", "area_gis_m2": 300.0, "fonte": "g201.dxf"}}, {"type": "Feature", "geometry": {"type": "Polygon", "coordinates": [[[-54.06651621847531, -15.35240250061751], [-54.06628661617605, -15.35236612558749], [-54.0662687074009, -15.352473081362563], [-54.066498309807386, -15.352509456430754], [-54.06651621847531, -15.35240250061751]]]}, "properties": {"bairro": "Jardins dos Ipes", "quadra": null, "numero_lote": null, "chave": "Jardins dos Ipes|?|?", "area_gis_m2": 300.0, "fonte": "g201.dxf"}}, {"type": "Feature", "geometry": {"type": "Polygon", "coordinates": [[[-54.066498309807386, -15.352509456430754], [-54.0662687074009, -15.352473081362563], [-54.06625079859758, -15.352580037132089], [-54.06648040111128, -15.352616412238444], [-54.066498309807386, -15.352509456430754]]]}, "properties": {"bairro": "Jardins dos Ipes", "quadra": null, "numero_lote": null, "chave": "Jardins dos Ipes|?|?", "area_gis_m2": 300.0, "fonte": "g201.dxf"}}, {"type": "Feature", "geometry": {"type": "Polygon", "coordinates": [[[-54.06648040111128, -15.352616412238444], [-54.06625079859758, -15.352580037132089], [-54.06623288976606, -15.352686992896054], [-54.066462492387, -15.352723368040607], [-54.06648040111128, -15.352616412238444]]]}, "properties": {"bairro": "Jardins dos Ipes", "quadra": null, "numero_lote": null, "chave": "Jardins dos Ipes|?|?", "area_gis_m2": 300.0, "fonte": "g201.dxf"}}, {"type": "Feature", "geometry": {"type": "Polygon", "coordinates": [[[-54.066462492387, -15.352723368040607], [-54.06623288976606, -15.352686992896054], [-54.06621498090636, -15.352793948654503], [-54.06644458363452, -15.352830323837239], [-54.066462492387, -15.352723368040607]]]}, "properties": {"bairro": "Jardins dos Ipes", "quadra": null, "numero_lote": null, "chave": "Jardins dos Ipes|?|?", "area_gis_m2": 300.0, "fonte": "g201.dxf"}}, {"type": "Feature", "geometry": {"type": "Polygon", "coordinates": [[[-54.06644458363452, -15.352830323837239], [-54.06621498090636, -15.352793948654503], [-54.06617190456507, -15.353051209589946], [-54.06643836942767, -15.352867436680041], [-54.06644458363452, -15.352830323837239]]]}, "properties": {"bairro": "Jardins dos Ipes", "quadra": null, "numero_lote": null, "chave": "Jardins dos Ipes|?|?", "area_gis_m2": 412.84, "fonte": "g201.dxf"}}, {"type": "Feature", "geometry": {"type": "Polygon", "coordinates": [[[-54.0675329175042, -15.352111769108067], [-54.067326493582215, -15.352079189579714], [-54.067302157968335, -15.352224096204434], [-54.06734037182782, -15.352245584646024], [-54.0675329175042, -15.352111769108067]]]}, "properties": {"bairro": "Jardins dos Ipes", "quadra": null, "numero_lote": null, "chave": "Jardins dos Ipes|?|?", "area_gis_m2": 237.75, "fonte": "g201.dxf"}}, {"type": "Feature", "geometry": {"type": "Polygon", "coordinates": [[[-54.0675740788227, -15.352008483143683], [-54.06734445433045, -15.351972241943193], [-54.06732649358212, -15.352079189579749], [-54.067532917504124, -15.352111769108035], [-54.06755988003902, -15.352093030635693], [-54.0675740788227, -15.352008483143683]]]}, "properties": {"bairro": "Jardins dos Ipes", "quadra": null, "numero_lote": null, "chave": "Jardins dos Ipes|?|?", "area_gis_m2": 296.83, "fonte": "g201.dxf"}}, {"type": "Feature", "geometry": {"type": "Polygon", "coordinates": [[[-54.066713872850116, -15.348403159701466], [-54.06694376512098, -15.34843778749824], [-54.066764452912096, -15.349509568104038], [-54.06653483209294, -15.3494733965381], [-54.0667138728499, -15.34840315970144], [-54.066713872850116, -15.348403159701466]]]}, "properties": {"bairro": "Jardins dos Ipes", "quadra": null, "numero_lote": null, "chave": "Jardins dos Ipes|?|?", "area_gis_m2": 3003.94, "fonte": "g201.dxf"}}, {"type": "Feature", "geometry": {"type": "Polygon", "coordinates": [[[-54.06674177919417, -15.349645091659962], [-54.06651222259222, -15.349608544766765], [-54.06629646654748, -15.350898211966538], [-54.066525969041415, -15.350935001084672], [-54.06674177919417, -15.349645091659962]]]}, "properties": {"bairro": "Jardins dos Ipes", "quadra": null, "numero_lote": null, "chave": "Jardins dos Ipes|?|?", "area_gis_m2": 3617.32, "fonte": "g201.dxf"}}, {"type": "Feature", "geometry": {"type": "Polygon", "coordinates": [[[-54.06632708143451, -15.352123741104396], [-54.066097473308396, -15.352087658212143], [-54.0662736582552, -15.351034545516953], [-54.066503201312614, -15.351071083605655], [-54.066327081434515, -15.352123741104396], [-54.06632708143451, -15.352123741104396]]]}, "properties": {"bairro": "Jardins dos Ipes", "quadra": null, "numero_lote": null, "chave": "Jardins dos Ipes|?|?", "area_gis_m2": 2952.72, "fonte": "g201.dxf"}}, {"type": "Feature", "geometry": {"type": "Polygon", "coordinates": [[[-54.06671005306906, -15.347580710286786], [-54.06625198680946, -15.347501218593681], [-54.066176372915024, -15.347953204792496], [-54.066635635391805, -15.348025551657667], [-54.06671005306906, -15.347580710286786], [-54.06671005306906, -15.347580710286786]]]}, "properties": {"bairro": "Jardins dos Ipes", "quadra": null, "numero_lote": null, "chave": "Jardins dos Ipes|?|?", "area_gis_m2": 2515.45, "fonte": "g201.dxf"}}, {"type": "Feature", "geometry": {"type": "Polygon", "coordinates": [[[-54.06603859426735, -15.34793150055885], [-54.06611456703251, -15.347477370913673], [-54.06565650144569, -15.347397878073393], [-54.065579332426275, -15.347859152533239], [-54.06603859426734, -15.34793150055885], [-54.06603859426735, -15.34793150055885]]]}, "properties": {"bairro": "Jardins dos Ipes", "quadra": null, "numero_lote": null, "chave": "Jardins dos Ipes|?|?", "area_gis_m2": 2567.56, "fonte": "g201.dxf"}}, {"type": "Feature", "geometry": {"type": "Polygon", "coordinates": [[[-54.06544155396931, -15.347837447951468], [-54.06551908187056, -15.347374030049242], [-54.06506101695658, -15.347294536061812], [-54.064982292764, -15.347765098765437], [-54.06544155396931, -15.347837447951468], [-54.06544155396931, -15.347837447951468]]]}, "properties": {"bairro": "Jardins dos Ipes", "quadra": null, "numero_lote": null, "chave": "Jardins dos Ipes|?|?", "area_gis_m2": 2619.67, "fonte": "g201.dxf"}}, {"type": "Feature", "geometry": {"type": "Polygon", "coordinates": [[[-54.06484451449777, -15.347743393835538], [-54.06492359758331, -15.347270687693502], [-54.064465533342194, -15.347191192558947], [-54.064385253928265, -15.347671043489138], [-54.06484451449777, -15.347743393835538], [-54.06484451449777, -15.347743393835538]]]}, "properties": {"bairro": "Jardins dos Ipes", "quadra": null, "numero_lote": null, "chave": "Jardins dos Ipes|?|?", "area_gis_m2": 2671.77, "fonte": "g201.dxf"}}, {"type": "Feature", "geometry": {"type": "Polygon", "coordinates": [[[-54.06424747585279, -15.347649338211149], [-54.0643281141708, -15.347167343846518], [-54.0638700506026, -15.347087847564858], [-54.06378821591914, -15.347576986704365], [-54.06424747585279, -15.347649338211149]]]}, "properties": {"bairro": "Jardins dos Ipes", "quadra": null, "numero_lote": null, "chave": "Jardins dos Ipes|?|?", "area_gis_m2": 2723.88, "fonte": "g201.dxf"}}, {"type": "Feature", "geometry": {"type": "Polygon", "coordinates": [[[-54.063226997715425, -15.354593852380429], [-54.06313465011072, -15.355145775587202], [-54.063802486488676, -15.35468451622332], [-54.063226997715425, -15.354593852380413], [-54.063226997715425, -15.354593852380429]]]}, "properties": {"bairro": "Jardins dos Ipes", "quadra": null, "numero_lote": null, "chave": "Jardins dos Ipes|?|?", "area_gis_m2": 1939.78, "fonte": "g201.dxf"}}, {"type": "Feature", "geometry": {"type": "Polygon", "coordinates": [[[-54.06319944126367, -15.35458951103455], [-54.063107093592535, -15.355141434217671], [-54.063107093592535, -15.355141434217671], [-54.06310685037375, -15.35514329154345], [-54.063106739946704, -15.355145160734827], [-54.06310676283888, -15.355147032863197], [-54.06310691894093, -15.355148898985917], [-54.0631072075072, -15.355150750189017], [-54.063107627159305, -15.355152577629813], [-54.06310817589266, -15.35515437257912], [-54.063108851086135, -15.355156126462953], [-54.063109649514516, -15.355157830903492], [-54.063110567363935, -15.355159477759077], [-54.06311160025008, -15.355161059163148], [-54.06311274323913, -15.355162567561749], [-54.06311399087134, -15.35516399574969], [-54.063115337187114, -15.355165336904887], [-54.063116775755475, -15.355166584621013], [-54.063118299704776, -15.355167732938067], [-54.06311990175553, -15.355168776370858], [-54.06312157425516, -15.355169709935188], [-54.0631233092146, -15.355170529171662], [-54.06312509834644, -15.355171230167011], [-54.06312693310446, -15.355171809572798], [-54.06312880472453, -15.355172264621315], [-54.06313070426643, -15.35517259313896], [-54.06313262265655, -15.35517279355647], [-54.063134550731284, -15.355172864916502], [-54.06313647928073, -15.355172806878189], [-54.06313839909272, -15.355172619718775], [-54.063140300996864, -15.35517230433226], [-54.063142175908254, -15.355171862225163], [-54.06314401487096, -15.355171295509312], [-54.063145809100746, -15.35517060689174], [-54.06314755002707, -15.355169799661804], [-54.06314922933401, -15.355168877675405], [-54.06315083899995, -15.355167845336638], [-54.06381867543073, -15.354706585931023], [-54.06381867543073, -15.354706585931023], [-54.063820215188635, -15.354705442241501], [-54.063821669415745, -15.354704197595979], [-54.06382303109625, -15.354702857999147], [-54.06382429366083, -15.354701429913812], [-54.06382545101833, -15.354699920229649], [-54.06382649758518, -15.354698336230014], [-54.063827428312294, -15.354696685556819], [-54.06382823870944, -15.35469497617358], [-54.06382892486693, -15.354693216327119], [-54.06382948347445, -15.354691414507665], [-54.06382991183704, -15.35468957940796], [-54.0638302078881, -15.354687719881312], [-54.06383037019937, -15.354685844898878], [-54.06383039798778, -15.354683963506346], [-54.063830291119274, -15.354682084780361], [-54.06383005010944, -15.354680217784697], [-54.06382967612101, -15.354678371526544], [-54.063829170958265, -15.354676554913016], [-54.06382853705833, -15.354674776708242], [-54.06382777747942, -15.354673045491023], [-54.06382689588605, -15.354671369613486], [-54.06382589653142, -15.354669757160782], [-54.06382478423683, -15.354668215912056], [-54.06382356436847, -15.354666753302954], [-54.06382224281151, -15.354665376389717], [-54.06382082594169, -15.354664091815158], [-54.0638193205946, -15.35466290577659], [-54.06381773403266, -15.354661823995993], [-54.06381607391013, -15.35466085169233], [-54.06381434823614, -15.35465999355638], [-54.06381256533607, -15.35465925372817], [-54.063810733811394, -15.354658635776941], [-54.06380886249815, -15.35465814268396], [-54.06380696042435, -15.3546577768281], [-54.063231471718325, -15.35456711300911], [-54.063231471718325, -15.35456711300911], [-54.063229580769786, -15.354566879081018], [-54.06322767777787, -15.354566770914879], [-54.06322577161518, -15.354566789015024], [-54.06322387116915, -15.354566933297052], [-54.063221985300515, -15.354567203088255], [-54.063220122802065, -15.354567597130753], [-54.06321829235763, -15.354568113587316], [-54.06321650250159, -15.354568750050007], [-54.063214761579054, -15.354569503551332], [-54.063213077707026, -15.35457037057811], [-54.063211458736475, -15.354571347087884], [-54.0632099122158, -15.354572428527717], [-54.063208445355585, -15.354573609855422], [-54.06320706499501, -15.354574885563112], [-54.06320577756996, -15.354576249702856], [-54.063204589083, -15.354577695914394], [-54.0632035050754, -15.354579217454834], [-54.06320253060131, -15.354580807230047], [-54.063201670204165, -15.354582457827778], [-54.06320092789556, -15.35458416155217], [-54.06320030713646, -15.354585910459676], [-54.06319981082115, -15.35458769639609], [-54.06319944126367, -15.35458951103455]]]}, "properties": {"bairro": "Jardins dos Ipes", "quadra": null, "numero_lote": null, "chave": "Jardins dos Ipes|?|?", "area_gis_m2": 2606.03, "fonte": "g201.dxf"}}, {"type": "Feature", "geometry": {"type": "Polygon", "coordinates": [[[-54.065152898667435, -15.35331006627227], [-54.064666069684996, -15.353233373295653], [-54.064666069684996, -15.353233373295653], [-54.064665134644045, -15.353233194002806], [-54.064664214392074, -15.353232953210094], [-54.064663313219704, -15.353232652040196], [-54.064662435328636, -15.353232291897326], [-54.06466158481199, -15.35323187446062], [-54.06466076563528, -15.353231401676368], [-54.06465998161788, -15.353230875748897], [-54.06465923641523, -15.353230299130354], [-54.064658533501834, -15.353229674509166], [-54.064657876154975, -15.353229004797619], [-54.064657267439514, -15.35322829311823], [-54.064656710193574, -15.353227542789158], [-54.06465620701528, -15.353226757308798], [-54.064655760250695, -15.35322594033942], [-54.06465537198282, -15.353225095690101], [-54.06465504402196, -15.353224227298998], [-54.0646547778972, -15.353223339214956], [-54.06465457484935, -15.353222435578619], [-54.064654435825105, -15.353221520603162], [-54.06465436147266, -15.353220598554632], [-54.06465435213868, -15.35321967373202], [-54.06465440786669, -15.353218750447308], [-54.06465452839685, -15.353217833005255], [-54.06465452839685, -15.353217833005248], [-54.06465452839685, -15.353217833005248], [-54.064654713167194, -15.353216925683395], [-54.064654961316236, -15.353216032712096], [-54.064655271686995, -15.353215158254795], [-54.06465564283238, -15.353214306388626], [-54.06465607302192, -15.353213481085364], [-54.06465656024991, -15.353212686192961], [-54.06465710224463, -15.353211925417577], [-54.06465769647907, -15.353211202306287], [-54.06465834018263, -15.353210520230583], [-54.064659030354065, -15.353209882370603], [-54.06465976377548, -15.353209291700352], [-54.06466053702733, -15.3532087509738], [-54.06466134650435, -15.353208262712071], [-54.064662188432386, -15.35320782919167], [-54.064663058886, -15.353207452433852], [-54.06466395380671, -15.35320713419526], [-54.06466486902199, -15.35320687595964], [-54.06466580026469, -15.353206678931032], [-54.06466674319293, -15.353206544028057], [-54.06466769341034, -15.353206471879698], [-54.064668646486574, -15.353206462822353], [-54.06466959797794, -15.353206516898256], [-54.06467054344815, -15.353206633855253], [-54.06515737237373, -15.353283326811615], [-54.06515737237373, -15.353283326811615], [-54.0651583074157, -15.353283506102517], [-54.065159227668836, -15.353283746893323], [-54.06516012884249, -15.35328404806136], [-54.06516100673499, -15.353284408202466], [-54.06516185725317, -15.353284825637472], [-54.065162676431555, -15.353285298420115], [-54.06516346045073, -15.353285824346065], [-54.06516420565524, -15.353286400963196], [-54.06516490857061, -15.353287025583088], [-54.06516556591951, -15.353287695293442], [-54.065166174637085, -15.353288406971787], [-54.06516673188521, -15.353289157299908], [-54.065167235065736, -15.35328994277948], [-54.065167681832605, -15.353290759748205], [-54.065168070102786, -15.35329160439701], [-54.06516839806597, -15.353292472787743], [-54.06516866419305, -15.353293360871563], [-54.06516886724322, -15.353294264507836], [-54.06516900626976, -15.353295179483357], [-54.06516908062447, -15.353296101532123], [-54.06516908996066, -15.353297026355103], [-54.06516903423482, -15.353297949640327], [-54.06516891370674, -15.353298867083046], [-54.06516891370674, -15.353298867083046], [-54.06516891370674, -15.353298867083046], [-54.06516872893841, -15.353299774405697], [-54.065168480791286, -15.353300667377933], [-54.065168170422346, -15.353301541836299], [-54.06516779927867, -15.353302393703654], [-54.0651673690907, -15.353303219008227], [-54.06516688186418, -15.353304013902044], [-54.06516633987078, -15.353304774678943], [-54.065165745637515, -15.353305497791846], [-54.06516510193498, -15.353306179869255], [-54.06516441176442, -15.353306817731017], [-54.06516367834372, -15.353307408403122], [-54.065162905092436, -15.353307949131576], [-54.06516209561582, -15.353308437395262], [-54.06516125368802, -15.35330887091767], [-54.06516038323449, -15.353309247677508], [-54.0651594883137, -15.353309565918154], [-54.065158573098174, -15.35330982415583], [-54.065157641855066, -15.353310021186507], [-54.06515669892628, -15.353310156091537], [-54.06515574870817, -15.353310228241924], [-54.0651547956311, -15.35331023730128], [-54.065153844138756, -15.353310183227352], [-54.065152898667435, -15.35331006627227]]]}, "properties": {"bairro": "Jardins dos Ipes", "quadra": null, "numero_lote": null, "chave": "Jardins dos Ipes|?|?", "area_gis_m2": 166.06, "fonte": "g201.dxf"}}, {"type": "Feature", "geometry": {"type": "Polygon", "coordinates": [[[-54.06455584433133, -15.353216008708817], [-54.06406901602305, -15.353139314501721], [-54.06406901602305, -15.353139314501721], [-54.06406808098348, -15.353139135206527], [-54.06406716073304, -15.353138894411533], [-54.06406625956237, -15.353138593239445], [-54.064065381673124, -15.353138233094459], [-54.064064531158444, -15.353137815655744], [-54.06406371198382, -15.353137342869589], [-54.06406292796861, -15.35313681694034], [-54.064062182768275, -15.353136240320124], [-54.064061479857266, -15.353135615697418], [-54.064060822512886, -15.353134945984493], [-54.064060213799976, -15.353134234303864], [-54.064059656556644, -15.353133483973718], [-54.064059153381, -15.353132698492432], [-54.06405870661909, -15.353131881522286], [-54.06405831835393, -15.35313103687238], [-54.06405799039578, -15.353130168480854], [-54.06405772427373, -15.353129280396539], [-54.06405752122857, -15.353128376760125], [-54.06405738220699, -15.353127461784764], [-54.06405730785717, -15.353126539736484], [-54.06405729852575, -15.35312561491431], [-54.06405735425626, -15.353124691630189], [-54.06405747478885, -15.353123774188907], [-54.06405747478885, -15.353123774188886], [-54.06405747478885, -15.353123774188886], [-54.06405765956153, -15.353122866867968], [-54.06405790771281, -15.353121973897752], [-54.0640582180857, -15.3531210994417], [-54.064058589233085, -15.35312024757691], [-54.064059019424505, -15.353119422275176], [-54.064059506654225, -15.35311862738444], [-54.06406004865053, -15.353117866610841], [-54.06406064288642, -15.353117143501459], [-54.06406128659125, -15.353116461427764], [-54.064061976763796, -15.353115823569905], [-54.06406271018615, -15.353115232901855], [-54.06406348343876, -15.35311469217759], [-54.06406429291637, -15.35311420391821], [-54.06406513484481, -15.353113770400208], [-54.06406600529863, -15.35311339364485], [-54.064066900219366, -15.353113075408741], [-54.0640678154345, -15.353112817175639], [-54.06406874667686, -15.353112620149556], [-54.06406968960457, -15.353112485249103], [-54.06407063982128, -15.353112413103261], [-54.06407159289663, -15.353112404048403], [-54.06407254438694, -15.353112458126752], [-54.064073489855936, -15.353112575086163], [-54.064560318107354, -15.35318926927299], [-54.064560318107354, -15.35318926927299], [-54.06456125314794, -15.35318944856623], [-54.064562173399544, -15.353189689359313], [-54.06456307457151, -15.353189990529566], [-54.06456395246218, -15.353190350672778], [-54.0645648029784, -15.353190768109794], [-54.064565622154696, -15.35319124089434], [-54.06456640617167, -15.35319176682207], [-54.064567151373886, -15.353192343440861], [-54.06456785428685, -15.353192968062277], [-54.06456851163328, -15.353193637774007], [-54.0645691203483, -15.353194349453577], [-54.06456967759382, -15.353195099782797], [-54.0645701807717, -15.35319588526329], [-54.064570627535886, -15.353196702232776], [-54.06457101580336, -15.353197546882177], [-54.06457134376383, -15.353198415273335], [-54.064571609888205, -15.353199303357417], [-54.064571812935675, -15.353200206993769], [-54.06457195195956, -15.353201121969207], [-54.064572026311644, -15.353202044017708], [-54.06457203564527, -15.353202968840254], [-54.06457197991692, -15.353203892124885], [-54.064571859386426, -15.353204809566837], [-54.064571859386426, -15.353204809566856], [-54.064571859386426, -15.353204809566856], [-54.064571674615756, -15.353205716888574], [-54.06457142646639, -15.353206609859724], [-54.06457111609532, -15.353207484316838], [-54.06457074494964, -15.353208336182822], [-54.0645703147598, -15.35320916148586], [-54.064569827531535, -15.353209956378013], [-54.06456928553654, -15.353210717153129], [-54.064568691301844, -15.353211440264124], [-54.06456804759804, -15.353212122339523], [-54.06456735742637, -15.353212760199163], [-54.06456662400473, -15.353213350869064], [-54.064565850752686, -15.353213891595239], [-54.064565041275486, -15.35321437985657], [-54.06456419934728, -15.353214813376573], [-54.064563328893534, -15.353215190133959], [-54.06456243397271, -15.35321550837212], [-54.06456151875734, -15.353215766607285], [-54.06456058751458, -15.353215963635426], [-54.06455964458632, -15.353216098537938], [-54.06455869436891, -15.353216170685808], [-54.06455774129272, -15.35321617974268], [-54.06455678980143, -15.353216125666298], [-54.06455584433133, -15.353216008708817]]]}, "properties": {"bairro": "Jardins dos Ipes", "quadra": null, "numero_lote": null, "chave": "Jardins dos Ipes|?|?", "area_gis_m2": 166.06, "fonte": "g201.dxf"}}, {"type": "Feature", "geometry": {"type": "Polygon", "coordinates": [[[-54.063958790822035, -15.353121949636291], [-54.06347196318797, -15.353045254198738], [-54.06347196318797, -15.353045254198738], [-54.06347102814979, -15.353045074901189], [-54.06347010790089, -15.353044834103919], [-54.0634692067319, -15.353044532929633], [-54.063468328844486, -15.353044172782532], [-54.063467478331766, -15.353043755341808], [-54.063466659159225, -15.35304328255375], [-54.06346587514622, -15.35304275662272], [-54.063465129948185, -15.353042180000845], [-54.06346442703958, -15.353041555376615], [-54.06346376969767, -15.353040885662312], [-54.06346316098731, -15.353040173980444], [-54.06346260374658, -15.353039423649205], [-54.06346210057359, -15.353038638167002], [-54.063461653814365, -15.353037821196095], [-54.06346126555191, -15.353036976545589], [-54.06346093759647, -15.353036108153637], [-54.06346067147713, -15.353035220069076], [-54.06346046843466, -15.353034316432566], [-54.06346032941575, -15.35303340145729], [-54.06346025506855, -15.353032479409272], [-54.063460245739705, -15.353031554587528], [-54.06346030147271, -15.35303063130402], [-54.06346042200772, -15.353029713863496], [-54.06346042200772, -15.35302971386348], [-54.06346042200772, -15.35302971386348], [-54.06346060678273, -15.353028806543488], [-54.06346085493625, -15.353027913574362], [-54.06346116531126, -15.353027039119544], [-54.06346153646065, -15.35302618725614], [-54.06346196665395, -15.353025361955938], [-54.06346245388541, -15.353024567066857], [-54.06346299588331, -15.353023806295047], [-54.06346359012063, -15.353023083187567], [-54.063464233826735, -15.353022401115888], [-54.06346492400039, -15.353021763260143], [-54.06346565742369, -15.353021172594293], [-54.06346643067706, -15.353020631872306], [-54.06346724015525, -15.353020143615275], [-54.063468082084086, -15.353019710099696], [-54.06346895253812, -15.353019333346792], [-54.0634698474589, -15.353019015113158], [-54.063470762673866, -15.353018756882578], [-54.06347169391589, -15.353018559859004], [-54.06347263684309, -15.353018424961077], [-54.06347358705909, -15.353018352817747], [-54.06347454013356, -15.353018343765372], [-54.063475491622825, -15.35301839784618], [-54.06347643709059, -15.353018514807987], [-54.06396326466779, -15.3530952102253], [-54.06396326466779, -15.3530952102253], [-54.063964199706994, -15.353095389520892], [-54.063965119957054, -15.35309563031626], [-54.063966021127335, -15.353095931488701], [-54.06396689901617, -15.353096291634024], [-54.063967749530434, -15.353096709073048], [-54.06396856870464, -15.353097181859495], [-54.06396935271941, -15.353097707789], [-54.06397009791932, -15.353098284409462], [-54.06397080082989, -15.353098909032388], [-54.06397145817384, -15.353099578745502], [-54.06397206688633, -15.35310029042631], [-54.06397262412924, -15.353101040756608], [-54.063973127304465, -15.353101826238023], [-54.06397357406597, -15.353102643208262], [-54.063973962330735, -15.353103487858261], [-54.06397429028849, -15.353104356249846], [-54.06397455641016, -15.353105244334182], [-54.063974759454936, -15.353106147970607], [-54.063974898476154, -15.353107062945968], [-54.06397497282561, -15.353107984994205], [-54.06397498215668, -15.353108909816314], [-54.063974926425836, -15.35310983310035], [-54.06397480589291, -15.35311075054153], [-54.06397480589291, -15.35311075054153], [-54.06397480589291, -15.35311075054153], [-54.06397462111991, -15.353111657862328], [-54.06397437296832, -15.353112550832382], [-54.06397406259512, -15.353113425288273], [-54.06397369144744, -15.35311427715286], [-54.06397326125572, -15.353115102454376], [-54.06397277402572, -15.353115897344868], [-54.06397223202914, -15.353116658118203], [-54.063971637793, -15.353117381227301], [-54.06397099408792, -15.353118063300684], [-54.06397030391514, -15.35311870115822], [-54.06396957049257, -15.353119291825914], [-54.06396879723976, -15.353119832549808], [-54.06396798776197, -15.353120320808797], [-54.06396714583337, -15.353120754326387], [-54.063966275379414, -15.353121131081322], [-54.063965380458555, -15.353121449317007], [-54.06396446524334, -15.353121707549658], [-54.06396353400091, -15.35312190457528], [-54.06396259107317, -15.353122039475261], [-54.06396164085646, -15.353122111620635], [-54.063960687781154, -15.353122120675012], [-54.06395973629091, -15.353122066596187], [-54.063958790822035, -15.353121949636291]]]}, "properties": {"bairro": "Jardins dos Ipes", "quadra": null, "numero_lote": null, "chave": "Jardins dos Ipes|?|?", "area_gis_m2": 166.06, "fonte": "g201.dxf"}}, {"type": "Feature", "geometry": {"type": "Polygon", "coordinates": [[[-54.06337775322626, -15.353016690007195], [-54.06337775322626, -15.353016690007179], [-54.06337775322626, -15.353016690007179], [-54.06337787376161, -15.353015772566767], [-54.06337792949496, -15.353014849283328], [-54.06337792016646, -15.353013924461644], [-54.06337784581962, -15.353013002413674], [-54.06337770680107, -15.353012087438405], [-54.06337750375898, -15.353011183801891], [-54.063377237640026, -15.353010295717297], [-54.063376909684976, -15.35300942732529], [-54.06337652142292, -15.353008582674695], [-54.063376074664106, -15.3530077657037], [-54.063375571491534, -15.353006980221355], [-54.06337501425122, -15.35300622988997], [-54.06337440554128, -15.353005518207938], [-54.06337374819981, -15.353004848493434], [-54.063373045291634, -15.35300422386898], [-54.063372300094024, -15.353003647246867], [-54.063371516081446, -15.35300312131557], [-54.063370696909324, -15.35300264852723], [-54.06336984639703, -15.35300223108619], [-54.06336896851003, -15.353001870938758], [-54.06336806734143, -15.353001569764125], [-54.06336714709291, -15.35300132896648], [-54.063366212055094, -15.353001149668534], [-54.0628793851522, -15.35292445302081], [-54.0628793851522, -15.35292445302081], [-54.06287843968565, -15.35292433605659], [-54.062877488197444, -15.352924281973337], [-54.062876535123856, -15.352924291023227], [-54.062875584908554, -15.352924363164044], [-54.06287464198188, -15.35292449805945], [-54.06287371074019, -15.352924695080493], [-54.06287279552537, -15.352924953308568], [-54.06287190060457, -15.352925271539707], [-54.06287103015032, -15.352925648290162], [-54.062870188221076, -15.352926081803336], [-54.062869378742306, -15.352926570058017], [-54.06286860548818, -15.352927110777722], [-54.06286787206395, -15.35292770144137], [-54.062867181889175, -15.352928339295001], [-54.06286653818179, -15.352929021364673], [-54.06286594394304, -15.352929744470249], [-54.06286540194354, -15.35293050524027], [-54.06286491471035, -15.352931300127684], [-54.062864484515174, -15.35293212542636], [-54.06286411336378, -15.352932977288377], [-54.06286380298665, -15.35293385174195], [-54.0628635548309, -15.352934744709994], [-54.06286337005355, -15.352935652029064], [-54.06286337005354, -15.352935652029064], [-54.06286337005354, -15.352935652029064], [-54.06286324951611, -15.352936569468818], [-54.06286319378061, -15.352937492751725], [-54.06286320310688, -15.352938417573041], [-54.062863277451456, -15.352939339620798], [-54.062863416467714, -15.352940254595984], [-54.06286361950749, -15.352941158232577], [-54.06286388562411, -15.352942046317388], [-54.06286421357683, -15.352942914709773], [-54.06286460183659, -15.352943759360873], [-54.062865048593125, -15.352944576332543], [-54.062865551763466, -15.35294536181568], [-54.0628661090016, -15.352946112147984], [-54.062866717709404, -15.352946823831092], [-54.06286737504884, -15.352947493546779], [-54.06286807795505, -15.352948118172534], [-54.06286882315078, -15.352948694796066], [-54.06286960716159, -15.352949220728876], [-54.06287042633205, -15.352949693518832], [-54.062871276842806, -15.352950110961567], [-54.06287215472839, -15.352950471110777], [-54.062873055895686, -15.352950772287263], [-54.062873976143045, -15.35295101308681], [-54.06287491117985, -15.35295119238671], [-54.0633617381396, -15.35302788905468], [-54.0633617381396, -15.35302788905468], [-54.06336268360725, -15.353028006016983], [-54.06336363509644, -15.353028060098264], [-54.06336458817087, -15.35302805104637], [-54.063365538386876, -15.353027978903516], [-54.0633664813141, -15.353027844006052], [-54.06336741255618, -15.35302764698295], [-54.063368327771244, -15.353027388752816], [-54.06336922269213, -15.353027070519627], [-54.063370093146304, -15.353026693767143], [-54.06337093507531, -15.353026260251964], [-54.06337174455368, -15.35302577199533], [-54.06337251780725, -15.353025231273714], [-54.063373251230765, -15.353024640608215], [-54.06337394140465, -15.353024002752797], [-54.063374585111006, -15.353023320681427], [-54.06337517934858, -15.35302259757424], [-54.06337572134676, -15.353021836802691], [-54.06337620857849, -15.353021041913859], [-54.063376638772084, -15.353020216613874], [-54.06337700992177, -15.353019364750674], [-54.063377320297086, -15.353018490296034], [-54.063377568450925, -15.35301759732706], [-54.06337775322626, -15.353016690007195]]]}, "properties": {"bairro": "Jardins dos Ipes", "quadra": null, "numero_lote": null, "chave": "Jardins dos Ipes|?|?", "area_gis_m2": 166.06, "fonte": "g201.dxf"}}, {"type": "Feature", "geometry": {"type": "Polygon", "coordinates": [[[-54.06570861685139, -15.353397610429798], [-54.06526312417373, -15.3533274305805], [-54.06526312417373, -15.3533274305805], [-54.0652621891314, -15.353327251289992], [-54.06526126887789, -15.353327010499557], [-54.06526036770383, -15.353326709331855], [-54.065259489810934, -15.3533263491911], [-54.06525863929233, -15.353325931756405], [-54.06525782011353, -15.353325458974048], [-54.065257036093925, -15.353324933048365], [-54.06525629088898, -15.353324356431475], [-54.06525558797318, -15.353323731811807], [-54.06525493062385, -15.353323062101653], [-54.06525432190585, -15.353322350423491], [-54.06525376465731, -15.353321600095507], [-54.065253261476364, -15.353320814616067], [-54.06525281470909, -15.353319997647446], [-54.06525242643851, -15.353319152998735], [-54.06525209847493, -15.35331828460805], [-54.06525183234746, -15.353317396524266], [-54.06525162929692, -15.353316492888009], [-54.065251490270015, -15.353315577912468], [-54.06525141591494, -15.353314655863665], [-54.0652514065784, -15.353313731040629], [-54.065251462303905, -15.353312807755314], [-54.065251582831635, -15.353311890312497], [-54.06525158283164, -15.353311890312488], [-54.06525158283164, -15.353311890312488], [-54.06525176759965, -15.353310982989713], [-54.06525201574646, -15.35331009001733], [-54.06525232611509, -15.353309215558793], [-54.06525269725847, -15.353308363691225], [-54.06525312744615, -15.35330753838644], [-54.065253614672386, -15.35330674349238], [-54.06525415666552, -15.353305982715202], [-54.065254750898525, -15.353305259602015], [-54.06525539460081, -15.3533045775243], [-54.065256084771136, -15.353303939662206], [-54.065256818191614, -15.353303348989753], [-54.0652575914427, -15.353302808260922], [-54.06525840091914, -15.35330231999685], [-54.06525924284678, -15.353301886474034], [-54.06526011330016, -15.353301509713765], [-54.065261008220844, -15.353301191472681], [-54.065261923436275, -15.353300933234555], [-54.06526285467932, -15.353300736203426], [-54.065263797608075, -15.353300601297924], [-54.06526474782619, -15.353300529147058], [-54.0652657009033, -15.353300520087235], [-54.06526665239572, -15.353300574160668], [-54.065267597867155, -15.353300691115269], [-54.065713090492785, -15.353370870946065], [-54.065713090492785, -15.353370870946065], [-54.065714044697934, -15.353371054587239], [-54.065714983404675, -15.353371302271608], [-54.06571590205385, -15.353371612796188], [-54.0657167961837, -15.353371984652815], [-54.06571766145154, -15.353372416035421], [-54.06571849365487, -15.353372904848834], [-54.06571928875181, -15.353373448718965], [-54.06572004288064, -15.3533740450043], [-54.06572075237869, -15.353374690808758], [-54.0657214138, -15.353375382995745], [-54.06572202393214, -15.353376118203405], [-54.065722579811776, -15.353376892860929], [-54.06572307873906, -15.353377703205895], [-54.06572351829078, -15.35337854530258], [-54.06572389633208, -15.353379415061017], [-54.06572421102686, -15.3533803082569], [-54.0657244608467, -15.3533812205521], [-54.065724644578246, -15.353382147515712], [-54.06572476132914, -15.353383084645602], [-54.06572481053234, -15.35338402739024], [-54.06572479194886, -15.353384971170838], [-54.06572470566896, -15.353385911403576], [-54.0657245521117, -15.353386843521866], [-54.06572433202288, -15.353387762998528], [-54.065724046471445, -15.353388665367783], [-54.06572369684427, -15.353389546246937], [-54.06572328483947, -15.353390401357672], [-54.065722812458084, -15.353391226546833], [-54.065722281994404, -15.353392017806566], [-54.06572169602483, -15.353392771293857], [-54.065721057395336, -15.353393483349066], [-54.065720369207675, -15.353394150513873], [-54.06571963480427, -15.353394769547934], [-54.06571885775203, -15.353395337444674], [-54.065718857752024, -15.353395337444674], [-54.065718857752024, -15.353395337444674], [-54.06571810638739, -15.353395813579658], [-54.06571732504602, -15.35339624188187], [-54.06571651695734, -15.353396620581044], [-54.0657156854613, -15.353396948111962], [-54.065714833994626, -15.353397223120876], [-54.06571396607659, -15.35339744447112], [-54.06571308529444, -15.353397611247818], [-54.065712195288604, -15.353397722761665], [-54.065711299737636, -15.35339777855174], [-54.065710402343, -15.353397778387455], [-54.065709506813796, -15.35339772226949], [-54.06570861685139, -15.353397610429798]]]}, "properties": {"bairro": "Jardins dos Ipes", "quadra": null, "numero_lote": null, "chave": "Jardins dos Ipes|?|?", "area_gis_m2": 152.56, "fonte": "g201.dxf"}}, {"type": "Feature", "geometry": {"type": "Polygon", "coordinates": [[[-54.063226997715425, -15.354593852380429], [-54.06320910168623, -15.354700809862177], [-54.063191205628854, -15.354807767338405], [-54.06317330954328, -15.35491472480909], [-54.06313465011072, -15.355145775587202], [-54.06340113716043, -15.354961719588786], [-54.06367306636327, -15.354773904101018], [-54.063802486488676, -15.35468451622334], [-54.063456634881945, -15.354630030137587], [-54.063226997715425, -15.354593852380429]]]}, "properties": {"bairro": "Jardins dos Ipes", "quadra": null, "numero_lote": null, "chave": "Jardins dos Ipes|?|?", "area_gis_m2": 1939.78, "fonte": "g201.dxf"}}, {"type": "Feature", "geometry": {"type": "Polygon", "coordinates": [[[-54.06630442532545, -15.352259154028001], [-54.066286530015596, -15.352366112013758], [-54.066268634691724, -15.352473069907933], [-54.06625073934836, -15.352580027745395], [-54.066232843966326, -15.35268698564013], [-54.066214948556215, -15.352793943529354], [-54.066197053117804, -15.352900901413015], [-54.06617244684392, -15.35304796849401], [-54.06617190456507, -15.353051209589946], [-54.06590553470327, -15.353234916275051], [-54.06594289602445, -15.35301160124223], [-54.06596750078472, -15.35286453395055], [-54.06598539512238, -15.35275757591367], [-54.06600328943186, -15.352650617871223], [-54.066021183713154, -15.352543659823343], [-54.06603907796628, -15.352436701769859], [-54.06605697219124, -15.352329743710834], [-54.066074866388036, -15.352222785646232], [-54.06630442532545, -15.352259154028001]]]}, "properties": {"bairro": "Jardins dos Ipes", "quadra": null, "numero_lote": null, "chave": "Jardins dos Ipes|?|?", "area_gis_m2": 2529.7, "fonte": "g201.dxf"}}, {"type": "Feature", "geometry": {"type": "Polygon", "coordinates": [[[-54.06632708143451, -15.352123741104396], [-54.066097473308396, -15.352087658212143], [-54.066122767051766, -15.351936470610072], [-54.066140661162194, -15.35182951242214], [-54.066158555244456, -15.351722554228731], [-54.06617644929855, -15.351615596029687], [-54.06619434332448, -15.35150863782512], [-54.06621223732222, -15.3514016796151], [-54.06623013129181, -15.35129472139948], [-54.06624802523322, -15.351187763178322], [-54.0662736582552, -15.351034545516953], [-54.06650320131261, -15.351071083605675], [-54.06647756671398, -15.351224301046308], [-54.06645967167193, -15.351331259113328], [-54.066441776601714, -15.35143821717486], [-54.06642388150334, -15.351545175230846], [-54.06640598637678, -15.351652133281279], [-54.06638809122205, -15.351759091326207], [-54.06637019603915, -15.351866049365592], [-54.06635230082807, -15.351973007399415], [-54.06632708143451, -15.352123741104396]]]}, "properties": {"bairro": "Jardins dos Ipes", "quadra": null, "numero_lote": null, "chave": "Jardins dos Ipes|?|?", "area_gis_m2": 2952.72, "fonte": "g201.dxf"}}, {"type": "Feature", "geometry": {"type": "Polygon", "coordinates": [[[-54.06674177919417, -15.349645091659962], [-54.06672313895718, -15.349756506403693], [-54.06670524430082, -15.349863464552003], [-54.0666873496162, -15.349970422694774], [-54.06666945490359, -15.350077380832017], [-54.06665156016272, -15.350184338963755], [-54.06663366539368, -15.350291297089928], [-54.06661577059648, -15.350398255210582], [-54.0665978757711, -15.350505213325727], [-54.06657998091755, -15.350612171435312], [-54.06656208603584, -15.350719129539396], [-54.06654419112595, -15.350826087637916], [-54.066525969041415, -15.350935001084672], [-54.06629646654748, -15.350898211966538], [-54.06631464667665, -15.350789542446574], [-54.06633254048591, -15.350682584193912], [-54.066350434266994, -15.350575625935711], [-54.06636832801991, -15.350468667671963], [-54.06638622174467, -15.350361709402668], [-54.066404115441244, -15.350254751127931], [-54.06642200910965, -15.35014779284762], [-54.0664399027499, -15.35004083456177], [-54.066457796361966, -15.349933876270383], [-54.06647568994587, -15.349826917973488], [-54.06649358350161, -15.34971995967103], [-54.06651222259222, -15.349608544766765], [-54.06674177919417, -15.349645091659962]]]}, "properties": {"bairro": "Jardins dos Ipes", "quadra": null, "numero_lote": null, "chave": "Jardins dos Ipes|?|?", "area_gis_m2": 3617.32, "fonte": "g201.dxf"}}, {"type": "Feature", "geometry": {"type": "Polygon", "coordinates": [[[-54.066713872850116, -15.348403159701466], [-54.06694376512098, -15.34843778749824], [-54.06692587040508, -15.348544748146429], [-54.06690797566111, -15.348651708788436], [-54.066890080888975, -15.348758669424917], [-54.06687218608866, -15.348865630055885], [-54.066854291260206, -15.34897259068128], [-54.06683639640356, -15.34907955130118], [-54.06681850151875, -15.349186511915539], [-54.066800606605774, -15.349293472524366], [-54.06678271175379, -15.34940043314112], [-54.066764452912096, -15.349509568104038], [-54.06653483209295, -15.34947339653812], [-54.066552830983035, -15.349365806877632], [-54.06657072463647, -15.349258846102334], [-54.06658861826174, -15.34915188532156], [-54.066606511858836, -15.349044924535283], [-54.06662440542777, -15.34893796374346], [-54.06664229896852, -15.34883100294621], [-54.066660192481116, -15.348724042143255], [-54.06667808596555, -15.348617081334876], [-54.0666959794218, -15.348510120520919], [-54.066713872850116, -15.348403159701466]]]}, "properties": {"bairro": "Jardins dos Ipes", "quadra": null, "numero_lote": null, "chave": "Jardins dos Ipes|?|?", "area_gis_m2": 3003.94, "fonte": "g201.dxf"}}, {"type": "Feature", "geometry": {"type": "Polygon", "coordinates": [[[-54.064247475852795, -15.347649338211149], [-54.0643281141708, -15.347167343846518], [-54.064099082321995, -15.347127595816], [-54.0638700506026, -15.347087847564858], [-54.06378821591914, -15.34757698670438], [-54.06401784582482, -15.34761316256934], [-54.064247475852795, -15.347649338211149]]]}, "properties": {"bairro": "Jardins dos Ipes", "quadra": null, "numero_lote": null, "chave": "Jardins dos Ipes|?|?", "area_gis_m2": 2723.88, "fonte": "g201.dxf"}}, {"type": "Feature", "geometry": {"type": "Polygon", "coordinates": [[[-54.06484451449777, -15.347743393835538], [-54.06492359758331, -15.34727068769348], [-54.06469456539805, -15.34723094023651], [-54.064465533342194, -15.347191192558938], [-54.064385253928265, -15.347671043489138], [-54.06461488415189, -15.34770721877392], [-54.06484451449777, -15.347743393835538]]]}, "properties": {"bairro": "Jardins dos Ipes", "quadra": null, "numero_lote": null, "chave": "Jardins dos Ipes|?|?", "area_gis_m2": 2671.77, "fonte": "g201.dxf"}}, {"type": "Feature", "geometry": {"type": "Polygon", "coordinates": [[[-54.065441553969315, -15.347837447951468], [-54.06551908187056, -15.347374030049242], [-54.065290049348874, -15.347334283165809], [-54.06506101695658, -15.347294536061812], [-54.064982292764, -15.347765098765437], [-54.065211923305526, -15.34780127347002], [-54.065441553969315, -15.347837447951468]]]}, "properties": {"bairro": "Jardins dos Ipes", "quadra": null, "numero_lote": null, "chave": "Jardins dos Ipes|?|?", "area_gis_m2": 2619.67, "fonte": "g201.dxf"}}, {"type": "Feature", "geometry": {"type": "Polygon", "coordinates": [[[-54.06603859426734, -15.34793150055884], [-54.06611456703251, -15.347477370913673], [-54.065885534174406, -15.34743762460384], [-54.06565650144568, -15.347397878073393], [-54.065579332426275, -15.347859152533239], [-54.06580896328568, -15.347895326657616], [-54.06603859426734, -15.34793150055884]]]}, "properties": {"bairro": "Jardins dos Ipes", "quadra": null, "numero_lote": null, "chave": "Jardins dos Ipes|?|?", "area_gis_m2": 2567.56, "fonte": "g201.dxf"}}, {"type": "Feature", "geometry": {"type": "Polygon", "coordinates": [[[-54.066710053069066, -15.347580710286786], [-54.06648101987457, -15.34754096455054], [-54.06625198680946, -15.347501218593681], [-54.066176372915024, -15.347953204792496], [-54.066406004092286, -15.34798937833667], [-54.066635635391805, -15.348025551657656], [-54.066710053069066, -15.347580710286786]]]}, "properties": {"bairro": "Jardins dos Ipes", "quadra": null, "numero_lote": null, "chave": "Jardins dos Ipes|?|?", "area_gis_m2": 2515.45, "fonte": "g201.dxf"}}, {"type": "Feature", "geometry": {"type": "Polygon", "coordinates": [[[-54.06337775322626, -15.353016690007195], [-54.06337787770386, -15.353015730693619], [-54.06337793133694, -15.353014765207394], [-54.063377913852236, -15.353013798468405], [-54.063377825338826, -15.35301283540292], [-54.06337766624777, -15.353011880918487], [-54.06337743738974, -15.353010939878994], [-54.063377139930964, -15.353010017079706], [-54.06337677538721, -15.353009117223008], [-54.063376345616135, -15.353008244894362], [-54.063375852807724, -15.353007404538987], [-54.063375299473236, -15.353006600439107], [-54.06337468843233, -15.353005836692276], [-54.06337402279873, -15.35300511719029], [-54.06337330596436, -15.353004445599646], [-54.06337254158204, -15.353003825342554], [-54.06337173354688, -15.353003259579769], [-54.06337088597645, -15.353002751194234], [-54.06337000318977, -15.353002302776567], [-54.063369089685324, -15.353001916611833], [-54.06336815011811, -15.353001594667811], [-54.06336718927596, -15.353001338585083], [-54.063366212055094, -15.353001149668534], [-54.063366212055094, -15.353001149668534], [-54.0628793851522, -15.352924453020792], [-54.06287839653336, -15.352924332231101], [-54.062877401553116, -15.352924280185757], [-54.062876405281685, -15.352924297149968], [-54.06287541279582, -15.352924383037307], [-54.062874429153, -15.352924537410093], [-54.06287345936564, -15.352924759481716], [-54.06287250837558, -15.352925048120488], [-54.06287158102881, -15.352925401855623], [-54.0628706820509, -15.352925818884529], [-54.062869816022825, -15.352926297082155], [-54.06286898735767, -15.352926834011706], [-54.06286820027811, -15.352927426937093], [-54.06286745879494, -15.352928072836947], [-54.062866766686575, -15.352928768419863], [-54.062866127479836, -15.352929510141335], [-54.06286554443199, -15.352930294221729], [-54.06286502051411, -15.352931116665527], [-54.06286455839595, -15.352931973281772], [-54.062864160432376, -15.352932859705307], [-54.0628638286513, -15.352933771419181], [-54.062863564743424, -15.352934703777457], [-54.06286337005355, -15.352935652029064], [-54.06286337005355, -15.352935652029064], [-54.06286324557377, -15.352936611341924], [-54.06286319193842, -15.352937576827623], [-54.062863209420804, -15.352938543566246], [-54.06286329793184, -15.352939506631555], [-54.0628634570205, -15.352940461115917], [-54.062863685876096, -15.352941402155537], [-54.06286398333244, -15.35294232495512], [-54.06286434787376, -15.352943224812226], [-54.062864777642446, -15.352944097141476], [-54.0628652704485, -15.352944937497588], [-54.06286582378067, -15.352945741598354], [-54.06286643481932, -15.352946505346283], [-54.06286710045075, -15.35294722484942], [-54.06286781728303, -15.352947896441384], [-54.062868581663366, -15.352948516699891], [-54.06286938969664, -15.352949082464267], [-54.0628702372653, -15.352949590851455], [-54.06287112005034, -15.352950039270878], [-54.062872033553276, -15.352950425437454], [-54.06287297311913, -15.352950747383396], [-54.062873933960056, -15.35295100346812], [-54.06287491117985, -15.35295119238671], [-54.06287491117985, -15.35295119238671], [-54.0633617381396, -15.353027889054696], [-54.0633627267596, -15.353028009842372], [-54.06336372174085, -15.35302806188566], [-54.063364718013155, -15.353028044919322], [-54.063365710499724, -15.353027959029879], [-54.06336669414308, -15.353027804654934], [-54.063367663930805, -15.353027582581165], [-54.06336861492108, -15.353027293940231], [-54.06336954226788, -15.353026940202982], [-54.06337044124564, -15.353026523171938], [-54.06337130727339, -15.353026044972244], [-54.06337213593805, -15.353025508040675], [-54.063372923016935, -15.353024915113316], [-54.06337366449927, -15.353024269211591], [-54.063374356606616, -15.353023573626853], [-54.06337499581217, -15.353022831903646], [-54.06337557885868, -15.353022047821648], [-54.06337610277508, -15.353021225376338], [-54.063376564891605, -15.353020368758697], [-54.06337696285342, -15.353019482333881], [-54.06337729463261, -15.3530185706189], [-54.06337755853849, -15.353017638259656], [-54.06337775322626, -15.353016690007195], [-54.06337775322626, -15.353016690007195]]]}, "properties": {"bairro": "Jardins dos Ipes", "quadra": null, "numero_lote": null, "chave": "Jardins dos Ipes|?|?", "area_gis_m2": 166.06, "fonte": "g201.dxf"}}, {"type": "Feature", "geometry": {"type": "Polygon", "coordinates": [[[-54.063958790822035, -15.353121949636291], [-54.06347196318797, -15.353045254198738], [-54.063470985966724, -15.353045065282606], [-54.063470025124175, -15.353044809200252], [-54.06346908555655, -15.353044487256591], [-54.06346817205167, -15.3530441010922], [-54.06346728926456, -15.353043652674854], [-54.063466441693684, -15.353043144289629], [-54.063465633658076, -15.3530425785271], [-54.06346486927531, -15.353041958270271], [-54.06346415244048, -15.353041286679822], [-54.063463486806434, -15.353040567178063], [-54.06346287576508, -15.3530398034314], [-54.063462322430155, -15.35303899933167], [-54.06346182962132, -15.353038158976396], [-54.063461399849814, -15.35303728664785], [-54.06346103530566, -15.35303638679122], [-54.063460737846476, -15.353035463991992], [-54.06346050898806, -15.35303452295248], [-54.063460349896616, -15.353033568468058], [-54.06346026138282, -15.353032605402529], [-54.06346024389775, -15.35303163866347], [-54.06346029753048, -15.35303067317716], [-54.06346042200772, -15.35302971386348], [-54.06346042200772, -15.35302971386348], [-54.06346061669516, -15.353028765610901], [-54.06346088060071, -15.353027833251488], [-54.06346121237957, -15.353026921536323], [-54.06346161034107, -15.353026035111302], [-54.0634620724573, -15.35302517849343], [-54.063462596373405, -15.353024356047852], [-54.063463179419635, -15.353023571965563], [-54.06346381862493, -15.35302283024205], [-54.063464510732025, -15.353022134657], [-54.06346525221412, -15.35302148875489], [-54.063466039292784, -15.353020895827141], [-54.06346686795724, -15.353020358895181], [-54.063467733984815, -15.353019880695092], [-54.063468632962426, -15.353019463663617], [-54.063469560309095, -15.353019109925892], [-54.063470511299265, -15.353018821284499], [-54.06347148108692, -15.353018599210268], [-54.063472464730246, -15.353018444834836], [-54.063473457216816, -15.353018358944865], [-54.06347445348915, -15.353018341978032], [-54.06347544847048, -15.353018394020822], [-54.06347643709059, -15.353018514807987], [-54.06347643709059, -15.353018514807987], [-54.06396326466779, -15.3530952102253], [-54.063964241890105, -15.353095399139391], [-54.06396520273388, -15.353095655219771], [-54.063966142302874, -15.353095977161482], [-54.06396705580926, -15.353096363324019], [-54.06396793859802, -15.353096811739597], [-54.063968786170655, -15.353097320123194], [-54.063969594208146, -15.353097885884154], [-54.06397035859291, -15.35309850613955], [-54.063971075429826, -15.353099177728675], [-54.06397174106604, -15.35309989722927], [-54.06397235210964, -15.3531006609749], [-54.06397290544688, -15.35310146507373], [-54.06397339825808, -15.35310230542823], [-54.06397382803198, -15.353103177756184], [-54.06397419257856, -15.35310407761236], [-54.06397449004018, -15.35310500041133], [-54.06397471890103, -15.353105941450721], [-54.06397487799488, -15.353106895935179], [-54.06397496651103, -15.353107859000914], [-54.063974983998435, -15.353108825740364], [-54.06397493036796, -15.353109791227201], [-54.06397480589292, -15.353110750541557], [-54.06397480589292, -15.353110750541557], [-54.06397461120758, -15.353111698794976], [-54.063974347304026, -15.35311263115538], [-54.063974015527045, -15.35311354287168], [-54.06397361756731, -15.353114429297968], [-54.06397315545271, -15.35311528591722], [-54.06397263153809, -15.353116108364311], [-54.063972048493184, -15.35311689244821], [-54.06397140928908, -15.353117634173456], [-54.063970717183, -15.353118329760317], [-54.06396997570175, -15.353118975664286], [-54.063969188623766, -15.353119568594023], [-54.0639683599598, -15.353120105527998], [-54.06396749393255, -15.353120583730192], [-54.06396659495508, -15.353121000763762], [-54.063965667608386, -15.353121354503626], [-54.06396471661802, -15.35312164314717], [-54.063963746829984, -15.353121865223557], [-54.06396276318612, -15.353122019601138], [-54.06396177069884, -15.353122105493238], [-54.063960774425645, -15.353122122462173], [-54.06395977944331, -15.353122070421456], [-54.063958790822035, -15.353121949636291], [-54.063958790822035, -15.353121949636291]]]}, "properties": {"bairro": "Jardins dos Ipes", "quadra": null, "numero_lote": null, "chave": "Jardins dos Ipes|?|?", "area_gis_m2": 166.06, "fonte": "g201.dxf"}}, {"type": "Feature", "geometry": {"type": "Polygon", "coordinates": [[[-54.06455584433133, -15.353216008708817], [-54.06406901602305, -15.353139314501721], [-54.06406803880036, -15.353139125588056], [-54.06406707795619, -15.353138869508063], [-54.06406613838678, -15.35313854756672], [-54.06406522487996, -15.353138161404495], [-54.064064342090774, -15.35313771298926], [-54.06406349451768, -15.353137204605972], [-54.064062686479744, -15.35313663884526], [-54.06406192209453, -15.353136018590128], [-54.06406120525716, -15.353135347001226], [-54.0640605396205, -15.353134627500838], [-54.064059928576455, -15.353133863755367], [-54.064059375238784, -15.353133059656678], [-54.064058882427155, -15.353132219302294], [-54.06405845265282, -15.353131346974452], [-54.06405808810583, -15.353130447118325], [-54.06405779064381, -15.353129524319396], [-54.064057561782576, -15.353128583280016], [-54.064057402688334, -15.353127628795537], [-54.064057314171805, -15.353126665729778], [-54.064057296684034, -15.353125698990292], [-54.064057350314144, -15.353124733503364], [-54.06405747478885, -15.353123774188886], [-54.06405747478885, -15.353123774188886], [-54.06405766947384, -15.353122825935339], [-54.064057933377065, -15.353121893574762], [-54.06405826515372, -15.353120981858284], [-54.06405866311315, -15.3531200954318], [-54.064059125227445, -15.353119238812305], [-54.06405964914177, -15.353118416364937], [-54.064060232186385, -15.353117632280753], [-54.06406087139023, -15.353116890555194], [-54.06406156349606, -15.353116194968], [-54.064062304977064, -15.353115549063652], [-54.06406309205484, -15.353114956133574], [-54.064063920718596, -15.353114419199171], [-54.064064786745675, -15.353113940996574], [-54.06406568572299, -15.353113523962557], [-54.06406661306955, -15.353113170222256], [-54.06406756405983, -15.35311288157824], [-54.06406853384779, -15.353112659501377], [-54.064069517491625, -15.353112505123299], [-54.0640705099789, -15.353112419230705], [-54.064071506252134, -15.353112402261269], [-54.06407250123454, -15.353112454301487], [-54.064073489855936, -15.353112575086147], [-54.064073489855936, -15.353112575086147], [-54.064560318107354, -15.35318926927299], [-54.06456129533112, -15.35318945818461], [-54.064562256176515, -15.353189714262621], [-54.06456319574729, -15.353190036202054], [-54.06456410925561, -15.353190422362403], [-54.06456499204644, -15.353190870775904], [-54.064565839621295, -15.35319137915754], [-54.064566647661124, -15.353191944916677], [-54.064567412048326, -15.35319256517037], [-54.06456812888778, -15.353193236757981], [-54.064568794526615, -15.353193956257172], [-54.06456940557291, -15.353194720001605], [-54.0645699589129, -15.353195524099373], [-54.064570451726894, -15.353196364453018], [-54.06457088150362, -15.353197236780284], [-54.064571246053035, -15.353198136635946], [-54.06457154351748, -15.353199059434596], [-54.06457177238115, -15.353200000473864], [-54.06457193147779, -15.353200954958371], [-54.064572019996696, -15.353201918024354], [-54.06457203748679, -15.353202884764215], [-54.06457198385894, -15.353203850251687], [-54.064571859386426, -15.353204809566837], [-54.06457185938642, -15.353204809566837], [-54.06457166470352, -15.353205757821229], [-54.06457140080229, -15.353206690182787], [-54.06457106902753, -15.353207601900396], [-54.064570671069866, -15.353208488328143], [-54.0645702089572, -15.35320934494903], [-54.06456968504436, -15.353210167397895], [-54.06456910200108, -15.353210951483707], [-54.06456846279842, -15.353211693210978], [-54.0645677706936, -15.353212388799989], [-54.06456702921344, -15.35321303470623], [-54.064566242136344, -15.353213627638288], [-54.06456541347308, -15.353214164574686], [-54.06456454744634, -15.353214642779394], [-54.06456364846916, -15.35321505981548], [-54.06456272112257, -15.353215413557935], [-54.06456177013209, -15.353215702204102], [-54.064560800343756, -15.353215924283123], [-54.06455981669938, -15.353216078663346], [-54.064558824211396, -15.353216164558088], [-54.0645578279373, -15.353216181529605], [-54.064556832953876, -15.35321612949148], [-54.06455584433133, -15.353216008708817], [-54.06455584433133, -15.353216008708817]]]}, "properties": {"bairro": "Jardins dos Ipes", "quadra": null, "numero_lote": null, "chave": "Jardins dos Ipes|?|?", "area_gis_m2": 166.06, "fonte": "g201.dxf"}}, {"type": "Feature", "geometry": {"type": "Polygon", "coordinates": [[[-54.065152898667435, -15.35331006627227], [-54.064666069684996, -15.353233373295653], [-54.06466509246085, -15.353233184384449], [-54.06466413161507, -15.353232928306834], [-54.064663192043874, -15.353232606367769], [-54.064662278535124, -15.353232220207758], [-54.064661395743855, -15.35323177179457], [-54.064660548168554, -15.353231263413257], [-54.064659740128285, -15.353230697654368], [-54.06465897574063, -15.353230077400907], [-54.06465825890072, -15.353229405813565], [-54.06465759326144, -15.353228686314532], [-54.0646569822147, -15.3532279225703], [-54.06465642887428, -15.353227118472637], [-54.06465593605986, -15.353226278119136], [-54.06465550628271, -15.353225405791965], [-54.06465514173288, -15.353224505936351], [-54.06465484426803, -15.35322358313775], [-54.06465461540396, -15.353222642098515], [-54.06465445630694, -15.353221687613976], [-54.064654367787654, -15.353220724547958], [-54.06465435029719, -15.353219757808038], [-54.064654403924685, -15.353218792320503], [-54.06465452839685, -15.353217833005248], [-54.06465452839685, -15.353217833005248], [-54.064654723079414, -15.353216884750715], [-54.0646549869803, -15.353215952388986], [-54.06465531875475, -15.353215040671207], [-54.06465571671211, -15.35321415424322], [-54.064656178824464, -15.353213297622107], [-54.06465670273701, -15.353212475172992], [-54.064657285780015, -15.353211691086887], [-54.06465792498242, -15.353210949359312], [-54.06465861708698, -15.353210253769959], [-54.0646593585669, -15.353209607863375], [-54.06466014564378, -15.353209014930952], [-54.06466097430684, -15.353208477994135], [-54.06466184033341, -15.353207999789044], [-54.06466273931042, -15.353207582752484], [-54.064663666656884, -15.353207229009593], [-54.064664617647274, -15.353206940362941], [-54.064665587435535, -15.353206718283436], [-54.064666571079876, -15.353206563902722], [-54.06466756356785, -15.353206478007523], [-54.064668559841984, -15.353206461035489], [-54.064669554825485, -15.353206513073104], [-54.06467054344815, -15.353206633855276], [-54.06467054344815, -15.353206633855276], [-54.06515737237373, -15.353283326811628], [-54.065158349598946, -15.3532835157208], [-54.065159310445964, -15.353283771796427], [-54.065160250018515, -15.353284093733569], [-54.06516116352877, -15.353284479891725], [-54.06516204632169, -15.353284928303168], [-54.06516289389875, -15.353285436682823], [-54.065163701940904, -15.353286002440134], [-54.06516446633055, -15.353286622692163], [-54.06516518317254, -15.353287294278207], [-54.065165848814004, -15.353288013776027], [-54.065166459862986, -15.353288777519253], [-54.06516701320573, -15.353289581615982], [-54.06516750602251, -15.353290421968763], [-54.06516793580206, -15.353291294295312], [-54.065168300354316, -15.35329219415048], [-54.0651685978216, -15.35329311694881], [-54.06516882668808, -15.35329405798793], [-54.06516898578752, -15.353295012472516], [-54.065169074309175, -15.35329597553874], [-54.065169091801955, -15.353296942279036], [-54.06516903817673, -15.353297907767104], [-54.06516891370675, -15.353298867083062], [-54.06516891370675, -15.353298867083062], [-54.06516871902629, -15.35329981533842], [-54.06516845512739, -15.35330074770113], [-54.06516812335484, -15.353301659420056], [-54.06516772539924, -15.353302545849278], [-54.06516726328851, -15.3533034024718], [-54.065166739377446, -15.353304224922422], [-54.06516615633578, -15.35330500901015], [-54.06516551713456, -15.353305750739414], [-54.06516482503101, -15.353306446330611], [-54.065164083551934, -15.35330709223908], [-54.06516329647573, -15.353307685173469], [-54.065162467813174, -15.35330822211231], [-54.06516160178692, -15.353308700319475], [-54.065160702810054, -15.35330911735816], [-54.065159775463556, -15.353309471103179], [-54.065158824472974, -15.353309759751967], [-54.06515785468433, -15.353309981833641], [-54.06515687103945, -15.353310136216484], [-54.06515587855077, -15.353310222113832], [-54.06515488227577, -15.353310239087971], [-54.06515388729126, -15.353310187052402], [-54.065152898667435, -15.35331006627227], [-54.065152898667435, -15.35331006627227]]]}, "properties": {"bairro": "Jardins dos Ipes", "quadra": null, "numero_lote": null, "chave": "Jardins dos Ipes|?|?", "area_gis_m2": 166.06, "fonte": "g201.dxf"}}, {"type": "Feature", "geometry": {"type": "Polygon", "coordinates": [[[-54.06570861685139, -15.353397610429798], [-54.06526312417373, -15.3533274305805], [-54.06526214694814, -15.353327241671728], [-54.06526118610073, -15.353326985596514], [-54.06526024652776, -15.353326663659708], [-54.06525933301708, -15.353326277501894], [-54.06525845022373, -15.353325829090787], [-54.06525760264621, -15.353325320711429], [-54.06525679460361, -15.353324754954386], [-54.06525603021351, -15.353324134702603], [-54.065255313371075, -15.353323463116785], [-54.06525464772916, -15.35332274361916], [-54.06525403667973, -15.353321979876117], [-54.06525348333656, -15.35332117577952], [-54.06525299051934, -15.353320335426872], [-54.065252560739374, -15.353319463100412], [-54.065252196186705, -15.353318563245296], [-54.06525189871902, -15.353317640447], [-54.06525166985214, -15.353316699407916], [-54.06525151075232, -15.35331574492332], [-54.06525142223029, -15.353314781857051], [-54.06525140473714, -15.353313815116715], [-54.065251458362006, -15.353312849628555], [-54.06525158283164, -15.353311890312488], [-54.06525158283164, -15.353311890312488], [-54.06525177751176, -15.353310942056979], [-54.065252041410325, -15.353310009694104], [-54.06525237318256, -15.353309097975023], [-54.06525277113784, -15.35330821154556], [-54.06525323324827, -15.353307354922814], [-54.06525375715904, -15.353306532471938], [-54.065254340200426, -15.353305748383914], [-54.06525497940138, -15.353305006654317], [-54.06525567150467, -15.353304311062809], [-54.065256412983516, -15.353303665153977], [-54.06525720005949, -15.353303072219214], [-54.06525802872186, -15.35330253527998], [-54.06525889474793, -15.353302057072382], [-54.065259793724636, -15.353301640033283], [-54.065260721071006, -15.353301286287804], [-54.065261672061496, -15.353300997638533], [-54.06526264185007, -15.353300775556393], [-54.065263625494914, -15.35330062117304], [-54.065264617983594, -15.353300535275192], [-54.06526561425863, -15.353300518300575], [-54.06526660924322, -15.353300570335623], [-54.065267597867155, -15.353300691115269], [-54.065267597867155, -15.353300691115269], [-54.065713090492785, -15.353370870946065], [-54.06571407339451, -15.353371061157171], [-54.065715039696784, -15.35337131931614], [-54.06571598441775, -15.35337164409197], [-54.06571690268688, -15.353372033810285], [-54.06571778976996, -15.353372486461904], [-54.065718641093596, -15.353372999713086], [-54.06571945226872, -15.353373570917796], [-54.065720219113295, -15.35337419713111], [-54.065720937673795, -15.35337487512459], [-54.065721604245645, -15.353375601402766], [-54.065722215392285, -15.35337637222129], [-54.065722767962924, -15.353377183606158], [-54.065723259108736, -15.353378031374204], [-54.065723686297616, -15.353378911154747], [-54.06572404732714, -15.353379818412009], [-54.065724340336004, -15.353380748468606], [-54.06572456381359, -15.353381696529507], [-54.06572471660775, -15.353382657706977], [-54.06572479793071, -15.353383627045613], [-54.06572480736325, -15.353384599547903], [-54.065724744856716, -15.35338557020009], [-54.06572461073336, -15.35338653399789], [-54.065724405684676, -15.353387485972405], [-54.06572413076779, -15.353388421215655], [-54.065723787400046, -15.353389334905957], [-54.065723377351716, -15.353390222332735], [-54.065722902736816, -15.353391078920769], [-54.065722366002255, -15.353391900253927], [-54.065721769915186, -15.353392682097704], [-54.06572111754879, -15.353393420421314], [-54.065720412266366, -15.353394111418279], [-54.06571965770405, -15.353394751526091], [-54.065718857752024, -15.353395337444674], [-54.065718857752024, -15.353395337444674], [-54.06571803654739, -15.353395854520834], [-54.065717180013806, -15.353396314474375], [-54.06571629236412, -15.35339671504305], [-54.065715377964246, -15.353397054256636], [-54.06571444131165, -15.353397330446702], [-54.06571348701326, -15.353397542254845], [-54.06571251976278, -15.353397688639246], [-54.06571154431765, -15.353397768879953], [-54.06571056547558, -15.353397782582272], [-54.06570958805101, -15.353397729678802], [-54.06570861685139, -15.353397610429798]]]}, "properties": {"bairro": "Jardins dos Ipes", "quadra": null, "numero_lote": null, "chave": "Jardins dos Ipes|?|?", "area_gis_m2": 152.56, "fonte": "g201.dxf"}}, {"type": "Feature", "geometry": {"type": "Polygon", "coordinates": [[[-54.06319944126367, -15.35458951103457], [-54.063107093592535, -15.355141434217671], [-54.0631069043997, -15.355142776248845], [-54.06310678457674, -15.355144125778969], [-54.0631067344232, -15.355145479433972], [-54.0631067540645, -15.3551468338294], [-54.06310684345153, -15.35514818557901], [-54.063107002360795, -15.355149531303184], [-54.06310723039501, -15.355150867637287], [-54.06310752698402, -15.355152191240267], [-54.063107891386316, -15.355153498802823], [-54.063108322690816, -15.355154787055794], [-54.06310881981916, -15.355156052778275], [-54.063109381528456, -15.355157292805709], [-54.063110006414284, -15.35515850403778], [-54.06311069291433, -15.355159683446194], [-54.063111439312195, -15.355160828082152], [-54.06311224374174, -15.355161935083837], [-54.06311310419173, -15.355163001683545], [-54.06311401851086, -15.355164025214536], [-54.06311498441316, -15.355165003117788], [-54.06311599948367, -15.35516593294836], [-54.06311706118451, -15.355166812381462], [-54.06311816686123, -15.355167639218323], [-54.0631193137494, -15.355168411391725], [-54.06312049898157, -15.355169126971056], [-54.06312171959443, -15.355169784167249], [-54.063122972536185, -15.355170381337127], [-54.06312425467424, -15.355170916987673], [-54.063125562802995, -15.355171389779668], [-54.06312689365185, -15.355171798531023], [-54.06312824389343, -15.355172142219773], [-54.06312961015185, -15.355172419986628], [-54.06313098901118, -15.355172631137117], [-54.06313237702401, -15.355172775143311], [-54.063133770720015, -15.355172851645177], [-54.06313516661468, -15.355172860451441], [-54.06313656121798, -15.355172801540093], [-54.063137951043124, -15.35517267505843], [-54.06313933261528, -15.355172481322626], [-54.063140702480226, -15.355172220817131], [-54.06314205721303, -15.355171894193246], [-54.06314339342658, -15.355171502267547], [-54.063144707780076, -15.355171046019981], [-54.06314599698737, -15.35517052659122], [-54.06314725782517, -15.355169945279972], [-54.063148487141156, -15.355169303539629], [-54.06314968186176, -15.355168602974663], [-54.06315083899995, -15.355167845336638], [-54.06381867543073, -15.354706585931039], [-54.06381979754614, -15.354705768925404], [-54.06382087594814, -15.35470489825306], [-54.06382190791358, -15.354703976112559], [-54.06382289083659, -15.354703004832505], [-54.06382382223511, -15.354701986865557], [-54.06382469975719, -15.354700924782241], [-54.063825521186956, -15.354699821264477], [-54.06382628445014, -15.354698679098869], [-54.06382698761937, -15.35469750116955], [-54.06382762891904, -15.354696290451036], [-54.06382820672975, -15.354695050000576], [-54.06382871959243, -15.354693782950514], [-54.06382916621201, -15.354692492500384], [-54.06382954546071, -15.354691181908809], [-54.063829856380856, -15.354689854485214], [-54.063830098187324, -15.354688513581609], [-54.06383027026951, -15.35468716258398], [-54.06383037219289, -15.354685804903836], [-54.06383040370007, -15.354684443969562], [-54.0638303647115, -15.354683083217749], [-54.06383025532565, -15.354681726084525], [-54.06383007581872, -15.354680375996896], [-54.063829826644, -15.354679036364027], [-54.06382950843071, -15.354677710568765], [-54.06382912198238, -15.354676401958942], [-54.06382866827487, -15.354675113839052], [-54.06382814845387, -15.354673849461784], [-54.06382756383202, -15.35467261201994], [-54.06382691588558, -15.354671404638221], [-54.06382620625074, -15.354670230365512], [-54.06382543671944, -15.354669092167075], [-54.06382460923489, -15.354667992916998], [-54.06382372588662, -15.354666935391112], [-54.06382278890524, -15.354665922259857], [-54.0638218006568, -15.35466495608153], [-54.06382076363678, -15.354664039295907], [-54.063819680463844, -15.354663174218059], [-54.06381855387319, -15.354662363032421], [-54.063817386709644, -15.354661607787401], [-54.0638161819205, -15.354660910390086], [-54.063814942548056, -15.354660272601556], [-54.06381367172194, -15.354659696032309], [-54.0638123726512, -15.354659182138311], [-54.063811048616216, -15.354658732217203], [-54.063809702960405, -15.354658347405133], [-54.063808339081774, -15.354658028673812], [-54.063806960424344, -15.35465777682808], [-54.063231471718325, -15.354567113009127], [-54.06323007026472, -15.354566927443486], [-54.063228660923926, -15.354566810993786], [-54.063227247313705, -15.354566763958891], [-54.06322583306278, -15.354566786459614], [-54.06322442180149, -15.354566878438145], [-54.06322301715254, -15.354567039658392], [-54.063221622721635, -15.354567269706488], [-54.06322024208826, -15.354567567991943], [-54.06321887879648, -15.35456793374903], [-54.06321753634584, -15.354568366038839], [-54.063216218182404, -15.354568863751739], [-54.063214927689856, -15.354569425610071], [-54.06321366818088, -15.35457005017157], [-54.06321244288862, -15.35457073583298], [-54.06321125495839, -15.354571480834247], [-54.063210107439566, -15.354572283262922], [-54.06320900327783, -15.354573141059229], [-54.063207945307546, -15.354574052021158], [-54.063206936244505, -15.354575013810345], [-54.06320597867896, -15.354576023957879], [-54.06320507506896, -15.354577079870706], [-54.06320422773407, -15.35457817883831], [-54.06320343884938, -15.354579318039661], [-54.063202710439946, -15.354580494550492], [-54.063202044375586, -15.354581705350654], [-54.06320144236608, -15.35458294733207], [-54.06320090595678, -15.354584217306579], [-54.06320043652464, -15.354585512014216], [-54.06320003527468, -15.354586828131422], [-54.06319970323692, -15.354588162279793], [-54.06319944126367, -15.35458951103457], [-54.06319944126367, -15.35458951103457]]]}, "properties": {"bairro": "Jardins dos Ipes", "quadra": null, "numero_lote": null, "chave": "Jardins dos Ipes|?|?", "area_gis_m2": 2606.04, "fonte": "g201.dxf"}}, {"type": "Feature", "geometry": {"type": "Polygon", "coordinates": [[[-54.063226997715425, -15.354593852380429], [-54.06313465011072, -15.355145775587202], [-54.063802486488676, -15.35468451622334], [-54.063226997715425, -15.354593852380429]]]}, "properties": {"bairro": "Jardins dos Ipes", "quadra": null, "numero_lote": null, "chave": "Jardins dos Ipes|?|?", "area_gis_m2": 1939.78, "fonte": "g201.dxf"}}, {"type": "Feature", "geometry": {"type": "Polygon", "coordinates": [[[-54.064247475852795, -15.347649338211149], [-54.0643281141708, -15.347167343846518], [-54.0638700506026, -15.347087847564858], [-54.06378821591914, -15.34757698670438], [-54.064247475852795, -15.347649338211149]]]}, "properties": {"bairro": "Jardins dos Ipes", "quadra": null, "numero_lote": null, "chave": "Jardins dos Ipes|?|?", "area_gis_m2": 2723.88, "fonte": "g201.dxf"}}, {"type": "Feature", "geometry": {"type": "Polygon", "coordinates": [[[-54.06484451449777, -15.347743393835538], [-54.06492359758331, -15.34727068769348], [-54.064465533342194, -15.347191192558938], [-54.064385253928265, -15.347671043489138], [-54.06484451449777, -15.347743393835538]]]}, "properties": {"bairro": "Jardins dos Ipes", "quadra": null, "numero_lote": null, "chave": "Jardins dos Ipes|?|?", "area_gis_m2": 2671.77, "fonte": "g201.dxf"}}, {"type": "Feature", "geometry": {"type": "Polygon", "coordinates": [[[-54.065441553969315, -15.347837447951468], [-54.06551908187056, -15.347374030049242], [-54.06506101695658, -15.347294536061812], [-54.064982292764, -15.347765098765437], [-54.065441553969315, -15.347837447951468]]]}, "properties": {"bairro": "Jardins dos Ipes", "quadra": null, "numero_lote": null, "chave": "Jardins dos Ipes|?|?", "area_gis_m2": 2619.67, "fonte": "g201.dxf"}}, {"type": "Feature", "geometry": {"type": "Polygon", "coordinates": [[[-54.06603859426734, -15.34793150055884], [-54.06611456703251, -15.347477370913673], [-54.06565650144568, -15.347397878073393], [-54.065579332426275, -15.347859152533239], [-54.06603859426734, -15.34793150055884]]]}, "properties": {"bairro": "Jardins dos Ipes", "quadra": null, "numero_lote": null, "chave": "Jardins dos Ipes|?|?", "area_gis_m2": 2567.56, "fonte": "g201.dxf"}}, {"type": "Feature", "geometry": {"type": "Polygon", "coordinates": [[[-54.066710053069066, -15.347580710286786], [-54.06625198680946, -15.347501218593681], [-54.066176372915024, -15.347953204792496], [-54.066635635391805, -15.348025551657656], [-54.066710053069066, -15.347580710286786]]]}, "properties": {"bairro": "Jardins dos Ipes", "quadra": null, "numero_lote": null, "chave": "Jardins dos Ipes|?|?", "area_gis_m2": 2515.45, "fonte": "g201.dxf"}}, {"type": "Feature", "geometry": {"type": "Polygon", "coordinates": [[[-54.071651828890246, -15.34805391202306], [-54.07166439337128, -15.348056076829142], [-54.07166439337128, -15.348056076829142], [-54.07166624422565, -15.348056289357755], [-54.071668105116274, -15.348056389809567], [-54.071669968842826, -15.348056377795885], [-54.071671828193985, -15.348056253363206], [-54.07167367597539, -15.348056016992983], [-54.07167550503743, -15.348055669599804], [-54.07167730830292, -15.348055212527846], [-54.0716790787945, -15.348054647545649], [-54.0716790787945, -15.348054647545649], [-54.07168460879944, -15.34805264007699], [-54.07168460879944, -15.34805264007699], [-54.071685584161905, -15.348051936640523], [-54.07168650844061, -15.348051171003483], [-54.07168737743088, -15.348050346648874], [-54.07168818717956, -15.348049467326765], [-54.07168893400302, -15.348048537037311], [-54.07168961450385, -15.348047560012526], [-54.07169022558638, -15.348046540696986], [-54.071690764470716, -15.348045483727725], [-54.071691228705404, -15.34804439391301], [-54.071691616178576, -15.348043276210541], [-54.07169192512758, -15.348042135704913], [-54.071692154146966, -15.348040977584397], [-54.07169230219489, -15.348039807117441], [-54.07169236859787, -15.348038629628663], [-54.07169235305384, -15.348037450474585], [-54.0716922556335, -15.348036275019336], [-54.071688123855665, -15.348023496022773], [-54.07167010153164, -15.34796767997918], [-54.07162528438077, -15.347959920080488], [-54.07155655151002, -15.347948077873644], [-54.07161560403592, -15.3480312940234], [-54.07161560403592, -15.3480312940234], [-54.07161779383633, -15.34803416919701], [-54.07162017406801, -15.348036898141608], [-54.0716227343902, -15.348039469001483], [-54.07162546367977, -15.348041870607691], [-54.07162835007949, -15.348044092526598], [-54.071631381049606, -15.348046125105238], [-54.07163454342224, -15.348047959513194], [-54.0716378234587, -15.348049587780993], [-54.071641206909064, -15.348051002834735], [-54.071644679074154, -15.348052198526801], [-54.07164822486937, -15.348053169662593], [-54.071651828890246, -15.34805391202306]]]}, "properties": {"bairro": "Jardins dos Ipes", "quadra": null, "numero_lote": null, "chave": "Jardins dos Ipes|?|?", "area_gis_m2": 94.91, "fonte": "g201.dxf"}}, {"type": "Feature", "geometry": {"type": "Polygon", "coordinates": [[[-54.06037085225081, -15.346239910168988], [-54.060370963006584, -15.346244951201614], [-54.060371435867836, -15.346249972457379], [-54.06037226853085, -15.346254949473238], [-54.06037345693901, -15.346259858001678], [-54.060374995302524, -15.346264674128824], [-54.06037687612668, -15.346269374391], [-54.060379090248304, -15.346273935888995], [-54.060381626880435, -15.346278336399635], [-54.06038447366488, -15.34628255448407], [-54.06038761673241, -15.3462865695922], [-54.06039104077032, -15.346290362162824], [-54.06039472909705, -15.346293913718894], [-54.060398663743456, -15.346297206957583], [-54.06040282554032, -15.34630022583456], [-54.060407194211805, -15.34630295564212], [-54.06041174847416, -15.346305383080917], [-54.06041646613947, -15.346307496324698], [-54.06042132422373, -15.346309285077945], [-54.06042629905884, -15.34631074062602], [-54.06043136640786, -15.346311855877607], [-54.06043650158317, -15.346312625399337], [-54.060441679566686, -15.346313045442145], [-54.06044687513176, -15.34631311395962], [-54.06045206296611, -15.346312830617961], [-54.06045721779508, -15.346312196797562], [-54.06046231450485, -15.346311215586338], [-54.06046732826474, -15.346309891764644], [-54.06047223464819, -15.346308231782022], [-54.06047700975175, -15.346306243725738], [-54.0604816303116, -15.346303937281414], [-54.060486073816804, -15.346301323685807], [-54.06049031861904, -15.346298415672106], [-54.060494344038034, -15.346295227407888], [-54.060498130462356, -15.346291774426055], [-54.06050165944491, -15.346288073549195], [-54.06050491379285, -15.346284142807624], [-54.06050787765131, -15.346280001351536], [-54.06051053658069, -15.346275669357704], [-54.06051287762696, -15.34627116793117], [-54.060514889384784, -15.346266519002453], [-54.06051656205309, -15.346261745220684], [-54.06051788748284, -15.346256869843241], [-54.060518859216664, -15.346251916622498], [-54.06051947252043, -15.346246909690056], [-54.060519724406184, -15.346241873439183], [-54.0605196136468, -15.346236832405998], [-54.06051914078191, -15.346231811149924], [-54.0605183081153, -15.346226834134004], [-54.06051711970365, -15.34622192560576], [-54.06051558133681, -15.346217109479065], [-54.060513700509574, -15.346212409217578], [-54.060511486385174, -15.346207847720502], [-54.06050894975061, -15.346203447210982], [-54.06050610296414, -15.346199229127873], [-54.06050295989503, -15.346195214021211], [-54.06049953585601, -15.346191421452204], [-54.06049584752865, -15.346187869897841], [-54.06049191288214, -15.346184576660933], [-54.06048775108566, -15.346181557785776], [-54.06048338241507, -15.346178827980037], [-54.06047882815409, -15.346176400543017], [-54.0604741104906, -15.346174287300947], [-54.06046925240859, -15.346172498549302], [-54.060464277576116, -15.346171043002695], [-54.060459210230036, -15.346169927752408], [-54.06045407505795, -15.346169158231797], [-54.060448897077855, -15.346168738189894], [-54.06044370151634, -15.346168669673087], [-54.06043851368563, -15.346168953015187], [-54.06043335886028, -15.346169586835774], [-54.06042826215407, -15.346170568046919], [-54.0604232483976, -15.346171891868293], [-54.06041834201736, -15.346173551850347], [-54.06041356691672, -15.346175539905826], [-54.06040894635949, -15.346177846349125], [-54.060404502856514, -15.346180459943508], [-54.06040025805609, -15.346183367955806], [-54.060396232638446, -15.346186556218473], [-54.06039244621499, -15.346190009198649], [-54.06038891723281, -15.346193710073752], [-54.06038566288473, -15.346197640813523], [-54.060382699025624, -15.346201782267784], [-54.0603800400951, -15.346206114259818], [-54.06037769904724, -15.346210615684598], [-54.06037568728737, -15.346215264611658], [-54.06037401461662, -15.346220038391886], [-54.06037268918408, -15.346224913767939], [-54.06037171744716, -15.346229866987477], [-54.06037110414007, -15.346234873918904], [-54.06037085225081, -15.346239910168988]]]}, "properties": {"bairro": "Jardins dos Ipes", "quadra": null, "numero_lote": null, "chave": "Jardins dos Ipes|?|?", "area_gis_m2": 200.9, "fonte": "g201.dxf"}}, {"type": "Feature", "geometry": {"type": "Polygon", "coordinates": [[[-54.07172864082947, -15.348197071541188], [-54.0717287518518, -15.348202112615486], [-54.07172922498538, -15.348207133894851], [-54.0717300579252, -15.34821211091613], [-54.07173124661327, -15.348217019431772], [-54.07173278525843, -15.348221835527957], [-54.07173466636462, -15.348226535741178], [-54.07173688076727, -15.348231097172452], [-54.07173941767807, -15.348235497598933], [-54.07174226473745, -15.34823971558218], [-54.071745408074854, -15.348243730572602], [-54.07174883237625, -15.348247523009539], [-54.07175252095882, -15.348251074416616], [-54.07175645585213, -15.348254367491734], [-54.07176061788581, -15.348257386191339], [-54.071764986782824, -15.348260115808623], [-54.071769541258355, -15.348262543045127], [-54.07177425912344, -15.34826465607561], [-54.071779117393085, -15.348266444605596], [-54.071784092398296, -15.348267899921515], [-54.07178915990132, -15.348269014933207], [-54.07179429521377, -15.348269784208446], [-54.07179947331689, -15.348270203999382], [-54.07180466898347, -15.348270272260834], [-54.07180985690071, -15.348269988660242], [-54.07181501179357, -15.348269354579257], [-54.07182010854791, -15.348268373107073], [-54.071825122332825, -15.348267049025315], [-54.071830028721635, -15.348265388784785], [-54.071834803810894, -15.348263400474012], [-54.0718394243368, -15.348261093779863], [-54.07184386778862, -15.348258479940299], [-54.07184811251829, -15.348255571689705], [-54.07185213784587, -15.348252383196805], [-54.071855924160396, -15.348248929995625], [-54.071859453015286, -15.348245228909823], [-54.07186270721834, -15.348241297970716], [-54.07186567091538, -15.348237156329489], [-54.0718683296676, -15.348232824163782], [-54.071870670521825, -15.348228322579509], [-54.07187268207366, -15.34822367350793], [-54.07187435452304, -15.348218899598885], [-54.071875679721984, -15.348214024110371], [-54.071876651214275, -15.348209070795296], [-54.07187726426692, -15.348204063785735], [-54.0718775158932, -15.348199027475323], [-54.07187740486727, -15.348193986400473], [-54.071876931730046, -15.348188965120793], [-54.071876098786625, -15.348183988099466], [-54.07187491009507, -15.348179079584026], [-54.07187337144658, -15.348174263488291], [-54.07187149033732, -15.348169563275755], [-54.07186927593188, -15.348165001845398], [-54.07186673901866, -15.348160601420043], [-54.07186389195726, -15.34815638343812], [-54.07186074861828, -15.348152368449176], [-54.071857324315765, -15.348148576013854], [-54.07185363573259, -15.348145024608485], [-54.07184970083915, -15.348141731535152], [-54.071845538805874, -15.34813871283736], [-54.07184116990975, -15.348135983221901], [-54.0718366154356, -15.348133555987172], [-54.07183189757235, -15.348131442958387], [-54.07182703930495, -15.34812965443001], [-54.07182206430237, -15.348128199115552], [-54.07181699680229, -15.34812708410517], [-54.07181186149307, -15.348126314831038], [-54.07180668339337, -15.348125895041006], [-54.07180148773035, -15.348125826780228], [-54.07179629981674, -15.348126110381251], [-54.07179114492751, -15.348126744462416], [-54.071786048176726, -15.348127725934528], [-54.07178103439522, -15.348129050015958], [-54.07177612800962, -15.348130710255912], [-54.0717713529233, -15.348132698565884], [-54.07176673239999, -15.348135005259007], [-54.0717622889504, -15.34813761909734], [-54.07175804422255, -15.34814052734654], [-54.07175401889631, -15.348143715837885], [-54.07175023258265, -15.348147169037402], [-54.071746703728124, -15.348150870121453], [-54.07174344952494, -15.348154801058751], [-54.07174048582725, -15.348158942698163], [-54.07173782707389, -15.348163274862067], [-54.07173548621806, -15.348167776444594], [-54.07173347466418, -15.34817242551451], [-54.07173180221235, -15.348177199422015], [-54.07173047701061, -15.348182074909142], [-54.07172950551523, -15.348187028223007], [-54.071728892459255, -15.348192035231564], [-54.07172864082947, -15.348197071541188]]]}, "properties": {"bairro": "Jardins dos Ipes", "quadra": null, "numero_lote": null, "chave": "Jardins dos Ipes|?|?", "area_gis_m2": 200.9, "fonte": "g201.dxf"}}, {"type": "Feature", "geometry": {"type": "Polygon", "coordinates": [[[-54.07181639568665, -15.348420221868505], [-54.071799560016316, -15.348368151687923], [-54.071799560016316, -15.348368151687923], [-54.07179892042848, -15.3483663888819], [-54.071798157111985, -15.348364673062337], [-54.071797273699744, -15.348363012395454], [-54.071796274396256, -15.348361414785007], [-54.071795163957596, -15.34835988783463], [-54.071793947668745, -15.348358438811644], [-54.07179263131849, -15.348357074612503], [-54.07179122117184, -15.34835580172995], [-54.071789723940235, -15.348354626222104], [-54.07178814674954, -15.348353553683653], [-54.07178649710622, -15.34835258921921], [-54.071784782861535, -15.348351737419028], [-54.07178301217423, -15.348351002337141], [-54.07178119347168, -15.348350387472093], [-54.07177933540977, -15.34834989575023], [-54.071777446831724, -15.348349529511877], [-54.071777446831724, -15.348349529511877], [-54.07176722185915, -15.348347562628039], [-54.071757152573014, -15.348344946570098], [-54.07174728269343, -15.348341692696803], [-54.07173765507468, -15.348337815136247], [-54.07172831151914, -15.348333330724529], [-54.07171929259582, -15.348328258932646], [-54.07171063746419, -15.348322621781955], [-54.07170238370414, -15.34831644374856], [-54.07169456715283, -15.348309751657007], [-54.07168722174909, -15.348302574563885], [-54.07168722174909, -15.348302574563885], [-54.07168587953934, -15.34830126606994], [-54.07168444860119, -15.3483000493281], [-54.07168293558095, -15.348298929989793], [-54.07168134750618, -15.348297913254013], [-54.07167969175302, -15.348297003843204], [-54.07167797601197, -15.348296205981338], [-54.07167620825217, -15.348295523374249], [-54.071674396684365, -15.348294959192447], [-54.071672549722756, -15.34829451605639], [-54.07167067594596, -15.348294196024328], [-54.07166878405714, -15.348294000582722], [-54.07166688284359, -15.348293930639334], [-54.07166498113587, -15.348293986519032], [-54.0716630877669, -15.348294167962267], [-54.07166121153083, -15.348294474126291], [-54.071659361142245, -15.348294903589059], [-54.07165754519566, -15.34829545435582], [-54.071655772125645, -15.34829612386846], [-54.07165405016759, -15.348296909017243], [-54.07165238731951, -15.348297806155399], [-54.07165079130485, -15.348298811115967], [-54.07154152807972, -15.348372864154847], [-54.07181639568665, -15.348420221868505]]]}, "properties": {"bairro": "Jardins dos Ipes", "quadra": null, "numero_lote": null, "chave": "Jardins dos Ipes|?|?", "area_gis_m2": 202.82, "fonte": "g201.dxf"}}, {"type": "Feature", "geometry": {"type": "Polygon", "coordinates": [[[-54.07093352561854, -15.348012692451785], [-54.07093515695094, -15.348013029646804], [-54.070936760766934, -15.348013474084304], [-54.0709383295888, -15.348014023692095], [-54.07093985610196, -15.348014675907661], [-54.07094133318911, -15.348015427690067], [-54.0709427539634, -15.34801627553417], [-54.070944111800515, -15.34801721548692], [-54.07094540036959, -15.348018243165818], [-54.07094661366272, -15.348019353779373], [-54.07094774602298, -15.348020542149378], [-54.07094879217078, -15.348021802735106], [-54.0709497472285, -15.348023129659126], [-54.0709506067432, -15.34802451673471], [-54.07095136670744, -15.348025957494675], [-54.07095202357792, -15.348027445221526], [-54.07095257429199, -15.348028972978797], [-54.07095301628197, -15.348030533643378], [-54.07095334748709, -15.34803211993874], [-54.07095356636313, -15.34803372446883], [-54.07095367188957, -15.348035339752583], [-54.070953663574414, -15.348036958258822], [-54.07095354145641, -15.3480385724413], [-54.07095330610494, -15.34804017477397], [-54.07095330610494, -15.34804017477397], [-54.070949239096414, -15.348062401871918], [-54.070949239096414, -15.348062401871918], [-54.07094889160868, -15.348063984883934], [-54.070948433604926, -15.348065541194584], [-54.070947867220575, -15.34806706354762], [-54.070947195096366, -15.348068544845145], [-54.07094642036605, -15.34806997818064], [-54.07094554664179, -15.348071356871252], [-54.07094457799727, -15.348072674488883], [-54.070943518948766, -15.348073924890189], [-54.07094237443405, -15.348075102245211], [-54.07094114978939, -15.348076201064593], [-54.07093985072463, -15.348077216225121], [-54.070938483296615, -15.348078142993655], [-54.07093705388093, -15.348078977049152], [-54.07093556914218, -15.348079714502875], [-54.07093403600289, -15.348080351916474], [-54.070932461611264, -15.34808088631802], [-54.07093085330786, -15.348081315215904], [-54.070929218591324, -15.34808163661038], [-54.07092756508345, -15.348081849002986], [-54.070925900493684, -15.348081951403435], [-54.0709242325831, -15.348081943334298], [-54.07092256912827, -15.348081824833185], [-54.07092091788499, -15.348081596452616], [-54.069265180502626, -15.347796312646167], [-54.069265180502626, -15.347796312646167], [-54.06926354917682, -15.347795975439661], [-54.06926194536819, -15.347795530991016], [-54.06926037655445, -15.347794981372454], [-54.069258850050126, -15.347794329146543], [-54.0692573729725, -15.347793577354285], [-54.06925595220837, -15.347792729500867], [-54.069254594382016, -15.347791789539386], [-54.06925330582425, -15.347790761852364], [-54.0692520925429, -15.34778965123137], [-54.069250960194864, -15.347788462854618], [-54.06924991405967, -15.347787202262877], [-54.06924895901487, -15.3477858753336], [-54.06924809951334, -15.347784488253556], [-54.06924733956246, -15.347783047489955], [-54.06924668270546, -15.347781559760296], [-54.06924613200493, -15.34778003200107], [-54.06924569002848, -15.347778471335372], [-54.069245358836795, -15.347776885039774], [-54.06924513997406, -15.347775280510314], [-54.06924503446069, -15.347773665228047], [-54.06924504278865, -15.347772046724154], [-54.0692451649191, -15.347770432544857], [-54.06924540028262, -15.347768830216188], [-54.069249467454576, -15.347746603179605], [-54.069249467454576, -15.347746603179605], [-54.06924981495368, -15.347745020172361], [-54.069250272968254, -15.347743463867259], [-54.06925083936283, -15.347741941520507], [-54.0692515114966, -15.347740460229994], [-54.06925228623577, -15.347739026902177], [-54.069253159968156, -15.347737648219889], [-54.06925412862, -15.347736330611179], [-54.06925518767501, -15.347735080219346], [-54.06925633219537, -15.347733902874294], [-54.06925755684481, -15.347732804065362], [-54.06925885591345, -15.347731788915674], [-54.06926022334442, -15.347730862158354], [-54.06926165276215, -15.347730028114354], [-54.06926313750201, -15.347729290672373], [-54.06926467064148, -15.347728653270714], [-54.069266245032345, -15.347728118881228], [-54.069267853334075, -15.347727689995489], [-54.06926948804803, -15.347727368613166], [-54.06927114155242, -15.34772715623268], [-54.069272806137846, -15.347727053844256], [-54.06927447404324, -15.347727061925264], [-54.069276137492075, -15.347727180438039], [-54.06927778872857, -15.347727408830023], [-54.07093352561854, -15.348012692451785]]]}, "properties": {"bairro": "Jardins dos Ipes", "quadra": null, "numero_lote": null, "chave": "Jardins dos Ipes|?|?", "area_gis_m2": 1435.29, "fonte": "g201.dxf"}}, {"type": "Feature", "geometry": {"type": "Polygon", "coordinates": [[[-54.067466427245, -15.347439370751879], [-54.067462359902, -15.347461597724264], [-54.067462359902, -15.347461597724264], [-54.06746212452599, -15.347463200048747], [-54.06746200238261, -15.34746481422473], [-54.067461994041345, -15.347466432726183], [-54.067462099541096, -15.347468048006908], [-54.06746231838997, -15.347469652535713], [-54.06746264956762, -15.347471238831549], [-54.0674630915299, -15.347472799498371], [-54.067463642216225, -15.347474327259633], [-54.06746429905902, -15.347475814992201], [-54.067465058995786, -15.347477255759578], [-54.06746591848336, -15.347478642844251], [-54.0674668735144, -15.347479969778986], [-54.06746791963612, -15.347481230376994], [-54.06746905197102, -15.347482418760771], [-54.06747026523963, -15.347483529389564], [-54.067471553785126, -15.347484557085062], [-54.06747291159972, -15.347485497055702], [-54.06747433235266, -15.347486344918886], [-54.06747580941973, -15.347487096721506], [-54.06747733591417, -15.34748774895829], [-54.06747890471874, -15.347488298588212], [-54.067480508518955, -15.347488743048647], [-54.06748213983717, -15.347489080267316], [-54.069134619294765, -15.347773816389882], [-54.069134619294765, -15.347773816389882], [-54.06913627053127, -15.347774044782955], [-54.069137933980194, -15.347774163296814], [-54.06913960188578, -15.347774171378905], [-54.069141266471455, -15.347774068991548], [-54.06914291997617, -15.347773856612092], [-54.06914455469052, -15.347773535230788], [-54.0691461629927, -15.347773106346038], [-54.06914773738407, -15.347772571957504], [-54.06914927052408, -15.34777193455676], [-54.06915075526452, -15.347771197115659], [-54.069152184682856, -15.347770363072494], [-54.069153552114464, -15.34776943631595], [-54.069154851183754, -15.347768421167002], [-54.06915607583385, -15.347767322358761], [-54.06915722035489, -15.347766145014354], [-54.06915827941058, -15.347764894623117], [-54.0691592480631, -15.347763577014952], [-54.06916012179616, -15.347762198333152], [-54.069160896536005, -15.34776076500578], [-54.069161568670445, -15.347759283715671], [-54.06916213506569, -15.347757761369262], [-54.069162593080925, -15.347756205064467], [-54.069162940580696, -15.347754622057476], [-54.06916700776057, -15.347732395023845], [-54.06916700776057, -15.347732395023845], [-54.06916724312457, -15.347730792695351], [-54.069167365255524, -15.347729178516204], [-54.069167373584015, -15.347727560012403], [-54.06916726807122, -15.347725944730197], [-54.06916704920907, -15.347724340200761], [-54.06916671801801, -15.347722753905161], [-54.06916627604222, -15.347721193239442], [-54.06916572534239, -15.347719665480135], [-54.069165068486136, -15.347718177750364], [-54.069164308536024, -15.347716736986612], [-54.069163449035315, -15.347715349906393], [-54.06916249399138, -15.34771402297689], [-54.069161447857084, -15.34771276238488], [-54.06916031550998, -15.347711574007823], [-54.069159102229605, -15.347710463386477], [-54.069157813672824, -15.34770943569907], [-54.0691564558475, -15.347708495737157], [-54.069155035084414, -15.347707647883254], [-54.069153558007834, -15.347706896090475], [-54.06915203150457, -15.347706243864014], [-54.069150462691894, -15.34770569424483], [-54.06914885888431, -15.347705249795526], [-54.06914722755953, -15.347704912588316], [-54.067494748593326, -15.347420176650104], [-54.067494748593326, -15.347420176650104], [-54.06749309736359, -15.347419948245637], [-54.06749143392066, -15.347419829720137], [-54.06748976602026, -15.347419821626206], [-54.06748810143891, -15.347419924001569], [-54.06748644793767, -15.347420136368914], [-54.067484813225896, -15.347420457738094], [-54.06748320492539, -15.347420886610735], [-54.06748163053478, -15.34742142098722], [-54.06748009739459, -15.34742205837606], [-54.06747861265305, -15.347422795805437], [-54.06747718323268, -15.347423629837124], [-54.06747581579811, -15.347424556582487], [-54.067474516724964, -15.347425571720606], [-54.06747329207009, -15.347426670518443], [-54.06747214754341, -15.34742784785288], [-54.06747108848124, -15.347429098234661], [-54.06747011982141, -15.347430415833925], [-54.06746924608025, -15.34743179450742], [-54.06746847133157, -15.347433227827128], [-54.06746779918758, -15.34743470911026], [-54.06746723278215, -15.34743623145038], [-54.06746677475611, -15.347437787749652], [-54.067466427245, -15.347439370751879]]]}, "properties": {"bairro": "Jardins dos Ipes", "quadra": null, "numero_lote": null, "chave": "Jardins dos Ipes|?|?", "area_gis_m2": 1432.54, "fonte": "g201.dxf"}}, {"type": "Feature", "geometry": {"type": "Polygon", "coordinates": [[[-54.06664444203832, -15.347344733054143], [-54.06569302625079, -15.347180786677365], [-54.06569302625079, -15.347180786677365], [-54.06569139494021, -15.347180449446501], [-54.06568979114843, -15.347180004974232], [-54.065688222353046, -15.347179455332908], [-54.065686695868536, -15.347178803085209], [-54.06568521881207, -15.347178051272213], [-54.06568379807035, -15.34717720339921], [-54.06568244026755, -15.34717626341939], [-54.06568115173437, -15.347175235715373], [-54.06567993847854, -15.347174125078794], [-54.065678806156825, -15.34717293668794], [-54.06567776004862, -15.347171676083654], [-54.06567680503138, -15.347170349143449], [-54.065675945557835, -15.347168962054136], [-54.06567518563522, -15.34716752128295], [-54.06567452880667, -15.347166033547463], [-54.06567397813461, -15.347164505784166], [-54.06567353618652, -15.347162945116208], [-54.06567320502298, -15.347161358820127], [-54.06567298618801, -15.347159754291983], [-54.06567288070192, -15.347158139012818], [-54.065672889056536, -15.34715652051381], [-54.0656730112129, -15.34715490634116], [-54.065673246601456, -15.347153304020868], [-54.065677314116044, -15.34713107711299], [-54.065677314116044, -15.34713107711299], [-54.06567766163921, -15.3471294941158], [-54.06567811967675, -15.34712793782239], [-54.06567868609309, -15.347126415488917], [-54.065679358247316, -15.347124934213198], [-54.06568013300554, -15.34712350090163], [-54.0656810067555, -15.347122122236962], [-54.06568197542334, -15.347120804647178], [-54.0656830344927, -15.347119554275482], [-54.065684179025716, -15.347118376951679], [-54.065685403686025, -15.347117278164996], [-54.06568670276372, -15.347116263038489], [-54.06568807020189, -15.347115336305128], [-54.065689499624895, -15.347114502285791], [-54.06569098436813, -15.34711376486905], [-54.06569251750903, -15.347113127493087], [-54.06569409189938, -15.347112593129628], [-54.06569570019867, -15.347112164270145], [-54.06569733490823, -15.347111842914158], [-54.06569898840633, -15.347111630559992], [-54.06570065298358, -15.347111528197733], [-54.06570232087896, -15.347111536304629], [-54.06570398431598, -15.347111654842903], [-54.06570563553892, -15.347111883259883], [-54.066657051043556, -15.347275829530467], [-54.066657051043556, -15.347275829530467], [-54.06665867841876, -15.347276165911374], [-54.066660278360196, -15.347276609220414], [-54.06666184341586, -15.347277157392782], [-54.066663366296254, -15.347277807875296], [-54.06666483990831, -15.34727855763821], [-54.06666625738845, -15.347279403189408], [-54.06666761213451, -15.347280340590558], [-54.06666889783656, -15.34728136547559], [-54.066670108506194, -15.347282473070935], [-54.06667123850456, -15.347283658217773], [-54.066672282568476, -15.347284915396093], [-54.06667323583506, -15.347286238750382], [-54.06667409386429, -15.347287622116907], [-54.06667485265978, -15.347289059052397], [-54.0666755086873, -15.347290542864094], [-54.066676058891275, -15.34729206664092], [-54.06667650070907, -15.347293623285603], [-54.06667683208282, -15.347295205547834], [-54.0666770514691, -15.347296806057958], [-54.06667715784608, -15.347298417361351], [-54.06667715071829, -15.347300031953068], [-54.06667703011893, -15.347301642312912], [-54.066676796609705, -15.347303240940356], [-54.06667645127822, -15.347304820389533], [-54.06667645127822, -15.347304820389533], [-54.0666743633835, -15.347314350853118], [-54.06667294220117, -15.34732399620191], [-54.06667294220117, -15.34732399620191], [-54.06667270602811, -15.347325594460816], [-54.066672358064864, -15.347327173366015], [-54.06667189993216, -15.347328725563461], [-54.06667133376381, -15.347330243823556], [-54.06667066219683, -15.347331721074756], [-54.066669888359165, -15.347333150436512], [-54.066669015855084, -15.34733452525133], [-54.06666804874842, -15.347335839115802], [-54.06666699154363, -15.347337085910365], [-54.066665849164806, -15.34733825982788], [-54.06666462693279, -15.347339355400628], [-54.06666333054032, -15.347340367525783], [-54.066661966025556, -15.347341291489219], [-54.06666053974396, -15.34734212298742], [-54.06665905833865, -15.347342858147552], [-54.06665752870955, -15.347343493545486], [-54.06665595798113, -15.347344026221736], [-54.06665435346936, -15.347344453695273], [-54.066652722647476, -15.34734477397509], [-54.06665107311133, -15.34734498556941], [-54.0666494125439, -15.347345087492709], [-54.066647748679564, -15.347345079270259], [-54.06664608926805, -15.347344960940353], [-54.06664444203832, -15.347344733054143]]]}, "properties": {"bairro": "Jardins dos Ipes", "quadra": null, "numero_lote": null, "chave": "Jardins dos Ipes|?|?", "area_gis_m2": 839.45, "fonte": "g201.dxf"}}, {"type": "Feature", "geometry": {"type": "Polygon", "coordinates": [[[-54.065575075514744, -15.34708938505576], [-54.0655767068243, -15.347089722287318], [-54.06557831061504, -15.347090166760232], [-54.065579879409356, -15.347090716402166], [-54.06558140589281, -15.34709136865043], [-54.06558288294823, -15.347092120463953], [-54.0655843036889, -15.347092968337432], [-54.06558566149067, -15.347093908317682], [-54.06558695002286, -15.347094936022089], [-54.065588163277724, -15.347096046659022], [-54.0655892955985, -15.347097235050178], [-54.06559034170581, -15.347098495654732], [-54.06559129672219, -15.347099822595169], [-54.065592156194924, -15.347101209684666], [-54.06559291611675, -15.347102650455986], [-54.06559357294456, -15.347104138191591], [-54.065594123615924, -15.347105665954958], [-54.065594565563345, -15.347107226622956], [-54.06559489672627, -15.347108812919041], [-54.06559511556064, -15.347110417447153], [-54.065595221046166, -15.347112032726253], [-54.06559521269102, -15.347113651225158], [-54.065595090534146, -15.34711526539767], [-54.06559485514511, -15.347116867717787], [-54.06559485514511, -15.347116867717787], [-54.065590787622604, -15.347139094622705], [-54.065590787622604, -15.347139094622705], [-54.06559044009878, -15.347140677619635], [-54.06558998206058, -15.347142233912745], [-54.065589415643586, -15.347143756245869], [-54.06558874348868, -15.347145237521191], [-54.06558796872977, -15.34714667083232], [-54.06558709497915, -15.34714804949649], [-54.06558612631063, -15.347149367085727], [-54.06558506724058, -15.34715061745683], [-54.06558392270691, -15.347151794779998], [-54.06558269804592, -15.34715289356599], [-54.06558139896759, -15.347153908691757], [-54.06558003152879, -15.347154835424329], [-54.06557860210516, -15.347155669442841], [-54.06557711736135, -15.347156406858705], [-54.06557558421991, -15.347157044233759], [-54.06557400982906, -15.347157578596258], [-54.06557240152932, -15.34715800745476], [-54.065570766819356, -15.347158328809734], [-54.06556911332093, -15.347158541162857], [-54.06556744874342, -15.347158643524057], [-54.065565780847855, -15.347158635416074], [-54.065564117410744, -15.347158516876714], [-54.0655624661878, -15.34715828845866], [-54.063901929421974, -15.346872136495382], [-54.063901929421974, -15.346872136495382], [-54.06390029811903, -15.346871799252314], [-54.063898694335684, -15.34687135476821], [-54.06389712554952, -15.346870805115477], [-54.06389559907495, -15.346870152856846], [-54.06389412202908, -15.346869401033445], [-54.063892701298606, -15.346868553150637], [-54.06389134350762, -15.346867613161628], [-54.063890054986764, -15.346866585449089], [-54.06388884174373, -15.346865474804689], [-54.063887709435214, -15.346864286406765], [-54.063886663340554, -15.346863025796187], [-54.06388570833713, -15.346861698850505], [-54.063884848877606, -15.346860311756533], [-54.063884088969175, -15.346858870981572], [-54.06388343215489, -15.346857383243163], [-54.06388288149711, -15.346855855477836], [-54.063882439563244, -15.346854294808724], [-54.06388210841381, -15.346852708512406], [-54.063881889592764, -15.346851103984928], [-54.06388178412035, -15.34684948870733], [-54.06388179248833, -15.34684787021077], [-54.063881914657685, -15.34684625604145], [-54.0638821500588, -15.346844653725357], [-54.063886217745164, -15.346822426882026], [-54.063886217745164, -15.346822426882026], [-54.06388656528039, -15.346820843889883], [-54.06388702332944, -15.346819287602342], [-54.06388758975669, -15.346817765275526], [-54.06388826192117, -15.346816284007238], [-54.06388903668896, -15.346814850703819], [-54.06388991044773, -15.346813472047998], [-54.06389087912359, -15.3468121544677], [-54.06389193820015, -15.346810904106102], [-54.0638930827395, -15.346809726792952], [-54.063894307405256, -15.346808628017438], [-54.063895606487485, -15.346807612902541], [-54.06389697392925, -15.346806686181207], [-54.06389840335491, -15.346805852174233], [-54.06389988809983, -15.34680511477015], [-54.06390142124145, -15.346804477407076], [-54.063902995631544, -15.346803943056674], [-54.063904603929586, -15.346803514210348], [-54.06390623863695, -15.346803192867574], [-54.063907892131894, -15.3468029805266], [-54.06390955670504, -15.346802878177458], [-54.0639112245954, -15.34680288629734], [-54.06391288802649, -15.346803004848395], [-54.06391453924264, -15.346803233277893], [-54.065575075514744, -15.34708938505576]]]}, "properties": {"bairro": "Jardins dos Ipes", "quadra": null, "numero_lote": null, "chave": "Jardins dos Ipes|?|?", "area_gis_m2": 1439.37, "fonte": "g201.dxf"}}, {"type": "Feature", "geometry": {"type": "Polygon", "coordinates": [[[-54.06378397979269, -15.346780734089892], [-54.0637856110946, -15.346781071333659], [-54.063787214876896, -15.346781515818414], [-54.063788783662, -15.346782065471757], [-54.06379031013552, -15.346782717730951], [-54.06379178718033, -15.346783469554872], [-54.06379320790977, -15.346784317438162], [-54.06379456569973, -15.346785257427607], [-54.063795854219585, -15.346786285140535], [-54.06379706746166, -15.346787395785277], [-54.06379819976924, -15.346788584183505], [-54.063799245863, -15.346789844794351], [-54.063800200865565, -15.346791171740257], [-54.06380106032427, -15.34679255883441], [-54.063801820231916, -15.346793999609528], [-54.06380247704547, -15.346795487348043], [-54.06380302770255, -15.346797015113461], [-54.06380346963575, -15.346798575782595], [-54.063803800784555, -15.346800162078921], [-54.063804019605016, -15.346801766606372], [-54.063804125076864, -15.346803381883905], [-54.06380411670835, -15.346805000380359], [-54.06380399453848, -15.34680661454954], [-54.06380375913689, -15.346808216865462], [-54.06380375913689, -15.346808216865462], [-54.063799691442625, -15.346830443705805], [-54.063799691442625, -15.346830443705805], [-54.06379934390674, -15.346832026697696], [-54.06379888585702, -15.34683358298494], [-54.063798319429104, -15.346835105311406], [-54.06379764726395, -15.346836586579304], [-54.063796872495494, -15.346838019882277], [-54.063795998736055, -15.346839398537602], [-54.06379503005951, -15.346840716117352], [-54.06379397098227, -15.346841966478369], [-54.06379282644225, -15.346843143790874], [-54.06379160177583, -15.346844242565707], [-54.06379030269295, -15.346845257679865], [-54.06378893525055, -15.346846184400414], [-54.06378750582428, -15.346847018406553], [-54.063786021078776, -15.34684775580976], [-54.063784487936616, -15.346848393171934], [-54.06378291354602, -15.346848927521375], [-54.063781305247524, -15.34684935636672], [-54.06377967053976, -15.346849677708471], [-54.0637780170445, -15.346849890048412], [-54.06377635247109, -15.346849992396493], [-54.06377468458055, -15.346849984275531], [-54.063773021149366, -15.346849865723383], [-54.063771369933214, -15.346849637292804], [-54.06211514987372, -15.346564215486417], [-54.06211514987372, -15.346564215486417], [-54.0621135185784, -15.34656387823116], [-54.06211191480349, -15.34656343373526], [-54.062110346026515, -15.346562884071146], [-54.06210881956185, -15.346562231801611], [-54.06210734252657, -15.346561479967843], [-54.06210592180731, -15.346560632075242], [-54.062104564028104, -15.346559692077067], [-54.062103275519554, -15.346558664356026], [-54.062102062289284, -15.346557553703837], [-54.06210092999393, -15.346556365298865], [-54.06209988391278, -15.346555104682016], [-54.06209892892314, -15.346553777730866], [-54.062098069477614, -15.346552390632263], [-54.06209730958333, -15.346550949853517], [-54.06209665278327, -15.34654946211219], [-54.062096102139726, -15.346547934344835], [-54.06209566022005, -15.346546373674594], [-54.06209532908469, -15.346544787378042], [-54.06209511027753, -15.346543182851228], [-54.062095004818765, -15.346541567575182], [-54.06209501320008, -15.346539949081077], [-54.062095135382386, -15.346538334915088], [-54.06209537079603, -15.346536732603187], [-54.06209943865373, -15.346514505824281], [-54.06209943865373, -15.346514505824281], [-54.062099786200996, -15.346512922837169], [-54.062100244261536, -15.34651136655547], [-54.06210081069966, -15.346509844235309], [-54.062101482874375, -15.346508362974422], [-54.06210225765169, -15.346506929679139], [-54.062103131419235, -15.346505551032134], [-54.062104100103106, -15.34650423346131], [-54.06210515918684, -15.346502983109778], [-54.062106303732506, -15.346501805807259], [-54.06210752840371, -15.346500707042873], [-54.062108827490455, -15.346499691939577], [-54.06211019493581, -15.346498765230233], [-54.06211162436412, -15.346497931235591], [-54.06211310911072, -15.346497193844133], [-54.06211464225305, -15.346496556493904], [-54.062116216642885, -15.346496022156526], [-54.06211782493969, -15.346495593323336], [-54.062119459644876, -15.34649527199373], [-54.062121113136655, -15.346495059665925], [-54.06212277770571, -15.346494957329867], [-54.06212444559105, -15.346494965462698], [-54.062126109016226, -15.346495084026506], [-54.06212776022559, -15.346495312468504], [-54.06378397979269, -15.346780734089892]]]}, "properties": {"bairro": "Jardins dos Ipes", "quadra": null, "numero_lote": null, "chave": "Jardins dos Ipes|?|?", "area_gis_m2": 1435.72, "fonte": "g201.dxf"}}, {"type": "Feature", "geometry": {"type": "Polygon", "coordinates": [[[-54.06199720134861, -15.346472812299085], [-54.0619988326429, -15.346473149555038], [-54.062000436416774, -15.346473594051593], [-54.06200200519269, -15.34647414371632], [-54.0620035316563, -15.346474795986413], [-54.06200500869052, -15.346475547820711], [-54.06200642940875, -15.34647639571379], [-54.06200778718693, -15.3464773357124], [-54.062009075694476, -15.346478363433823], [-54.06201028892378, -15.346479474086365], [-54.062011421218195, -15.34648066249163], [-54.06201246729845, -15.346481923108742], [-54.06201342228723, -15.346483250060132], [-54.06201428173194, -15.34648463715892], [-54.06201504162544, -15.346486077937813], [-54.06201569842477, -15.346487565679244], [-54.06201624906761, -15.346489093446685], [-54.06201669098662, -15.346490654116957], [-54.06201702212136, -15.346492240413516], [-54.06201724092792, -15.346493844940305], [-54.06201734638613, -15.346495460216273], [-54.06201733800428, -15.346497078710277], [-54.06201721582146, -15.346498692876134], [-54.062016980407336, -15.34650029518786], [-54.062016980407336, -15.34650029518786], [-54.06201291254178, -15.346522521963504], [-54.06201291254178, -15.346522521963504], [-54.06201256499386, -15.346524104950362], [-54.062012106932656, -15.346525661231748], [-54.06201154049386, -15.346527183551576], [-54.062010868318474, -15.346528664812057], [-54.06201009354048, -15.346530098106905], [-54.06200921977226, -15.346531476753405], [-54.06200825108772, -15.346532794323686], [-54.06200719200331, -15.346534044674627], [-54.06200604745696, -15.346535221976502], [-54.0620048227851, -15.346536320740197], [-54.0620035236977, -15.346537335842761], [-54.062002156251715, -15.346538262551318], [-54.062000726822795, -15.34653909654512], [-54.061999242075615, -15.346539833935703], [-54.06199770893275, -15.34654047128503], [-54.06199613454241, -15.346541005621454], [-54.06199452624515, -15.346541434453664], [-54.06199289153958, -15.34654175578224], [-54.06199123804747, -15.34654196810901], [-54.06198957347816, -15.346542070444006], [-54.06198790559264, -15.346542062310094], [-54.061986242167364, -15.346541943745205], [-54.06198459095799, -15.346541715302134], [-54.06061878704999, -15.346306331477471], [-54.06061878704999, -15.346306331477471], [-54.06061715576106, -15.346305994212015], [-54.060615551993195, -15.346305549706221], [-54.06061398322392, -15.346305000032572], [-54.06061245676755, -15.346304347753913], [-54.06061097974114, -15.34630359591146], [-54.06060955903126, -15.346302748010654], [-54.060608201261935, -15.346301808004803], [-54.06060691276369, -15.346300780276652], [-54.060605699544105, -15.34629966961794], [-54.06060456725978, -15.34629848120707], [-54.06060352118994, -15.346297220584967], [-54.06060256621185, -15.34629589362924], [-54.06060170677804, -15.34629450652676], [-54.0606009468956, -15.346293065744836], [-54.060600290107445, -15.34629157800107], [-54.06059973947583, -15.34629005023202], [-54.06059929756805, -15.34628848956083], [-54.060598966444466, -15.346286903264085], [-54.060598747648946, -15.34628529873782], [-54.0605986422016, -15.346283683463088], [-54.06059865059407, -15.346282064971028], [-54.06059877278724, -15.34628045080783], [-54.06059900821137, -15.346278848499436], [-54.060603076212566, -15.346256621774504], [-54.060603076212566, -15.346256621774504], [-54.0606034237699, -15.346255038791607], [-54.06060388184006, -15.34625348251481], [-54.06060444828729, -15.346251960200206], [-54.060605120470576, -15.346250478945525], [-54.060605895255875, -15.346249045657055], [-54.06060676903078, -15.346247667017446], [-54.06060773772134, -15.346246349454546], [-54.06060879681109, -15.346245099111446], [-54.06060994136205, -15.346243921817829], [-54.0606111660378, -15.34624282306277], [-54.06061246512834, -15.346241807969177], [-54.0606138325767, -15.34624088126988], [-54.06061526200722, -15.346240047285574], [-54.06061674675522, -15.346239309904684], [-54.060618279898144, -15.346238672565223], [-54.06061985428776, -15.346238138238744], [-54.06062146258354, -15.346237709416547], [-54.060623097286864, -15.346237388097983], [-54.06062475077601, -15.346237175781187], [-54.06062641534164, -15.34623707345609], [-54.06062808322278, -15.346237081599773], [-54.06062974664301, -15.346237200174258], [-54.060631397846684, -15.34623742862671], [-54.06199720134861, -15.346472812299085]]]}, "properties": {"bairro": "Jardins dos Ipes", "quadra": null, "numero_lote": null, "chave": "Jardins dos Ipes|?|?", "area_gis_m2": 1190.07, "fonte": "g201.dxf"}}, {"type": "Feature", "geometry": {"type": "Polygon", "coordinates": [[[-54.06025917882785, -15.346244354849482], [-54.060260830030664, -15.346244583304621], [-54.06026249345023, -15.346244701881824], [-54.060264161330906, -15.346244710028243], [-54.060265825896266, -15.346244607705888], [-54.06026747938533, -15.346244395391818], [-54.060269114088776, -15.346244074075964], [-54.06027072238485, -15.346243645256425], [-54.060272296774926, -15.346243110932585], [-54.060273829918486, -15.346242473595678], [-54.06027531466729, -15.346241736217285], [-54.06027674409876, -15.34624090223539], [-54.060278111548214, -15.346239975538422], [-54.060279410639986, -15.346238960447039], [-54.060280635317085, -15.346237861694094], [-54.06028177986953, -15.346236684402486], [-54.06028283896087, -15.34623543406127], [-54.060283807653136, -15.34623411650013], [-54.06028468142984, -15.346232737862145], [-54.06028545621703, -15.346231304575161], [-54.0602861284023, -15.346229823321819], [-54.0602866948516, -15.346228301008418], [-54.06028715292389, -15.346226744732677], [-54.06028750048343, -15.346225161750683], [-54.06028750048343, -15.346225161750683], [-54.060291568514494, -15.34620293503699], [-54.060291568514494, -15.34620293503699], [-54.060291803940714, -15.346201332729306], [-54.06029192613605, -15.346199718566663], [-54.06029193453077, -15.346198100075037], [-54.060291829085735, -15.346196484800563], [-54.06029161029259, -15.346194880274423], [-54.06029127917144, -15.346193293977636], [-54.06029083726613, -15.34619173330626], [-54.06029028663704, -15.346190205536868], [-54.06028962985146, -15.346188717792625], [-54.06028886997161, -15.346187277010074], [-54.06028801054042, -15.346185889906812], [-54.06028705556494, -15.34618456295015], [-54.06028600949774, -15.346183302326978], [-54.060284877216034, -15.3461821139149], [-54.06028366399905, -15.346181003254847], [-54.06028237550339, -15.346179975525214], [-54.060281017736585, -15.346179035517746], [-54.06027959702919, -15.346178187615216], [-54.060278120005194, -15.346177435770912], [-54.06027659355116, -15.34617678349029], [-54.06027502478411, -15.346176233814571], [-54.06027342101838, -15.346175789306601], [-54.06027178973145, -15.346175452038894], [-54.0589027120626, -15.345939493146158], [-54.0589027120626, -15.345939493146158], [-54.05890106086547, -15.345939264681617], [-54.05889939745097, -15.345939146094794], [-54.05889772957469, -15.345939137938583], [-54.05889606501302, -15.34593924025102], [-54.058894411526936, -15.345939452555081], [-54.058892776825736, -15.345939773860893], [-54.05889116853115, -15.345940202670397], [-54.05888959414179, -15.345940736984264], [-54.05888806099818, -15.3459413743113], [-54.058886576248554, -15.345942111679975], [-54.05888514681548, -15.34594294565234], [-54.05888377936364, -15.345943872340037], [-54.058882480268736, -15.345944887422418], [-54.05888125558773, -15.345945986166702], [-54.05888011103065, -15.345947163450038], [-54.05887905193397, -15.345948413783391], [-54.05887808323567, -15.345949731337122], [-54.05887720945227, -15.345951109968198], [-54.05887643465775, -15.345952543248801], [-54.058875762464574, -15.345954024496317], [-54.0588751960068, -15.345955546804491], [-54.05887473792554, -15.345957103075618], [-54.058874390356564, -15.345958686053647], [-54.05887032218962, -15.34598091271623], [-54.05887032218962, -15.34598091271623], [-54.058870086753366, -15.345982515020564], [-54.058869964547675, -15.34598412918055], [-54.0588699561423, -15.345985747670232], [-54.05887006157644, -15.345987362943454], [-54.058870280358526, -15.345988967469069], [-54.05887061146849, -15.34599055376604], [-54.05887105336255, -15.345992114438333], [-54.058871603980386, -15.345993642209336], [-54.058872260754775, -15.345995129955915], [-54.05887302062353, -15.345996570741486], [-54.05887388004379, -15.345997957848448], [-54.05887483500855, -15.345999284809464], [-54.058875881065326, -15.34600054543763], [-54.05887701333691, -15.34600173385532], [-54.05887822654414, -15.34600284452157], [-54.05887951503048, -15.346003872257935], [-54.0588808727884, -15.346004812272653], [-54.05888229348743, -15.346005660182934], [-54.0588837705036, -15.346006412035413], [-54.05888529695037, -15.346007064324619], [-54.058886865710754, -15.34600761400927], [-54.05888846947046, -15.346008058526488], [-54.058890100752016, -15.34600839580372], [-54.06025917882785, -15.346244354849482]]]}, "properties": {"bairro": "Jardins dos Ipes", "quadra": null, "numero_lote": null, "chave": "Jardins dos Ipes|?|?", "area_gis_m2": 1192.84, "fonte": "g201.dxf"}}, {"type": "Feature", "geometry": {"type": "Polygon", "coordinates": [[[-54.0587721542201, -15.34591699120547], [-54.058773785500634, -15.345917328483402], [-54.05877538925929, -15.345917773001277], [-54.05877695801861, -15.345918322686543], [-54.058778484464334, -15.34591897497632], [-54.058779961479445, -15.345919726829313], [-54.05878138217743, -15.345920574740076], [-54.05878273993433, -15.345921514755222], [-54.05878402841967, -15.345922542491987], [-54.058785241625934, -15.34592365315859], [-54.05878637389659, -15.34592484157657], [-54.05878741995246, -15.345926102205004], [-54.05878837491636, -15.34592742916625], [-54.058789234335805, -15.345928816273398], [-54.058789994203785, -15.345930257059118], [-54.05879065097743, -15.345931744805805], [-54.05879120159457, -15.345933272576904], [-54.058791643487965, -15.345934833249215], [-54.0587919745973, -15.3459364195462], [-54.05879219337879, -15.34593802407179], [-54.05879229881238, -15.345939639344932], [-54.05879229040647, -15.345941257834518], [-54.05879216820026, -15.345942871994357], [-54.058791932763526, -15.345944474298523], [-54.058791932763526, -15.345944474298523], [-54.058787864588716, -15.345966700957895], [-54.058787864588716, -15.345966700957895], [-54.058787517019084, -15.345968283935662], [-54.05878705893715, -15.345969840206493], [-54.05878649247872, -15.345971362514314], [-54.05878582028487, -15.345972843761439], [-54.05878504548968, -15.345974277041599], [-54.058784171705604, -15.345975655672177], [-54.05878320300663, -15.345976973225367], [-54.05878214390926, -15.345978223558127], [-54.05878099935152, -15.345979400840822], [-54.05877977466986, -15.345980499584412], [-54.05877847557429, -15.345981514666056], [-54.058777108121824, -15.34598244135296], [-54.05877567868814, -15.345983275324507], [-54.05877419393793, -15.345984012692305], [-54.058772660793785, -15.345984650018421], [-54.05877108640392, -15.345985184331338], [-54.058769478108886, -15.345985613139845], [-54.058767843407296, -15.345985934444649], [-54.058766189920874, -15.345986146747666], [-54.05876452535895, -15.345986249059049], [-54.058762857482485, -15.345986240901766], [-54.058761194067884, -15.345986122313855], [-54.05875954287077, -15.345985893848233], [-54.0577821810008, -15.345817440744352], [-54.0577821810008, -15.345817440744352], [-54.05778054972398, -15.345817103459572], [-54.057778945969496, -15.345816658935027], [-54.05777737721481, -15.345816109243318], [-54.057775850774185, -15.345815456947358], [-54.05777437376459, -15.345814705088445], [-54.057772953072515, -15.345813857172097], [-54.057771595321896, -15.345812917151695], [-54.05777030684318, -15.345811889410054], [-54.05776909364387, -15.345810778738983], [-54.05776796138045, -15.345809590316927], [-54.05776691533205, -15.345808329684868], [-54.05776596037584, -15.345807002720468], [-54.057765100964254, -15.345805615610635], [-54.05776434110427, -15.34580417482272], [-54.0577636843387, -15.345802687074345], [-54.05776313372969, -15.345801159302072], [-54.05776269184444, -15.345799598629089], [-54.057762360743205, -15.345798012331967], [-54.057762141969725, -15.345796407806766], [-54.05776203654404, -15.345794792534514], [-54.057762044957684, -15.345793174046348], [-54.05776216717141, -15.345791559888434], [-54.05776240261542, -15.3457899575867], [-54.0577664708886, -15.34576773096413], [-54.0577664708886, -15.34576773096413], [-54.05776681846503, -15.345766147989222], [-54.05776727655342, -15.345764591721725], [-54.057767843017935, -15.345763069417671], [-54.057768515217454, -15.345761588174746], [-54.05776929001788, -15.345760154899189], [-54.05777016380672, -15.345758776273582], [-54.05777113250998, -15.345757458725725], [-54.057772191611114, -15.345756208398619], [-54.057773336172104, -15.345755031121882], [-54.05777456085647, -15.345753932384497], [-54.057775859954184, -15.345752917309307], [-54.057777227408245, -15.345751990629049], [-54.057778656842956, -15.345751156664326], [-54.057780141593625, -15.345750419303478], [-54.057781674737676, -15.345749781984418], [-54.057783249126864, -15.345749247678622], [-54.057784857420685, -15.345748818877258], [-54.05778649212052, -15.345748497579624], [-54.057788145604654, -15.345748285283719], [-54.057789810163776, -15.345748182979397], [-54.057791478036954, -15.345748191143636], [-54.05779314144778, -15.345748309738365], [-54.05779479264069, -15.345748538210653], [-54.0587721542201, -15.34591699120547]]]}, "properties": {"bairro": "Jardins dos Ipes", "quadra": null, "numero_lote": null, "chave": "Jardins dos Ipes|?|?", "area_gis_m2": 861.5, "fonte": "g201.dxf"}}, {"type": "Feature", "geometry": {"type": "Polygon", "coordinates": [[[-54.07164587498398, -15.348180895066763], [-54.071647320188696, -15.3481712135409], [-54.07164939793988, -15.348161640998335], [-54.07164939793988, -15.348161640998335], [-54.07164973719286, -15.348160060899763], [-54.07164996484663, -15.348158462061015], [-54.071650079845654, -15.348156851895228], [-54.07165008165674, -15.348155237868061], [-54.07164997027149, -15.348153627463073], [-54.071649746206354, -15.348152028147043], [-54.07164941050023, -15.348150447335302], [-54.07164896470964, -15.348148892357415], [-54.07164841090154, -15.348147370423158], [-54.071647751643695, -15.348145888589094], [-54.071646989992814, -15.34814445372584], [-54.07164612948036, -15.348143072486282], [-54.07164517409615, -15.348141751274623], [-54.0716441282699, -15.34814049621676], [-54.07164299685067, -15.34813931313186], [-54.07164178508437, -15.348138207505395], [-54.071640498589446, -15.348137184463688], [-54.071639143330835, -15.348136248750137], [-54.07163772559228, -15.34813540470325], [-54.07163625194727, -15.348134656236523], [-54.07163472922843, -15.34813400682027], [-54.071633164495985, -15.348133459465556], [-54.07163156500493, -15.34813301671024], [-54.07162993817142, -15.348132680607181], [-54.07162993817142, -15.348132680607181], [-54.07106408735988, -15.348035187712174], [-54.07106408735988, -15.348035187712174], [-54.07106243611661, -15.34803495933267], [-54.07106077266187, -15.348034840832652], [-54.07105910475147, -15.348034832764586], [-54.07105744016196, -15.348034935166098], [-54.071055786654426, -15.348035147559745], [-54.07105415193828, -15.34803546895524], [-54.071052543635325, -15.348035897854109], [-54.071050969244205, -15.348036432256611], [-54.07104943610546, -15.34803706967112], [-54.071047951367284, -15.34803780712572], [-54.071046521952205, -15.34803864118205], [-54.07104515452483, -15.348039567951373], [-54.07104385546072, -15.34804058311263], [-54.07104263081672, -15.348041681932703], [-54.071041486302676, -15.348042859288368], [-54.07104042725486, -15.348044109690267], [-54.07103945861101, -15.348045427308442], [-54.07103858488742, -15.348046805999545], [-54.07103781015778, -15.348048239335494], [-54.07103713803425, -15.348049720633409], [-54.07103657165056, -15.348051242986791], [-54.071036113647466, -15.348052799297745], [-54.0710357661604, -15.348054382310012], [-54.0710316991598, -15.348076609410816], [-54.0710316991598, -15.348076609410816], [-54.071031463808815, -15.34807821174366], [-54.07103134169132, -15.348079825926279], [-54.07103133337669, -15.348081444432621], [-54.071031438903695, -15.34808305971645], [-54.07103165778033, -15.348084664246565], [-54.07103198898608, -15.348086250541918], [-54.07103243097672, -15.34808781120646], [-54.07103298169149, -15.348089338963655], [-54.07103363856271, -15.348090826690397], [-54.07103439852772, -15.348092267450209], [-54.07103525804325, -15.348093654525611], [-54.07103621310183, -15.348094981449417], [-54.071037259250524, -15.348096242034874], [-54.071038391611715, -15.348097430404568], [-54.07103960490582, -15.348098541017775], [-54.07104089347589, -15.348099568696291], [-54.071042251314026, -15.34810050864861], [-54.07104367208935, -15.34810135649223], [-54.071045149177564, -15.348102108274123], [-54.07104667569178, -15.348102760489116], [-54.07104824451471, -15.348103310096297], [-54.07104984833175, -15.348103754533144], [-54.071051479665165, -15.348104091727464], [-54.07161733064498, -15.348201584685688], [-54.07161733064498, -15.348201584685688], [-54.07161897727851, -15.348201812578292], [-54.071620636076844, -15.348201931203606], [-54.07162229934883, -15.348201940011611], [-54.07162395938258, -15.34820183896147], [-54.07162560848122, -15.34820162852172], [-54.07162723899857, -15.348201309668063], [-54.07162884337462, -15.34820088387891], [-54.07163041417055, -15.348200353128444], [-54.07163194410324, -15.348199719877533], [-54.07163342607903, -15.348198987062307], [-54.07163485322665, -15.348198158080516], [-54.071636218928994, -15.34819723677579], [-54.07163751685389, -15.348196227419844], [-54.0716387409834, -15.34819513469262], [-54.07163988564176, -15.348193963660634], [-54.07164094552167, -15.348192719753476], [-54.07164191570892, -15.348191408738613], [-54.07164279170517, -15.348190036694675], [-54.07164356944878, -15.34818860998323], [-54.0716442453337, -15.34818713521936], [-54.071644816226126, -15.348185619240903], [-54.07164527947908, -15.348184069076817], [-54.07164563294465, -15.348182491914564], [-54.07164587498398, -15.348180895066763]]]}, "properties": {"bairro": "Jardins dos Ipes", "quadra": null, "numero_lote": null, "chave": "Jardins dos Ipes|?|?", "area_gis_m2": 513.34, "fonte": "g201.dxf"}}, {"type": "Feature", "geometry": {"type": "Polygon", "coordinates": [[[-54.07094908427319, -15.347932832969095], [-54.07053216057629, -15.3478609982038], [-54.07053216057629, -15.3478609982038], [-54.070531845312786, -15.347860932877879], [-54.070531535467524, -15.347860846525132], [-54.070531232527934, -15.347860739560101], [-54.070530937948284, -15.347860612496273], [-54.070530653142725, -15.347860465943631], [-54.07053037947848, -15.347860300605694], [-54.07053011826928, -15.347860117276184], [-54.07052987076907, -15.347859916835178], [-54.07052963816601, -15.347859700244907], [-54.07052942157669, -15.34785946854512], [-54.07052922204087, -15.347859222848095], [-54.07052904051643, -15.347858964333337], [-54.07052887787479, -15.347858694241825], [-54.07052873489672, -15.347858413870174], [-54.07052861226858, -15.347858124564302], [-54.070528510579074, -15.347857827713046], [-54.070528430316344, -15.347857524741444], [-54.0705283718657, -15.347857217103936], [-54.070528335507746, -15.347856906277338], [-54.070528321417015, -15.347856593753802], [-54.07052832966116, -15.347856281033597], [-54.07052836020058, -15.34785596961796], [-54.07052841288869, -15.34785566100185], [-54.07052848747255, -15.347855356666802], [-54.070528583594125, -15.347855058073778], [-54.07052870079197, -15.347854766656198], [-54.07052883850347, -15.347854483813023], [-54.07052899606754, -15.347854210902057], [-54.07052917272778, -15.34785394923341], [-54.07052936763614, -15.347853700063238], [-54.07052957985694, -15.347853464587706], [-54.070529808371404, -15.347853243937218], [-54.07053005208254, -15.347853039171017], [-54.070530309820406, -15.347852851272082], [-54.070571885921005, -15.347824673309391], [-54.070571885921005, -15.347824673309391], [-54.0705723962895, -15.347824350992381], [-54.070572927289255, -15.347824061756498], [-54.07057347664643, -15.347823806840276], [-54.07057404200861, -15.347823587335315], [-54.070574620954815, -15.34782340418157], [-54.07057521100592, -15.347823258163334], [-54.07057580963522, -15.347823149905869], [-54.07057641427931, -15.347823079872763], [-54.070577022349006, -15.347823048363898], [-54.070577631240454, -15.347823055514207], [-54.07057823834629, -15.347823101293073], [-54.0705788410668, -15.34782318550446], [-54.070592112658375, -15.347825472171381], [-54.070592112658375, -15.347825472171381], [-54.07059270841264, -15.347825594454648], [-54.07059329464953, -15.347825754286191], [-54.070593868858666, -15.3478259509816], [-54.070594428581224, -15.347826183698578], [-54.07059497142037, -15.347826451440604], [-54.0705954950516, -15.347826753061176], [-54.07059599723263, -15.347827087268694], [-54.07059647581305, -15.347827452632037], [-54.0705969287435, -15.347827847586649], [-54.07059735408447, -15.347828270441301], [-54.07059775001458, -15.34782871938524], [-54.07059811483839, -15.34782919249603], [-54.07062913135979, -15.347872285938909], [-54.07064972964703, -15.347858325558683], [-54.07066411615042, -15.3478783137339], [-54.0706847144366, -15.347864353350129], [-54.07069910094403, -15.347884341523713], [-54.07071969922917, -15.347870381136442], [-54.070734085740675, -15.34789036930843], [-54.07075468402475, -15.34787640891758], [-54.070769070540315, -15.347896397087943], [-54.07078966882332, -15.347882436693583], [-54.070804055342954, -15.347902424862331], [-54.070824653624896, -15.347888464464445], [-54.07083904014861, -15.347908452631572], [-54.070859638429496, -15.347894492230113], [-54.07087402812176, -15.347914480940888], [-54.07089463642322, -15.347900513743783], [-54.07093930703844, -15.347908220560914], [-54.07094337404194, -15.347885993462613], [-54.07095721827881, -15.347888378771726], [-54.07095721827881, -15.347888378771726], [-54.07095880618239, -15.347888708212423], [-54.07096036653585, -15.347889144336305], [-54.070961891737305, -15.34788968501861], [-54.07096337435613, -15.347890327625208], [-54.070964807169155, -15.347891069025355], [-54.070966183195864, -15.34789190560705], [-54.07096749573239, -15.347892833294548], [-54.07096873838418, -15.347893847568251], [-54.07096990509717, -15.347894943486715], [-54.070970990187256, -15.347896115710736], [-54.07097198836798, -15.347897358529366], [-54.0709728947763, -15.347898665887712], [-54.070973704996284, -15.34790003141645], [-54.070974415080634, -15.34790144846287], [-54.07097502156988, -15.347902910123274], [-54.07097552150926, -15.347904409276598], [-54.070975912463126, -15.347905938619094], [-54.07097619252678, -15.347907490699983], [-54.07097636033579, -15.347909057957672], [-54.070976415072586, -15.34791063275665], [-54.0709763564705, -15.347912207424642], [-54.070976184815045, -15.34791377429003], [-54.0709759009425, -15.347915325719205], [-54.070975506235854, -15.347916854153752], [-54.070975002618084, -15.347918352147298], [-54.07097439254276, -15.34791981240176], [-54.07097367898211, -15.347921227802926], [-54.070972865412514, -15.347922591455104], [-54.070971955797624, -15.347923896714715], [-54.07097095456897, -15.347925137222672], [-54.07096986660445, -15.347926306935335], [-54.07096869720452, -15.347927400153987], [-54.07096745206637, -15.347928411552564], [-54.07096613725619, -15.34792933620365], [-54.07096475917962, -15.347930169602416], [-54.07096332455048, -15.347930907688642], [-54.07096184035817, -15.347931546866432], [-54.070960313833524, -15.34793208402179], [-54.0709587524136, -15.347932516537744], [-54.0709571637055, -15.34793284230712], [-54.07095555544926, -15.347933059742783], [-54.07095393548011, -15.34793316778544], [-54.07095231169041, -15.347933165908703], [-54.07095069199111, -15.347933054121714], [-54.07094908427319, -15.347932832969095]]]}, "properties": {"bairro": "Jardins dos Ipes", "quadra": null, "numero_lote": null, "chave": "Jardins dos Ipes|?|?", "area_gis_m2": 109.68, "fonte": "g201.dxf"}}, {"type": "Feature", "geometry": {"type": "Polygon", "coordinates": [[[-54.070353983191644, -15.347830298502478], [-54.06993706010357, -15.347758462693077], [-54.06993706010357, -15.347758462693077], [-54.069936744840554, -15.347758397366373], [-54.06993643499583, -15.34775831101287], [-54.06993613205684, -15.347758204047107], [-54.06993583747783, -15.347758076982586], [-54.06993555267296, -15.347757930429271], [-54.069935279009435, -15.3477577650907], [-54.069935017801, -15.347757581760611], [-54.06993477030159, -15.347757381319061], [-54.069934537699346, -15.3477571647283], [-54.069934321110885, -15.347756933028057], [-54.06993412157593, -15.34775668733065], [-54.06993394005239, -15.347756428815538], [-54.06993377741165, -15.347756158723746], [-54.06993363443449, -15.347755878351856], [-54.06993351180727, -15.347755589045809], [-54.06993341011867, -15.347755292194435], [-54.06993332985686, -15.347754989222777], [-54.06993327140712, -15.347754681585265], [-54.06993323505006, -15.347754370758723], [-54.0699332209602, -15.347754058235306], [-54.06993322920519, -15.347753745515282], [-54.06993325974544, -15.347753434099872], [-54.069933312434344, -15.34775312548406], [-54.06993338701897, -15.34775282114935], [-54.06993348314126, -15.347752522556721], [-54.069933600339795, -15.347752231139594], [-54.06993373805194, -15.347751948296914], [-54.0699338956166, -15.34775167538648], [-54.06993407227739, -15.347751413718417], [-54.06993426718624, -15.347751164548878], [-54.06993447940748, -15.347750929074008], [-54.06993470792232, -15.34775070842422], [-54.06993495163378, -15.347750503658736], [-54.06993520937191, -15.34775031576057], [-54.06997678550894, -15.347722137919302], [-54.06997678550894, -15.347722137919302], [-54.06997729587782, -15.347721815603768], [-54.069977826877846, -15.347721526369387], [-54.069978376235184, -15.347721271454718], [-54.06997894159741, -15.347721051951332], [-54.06997952054355, -15.347720868799163], [-54.06998011059447, -15.347720722782524], [-54.06998070922348, -15.347720614526667], [-54.06998131386717, -15.347720544495159], [-54.069981921936346, -15.347720512987884], [-54.069982530827176, -15.347720520139768], [-54.06998313793229, -15.347720565920174], [-54.06998374065197, -15.347720650133084], [-54.069997012224164, -15.347722936833271], [-54.069997012224164, -15.347722936833271], [-54.0699976079775, -15.347723059118023], [-54.06999819421336, -15.347723218951003], [-54.0699987684214, -15.34772341564779], [-54.069999328142764, -15.34772364836611], [-54.069999870980645, -15.34772391610941], [-54.070000394610524, -15.347724217731189], [-54.07000089679014, -15.347724551939837], [-54.07000137536908, -15.347724917304228], [-54.070001828298004, -15.347725312259827], [-54.07000225363739, -15.347725735115361], [-54.07000264956588, -15.347726184060104], [-54.070003014388035, -15.347726657171602], [-54.07003403076036, -15.347769750673699], [-54.070054629065666, -15.347755790353624], [-54.0700690154999, -15.3477757785563], [-54.070089613804136, -15.347761818232682], [-54.070104000242424, -15.347781806433709], [-54.070124598545625, -15.347767846106594], [-54.070138984987985, -15.347787834306045], [-54.070159583290106, -15.347773873975344], [-54.07017396973654, -15.347793862173177], [-54.0701945680376, -15.34777990183896], [-54.07020895448808, -15.347799890035164], [-54.070229552788085, -15.347785929697457], [-54.07024393924265, -15.347805917892027], [-54.0702645375416, -15.347791957550726], [-54.07027892716471, -15.347811946288967], [-54.07029953548424, -15.347797979152045], [-54.07034420603419, -15.347805686081044], [-54.07034827309479, -15.34778345900414], [-54.07036211731145, -15.347785844347907], [-54.07036211731145, -15.347785844347907], [-54.07036370521255, -15.347786173792556], [-54.070365265563275, -15.347786609920266], [-54.070366790761746, -15.347787150606257], [-54.07036827337734, -15.34778779321636], [-54.07036970618691, -15.347788534619868], [-54.07037108220996, -15.347789371204719], [-54.07037239474264, -15.347790298895156], [-54.07037363739042, -15.347791313171575], [-54.07037480409925, -15.347792409092525], [-54.070375889185044, -15.347793581318783], [-54.07037688736136, -15.347794824139383], [-54.07037779376519, -15.347796131499429], [-54.07037860398063, -15.347797497029607], [-54.07037931406038, -15.347798914077181], [-54.07037992054501, -15.347800375738437], [-54.07038042047977, -15.34780187489231], [-54.07038081142905, -15.34780340423508], [-54.07038109148816, -15.347804956315933], [-54.070381259292695, -15.347806523573292], [-54.070381314025106, -15.347808098371635], [-54.07038125541876, -15.347809673038709], [-54.070381083759166, -15.347811239902889], [-54.07038079988263, -15.347812791330568], [-54.070380405172166, -15.347814319763348], [-54.07037990155078, -15.347815817754855], [-54.070379291472044, -15.347817278007017], [-54.0703785779082, -15.34781869340565], [-54.07037776433566, -15.347820057055056], [-54.07037685471808, -15.347821362311677], [-54.07037585348701, -15.347822602816432], [-54.07037476552034, -15.347823772525707], [-54.07037359611856, -15.347824865740794], [-54.07037235097886, -15.347825877135662], [-54.07037103616744, -15.347826801782885], [-54.07036965808993, -15.347827635177673], [-54.07036822346018, -15.347828373259823], [-54.070366739267584, -15.347829012433468], [-54.070365212742956, -15.34782954958461], [-54.07036365132339, -15.347829982096306], [-54.07036206261596, -15.34783030786141], [-54.0703604543607, -15.347830525292816], [-54.07035883439286, -15.34783063333122], [-54.070357210604776, -15.347830631450282], [-54.07035559090736, -15.347830519659157], [-54.070353983191644, -15.347830298502478]]]}, "properties": {"bairro": "Jardins dos Ipes", "quadra": null, "numero_lote": null, "chave": "Jardins dos Ipes|?|?", "area_gis_m2": 109.68, "fonte": "g201.dxf"}}, {"type": "Feature", "geometry": {"type": "Polygon", "coordinates": [[[-54.069758882979116, -15.347727762545578], [-54.06934196049992, -15.34765592569213], [-54.06934196049992, -15.34765592569213], [-54.06934164523739, -15.347655860364645], [-54.06934133539322, -15.347655774010388], [-54.06934103245481, -15.34765566704389], [-54.06934073787644, -15.347655539978664], [-54.06934045307225, -15.347655393424679], [-54.06934017940945, -15.347655228085497], [-54.06933991820178, -15.347655044754806], [-54.069339670703165, -15.347654844312714], [-54.06933943810174, -15.347654627721457], [-54.06933922151412, -15.347654396020776], [-54.06933902198005, -15.347654150322963], [-54.06933884045739, -15.347653891807505], [-54.06933867781756, -15.34765362171543], [-54.06933853484131, -15.347653341343301], [-54.06933841221501, -15.347653052037083], [-54.06933831052733, -15.347652755185582], [-54.06933823026642, -15.347652452213863], [-54.06933817181759, -15.347652144576353], [-54.06933813546142, -15.34765183374988], [-54.06933812137243, -15.34765152122657], [-54.069338129618274, -15.347651208506718], [-54.069338160159354, -15.34765089709155], [-54.069338212849054, -15.347650588476014], [-54.06933828743444, -15.34765028414165], [-54.069338383557465, -15.347649985549412], [-54.06933850075668, -15.34764969413273], [-54.06933863846947, -15.347649411290543], [-54.06933879603473, -15.347649138380651], [-54.06933897269606, -15.347648876713187], [-54.069339167605406, -15.347648627544265], [-54.06933937982708, -15.347648392070063], [-54.069339608342304, -15.347648171420971], [-54.069339852054085, -15.347647966656229], [-54.06934010979248, -15.347647778758816], [-54.06938168596594, -15.347619601038963], [-54.06938168596594, -15.347619601038963], [-54.06938219633521, -15.347619278724919], [-54.0693827273355, -15.347618989492053], [-54.069383276693, -15.347618734578933], [-54.06938384205527, -15.347618515077112], [-54.06938442100134, -15.34761833192654], [-54.06938501105208, -15.347618185911507], [-54.06938560968079, -15.347618077657243], [-54.069386214324076, -15.34761800762733], [-54.06938682239274, -15.34761797612165], [-54.06938743128295, -15.347617983275105], [-54.06938803838734, -15.347618029057063], [-54.069388641106194, -15.347618113271475], [-54.06940191265901, -15.34762040000488], [-54.06940191265901, -15.34762040000488], [-54.06940250841142, -15.347620522291116], [-54.06940309464627, -15.347620682125541], [-54.0694036688532, -15.347620878823724], [-54.06940422857337, -15.347621111543374], [-54.06940477140998, -15.34762137928795], [-54.06940529503851, -15.347621680910926], [-54.06940579721671, -15.347622015120724], [-54.06940627579418, -15.34762238048618], [-54.06940672872157, -15.34762277544275], [-54.06940715405937, -15.34762319829918], [-54.06940754998623, -15.347623647244728], [-54.069407914806725, -15.347624120356947], [-54.069438931029985, -15.347667213918236], [-54.06945952935334, -15.3476532536583], [-54.06947391571843, -15.347673241888447], [-54.06949451404073, -15.347659281624983], [-54.069508900409865, -15.347679269853467], [-54.06952949873111, -15.347665309586487], [-54.06954388510434, -15.347685297813394], [-54.06956448342451, -15.347671337542865], [-54.069578869801795, -15.347691325768155], [-54.069599468120906, -15.347677365494073], [-54.06961385450225, -15.34769735371774], [-54.0696344528203, -15.347683393440184], [-54.069648839205726, -15.347703381662214], [-54.06966943752273, -15.347689421381073], [-54.06968382707669, -15.347709410146772], [-54.06970443541427, -15.347695443070036], [-54.06974910589897, -15.3477031501109], [-54.06975317301666, -15.347680923055362], [-54.069767017213096, -15.347683308433837], [-54.069767017213096, -15.347683308433837], [-54.06976860511173, -15.347683637882437], [-54.06977016545971, -15.347684074013962], [-54.06977169065519, -15.347684614703633], [-54.06977317326755, -15.347685257317265], [-54.06977460607367, -15.34768599872412], [-54.06977598209306, -15.347686835312123], [-54.06977729462189, -15.347687763005512], [-54.06977853726567, -15.347688777284644], [-54.069779703970326, -15.347689873208076], [-54.069780789051826, -15.347691045436566], [-54.06978178722374, -15.34769228825915], [-54.06978269362308, -15.347693595620903], [-54.069783503833975, -15.34769496115251], [-54.06978421390913, -15.347696378201228], [-54.06978482038913, -15.347697839863327], [-54.06978532031929, -15.347699339017767], [-54.069785711263975, -15.347700868360798], [-54.06978599131855, -15.347702420441614], [-54.0697861591186, -15.347703987698644], [-54.06978621384663, -15.347705562496355], [-54.06978615523601, -15.347707137162509], [-54.06978598357228, -15.34770870402548], [-54.069785699691764, -15.34771025545166], [-54.069785304977486, -15.34771178388267], [-54.069784801352476, -15.347713281872135], [-54.06978419127033, -15.34771474212201], [-54.0697834777033, -15.347716157518098], [-54.06978266412782, -15.347717521164732], [-54.069781754507545, -15.34771882641836], [-54.06978075327405, -15.347720066919916], [-54.06977966530525, -15.3477212366258], [-54.06977849590161, -15.347722329837314], [-54.06977725076035, -15.347723341228464], [-54.069775935947696, -15.347724265871834], [-54.06977455786925, -15.347725099262652], [-54.069773123238896, -15.34772583734073], [-54.069771639045996, -15.347726476510216], [-54.069770112521404, -15.347727013657144], [-54.06976855110219, -15.347727446164585], [-54.06976696239544, -15.347727771925417], [-54.06976535414117, -15.347727989352553], [-54.06976373417462, -15.34772809738672], [-54.06976211038814, -15.347728095501571], [-54.069760490692644, -15.347727983706312], [-54.069758882979116, -15.347727762545578]]]}, "properties": {"bairro": "Jardins dos Ipes", "quadra": null, "numero_lote": null, "chave": "Jardins dos Ipes|?|?", "area_gis_m2": 109.68, "fonte": "g201.dxf"}}, {"type": "Feature", "geometry": {"type": "Polygon", "coordinates": [[[-54.06916378363568, -15.347625225098428], [-54.06874686176539, -15.34755338720094], [-54.06874686176539, -15.34755338720094], [-54.06874654650336, -15.347553321872665], [-54.06874623665973, -15.347553235517637], [-54.068745933721914, -15.347553128550409], [-54.06874563914419, -15.347553001484489], [-54.068745354340685, -15.347552854929846], [-54.0687450806786, -15.347552689590024], [-54.068744819471696, -15.34755250625876], [-54.06874457197388, -15.347552305816123], [-54.06874433937329, -15.347552089224369], [-54.06874412278652, -15.347551857523241], [-54.068743923253315, -15.347551611825036], [-54.068743741731545, -15.347551353309234], [-54.06874357909262, -15.347551083216867], [-54.06874343611728, -15.347550802844513], [-54.06874331349189, -15.347550513538119], [-54.06874321180513, -15.347550216686505], [-54.06874313154513, -15.347549913714722], [-54.0687430730972, -15.347549606077212], [-54.06874303674193, -15.347549295250788], [-54.06874302265381, -15.347548982727602], [-54.06874303090051, -15.347548670007923], [-54.068743061442404, -15.347548358592988], [-54.06874311413291, -15.347548049977737], [-54.068743188719054, -15.347547745643705], [-54.0687432848428, -15.34754744705188], [-54.068743402042706, -15.347547155635645], [-54.068743539756134, -15.347546872793949], [-54.06874369732199, -15.3475465998846], [-54.06874387398387, -15.347546338217711], [-54.0687440688937, -15.347546089049422], [-54.06874428111581, -15.347545853575886], [-54.068744509631415, -15.34754563292749], [-54.06874475334352, -15.347545428163475], [-54.06874501108218, -15.347545240266825], [-54.068786587292074, -15.347517062668368], [-54.068786587292074, -15.347517062668368], [-54.06878709766172, -15.347516740355797], [-54.068787628662285, -15.347516451124461], [-54.068788178019936, -15.34751619621288], [-54.06878874338226, -15.34751597671263], [-54.06878932232826, -15.347515793563655], [-54.06878991237881, -15.34751564755021], [-54.06879051100724, -15.347515539297557], [-54.068791115650114, -15.347515469269249], [-54.06879172371826, -15.347515437765148], [-54.06879233260785, -15.347515444920175], [-54.068792939711514, -15.347515490703687], [-54.068793542429546, -15.347515574919623], [-54.06880681396298, -15.347517861686265], [-54.06880681396298, -15.347517861686265], [-54.06880740971447, -15.347517983973985], [-54.06880799594829, -15.34751814380984], [-54.06880857015412, -15.347518340509422], [-54.068809129873095, -15.347518573230408], [-54.06880967270843, -15.347518840976257], [-54.06881019633562, -15.347519142600447], [-54.06881069851241, -15.347519476811371], [-54.0688111770884, -15.347519842177887], [-54.06881163001425, -15.34752023713544], [-54.06881205535047, -15.347520659992764], [-54.06881245127572, -15.347521108939118], [-54.06881281609455, -15.34752158205204], [-54.06884383216874, -15.347564675672508], [-54.06886443051014, -15.347550715472732], [-54.068878816806084, -15.34757070373032], [-54.068899415146426, -15.347556743527031], [-54.06891380144643, -15.34757673178297], [-54.068934399785725, -15.347562771576158], [-54.0689487860898, -15.347582759830502], [-54.068969384428016, -15.347568799620115], [-54.06898377073617, -15.347588787872878], [-54.06900436907332, -15.347574827658947], [-54.06901875538553, -15.347594815910075], [-54.06903935372163, -15.347580855692645], [-54.06905374003791, -15.347600843942145], [-54.069074338372964, -15.34758688372116], [-54.069088727857775, -15.34760687251431], [-54.069109336213415, -15.347592905497745], [-54.06915400663284, -15.347600612650472], [-54.069158073807614, -15.347578385616375], [-54.06917191798384, -15.347580771029495], [-54.06917191798384, -15.347580771029495], [-54.06917347162567, -15.347581092178888], [-54.069174999060685, -15.347581515463625], [-54.06917649316726, -15.347582038910149], [-54.0691779469792, -15.347582660077933], [-54.069179353718155, -15.34758337607078], [-54.069180706825264, -15.347584183550403], [-54.069181999991706, -15.347585078751987], [-54.069183227188155, -15.347586057501667], [-54.06918438269285, -15.347587115236072], [-54.069185461118295, -15.34758824702355], [-54.06918645743637, -15.347589447587197], [-54.06918736700179, -15.347590711329412], [-54.06918818557373, -15.347592032358063], [-54.069188909335615, -15.347593404513908], [-54.069189534912965, -15.347594821399314], [-54.069190059389015, -15.347596276408108], [-54.06919048031843, -15.347597762756376], [-54.06919079573864, -15.347599273514062], [-54.06919100417901, -15.347600801637336], [-54.06919110466768, -15.347602340001364], [-54.069191096736134, -15.347603881433594], [-54.06919098042135, -15.347605418747149], [-54.069190756265634, -15.347606944774371], [-54.0691904253141, -15.347608452400213], [-54.0691899891098, -15.347609934595425], [-54.06918944968651, -15.347611384449324], [-54.069188809559286, -15.347612795202025], [-54.069188071712674, -15.34761416027595], [-54.069187239586874, -15.347615473306487], [-54.06918631706162, -15.347616728171685], [-54.06918530843817, -15.34761791902077], [-54.069184218419174, -15.347619040301472], [-54.06918305208682, -15.347620086785849], [-54.06918181487908, -15.347621053594713], [-54.06918051256439, -15.347621936220348], [-54.06917915121474, -15.347622730547544], [-54.06917773717738, -15.347623432872785], [-54.0691762770452, -15.347624039921502], [-54.06917477762602, -15.34762454886336], [-54.06917324591081, -15.347624957325436], [-54.06917168904115, -15.347625263403275], [-54.069170114275884, -15.347625465669827], [-54.06916852895729, -15.347625563182014], [-54.069166940476876, -15.34762555548519], [-54.06916535624086, -15.34762544261524], [-54.06916378363568, -15.347625225098428]]]}, "properties": {"bairro": "Jardins dos Ipes", "quadra": null, "numero_lote": null, "chave": "Jardins dos Ipes|?|?", "area_gis_m2": 109.68, "fonte": "g201.dxf"}}, {"type": "Feature", "geometry": {"type": "Polygon", "coordinates": [[[-54.068568685161395, -15.347522686161055], [-54.06815176390007, -15.347450847219546], [-54.06815176390007, -15.347450847219546], [-54.068151448638524, -15.347450781890497], [-54.06815113879543, -15.347450695534718], [-54.06815083585821, -15.347450588566764], [-54.06815054128113, -15.347450461500127], [-54.068150256478305, -15.347450314944824], [-54.068149982816955, -15.347450149604375], [-54.0681497216108, -15.34744996627253], [-54.06814947411378, -15.347449765829351], [-54.068149241514014, -15.347449549237098], [-54.0681490249281, -15.347449317535519], [-54.068148825395774, -15.347449071836921], [-54.06814864387489, -15.347448813320776], [-54.06814848123686, -15.34744854322812], [-54.06814833826244, -15.34744826285553], [-54.06814821563797, -15.347447973548956], [-54.06814811395212, -15.347447676697218], [-54.068148033693035, -15.347447373725387], [-54.06814797524601, -15.347447066087868], [-54.06814793889162, -15.347446755261513], [-54.068147924804386, -15.347446442738443], [-54.068147933051925, -15.34744613001893], [-54.068147963594654, -15.34744581860422], [-54.068148016285946, -15.34744550998927], [-54.06814809087286, -15.347445205655593], [-54.06814818699734, -15.347444907064139], [-54.068148304197926, -15.347444615648346], [-54.068148441911994, -15.347444332807155], [-54.06814859947844, -15.347444059898347], [-54.068148776140866, -15.347443798232046], [-54.068148971051194, -15.347443549064383], [-54.068149183273746, -15.347443313591516], [-54.06814941178973, -15.34744309294382], [-54.06814965550216, -15.347442888180536], [-54.06814991324107, -15.347442700284638], [-54.06819148948738, -15.347414522807608], [-54.06819148948738, -15.347414522807608], [-54.06819199985742, -15.347414200496518], [-54.068192530858255, -15.347413911266694], [-54.06819308021607, -15.347413656356661], [-54.068193645578425, -15.347413436857988], [-54.06819422452436, -15.347413253710592], [-54.06819481457474, -15.347413107698749], [-54.06819541320287, -15.347412999447696], [-54.06819601784534, -15.347412929420981], [-54.068196625912975, -15.347412897918474], [-54.06819723480195, -15.347412905075075], [-54.06819784190488, -15.347412950860134], [-54.068198444622084, -15.347413035077587], [-54.06821171613613, -15.347415321877474], [-54.06821171613613, -15.347415321877474], [-54.0682123118867, -15.347415444166666], [-54.06821289811951, -15.347415604003972], [-54.068213472324224, -15.347415800704935], [-54.06821403204201, -15.34741603342725], [-54.06821457487607, -15.347416301174382], [-54.068215098501916, -15.347416602799766], [-54.06821560067729, -15.347416937011824], [-54.068216079251805, -15.347417302379398], [-54.06821653217612, -15.34741769733795], [-54.068216957510764, -15.347418120196156], [-54.06821735343438, -15.347418569143311], [-54.06821771825155, -15.347419042256952], [-54.06824873417667, -15.347462135936613], [-54.06826933253612, -15.347448175796986], [-54.06828371876292, -15.347468164082036], [-54.06830431712131, -15.347454203938886], [-54.06831870335216, -15.347474192222275], [-54.0683393017095, -15.347460232075594], [-54.06835368794444, -15.347480220357403], [-54.0683742863007, -15.347466260207183], [-54.068388672539704, -15.347486248487378], [-54.068409270894904, -15.347472288333618], [-54.06842365713796, -15.347492276612183], [-54.06844425549211, -15.34747831645492], [-54.06845864173925, -15.347498304731875], [-54.068479240092344, -15.347484344571031], [-54.068493629508005, -15.34750433339166], [-54.06851423788171, -15.347490366435284], [-54.068558908235865, -15.347498073699866], [-54.06856297546772, -15.347475846687175], [-54.06857681962372, -15.347478232134957], [-54.06857681962372, -15.347478232134957], [-54.068578407517414, -15.347478561591448], [-54.06857996785991, -15.347478997730633], [-54.0685814930494, -15.34747953842768], [-54.06858297565531, -15.347480181048365], [-54.06858440845453, -15.34748092246189], [-54.068585784466606, -15.347481759056203], [-54.06858709698775, -15.347482686755477], [-54.06858833962348, -15.347483701040055], [-54.068589506319825, -15.347484796968454], [-54.068590591392734, -15.347485969201415], [-54.068591589555844, -15.34748721202794], [-54.06859249594621, -15.34748851939311], [-54.06859330614799, -15.34748988492757], [-54.06859401621396, -15.347491301978577], [-54.06859462268473, -15.347492763642395], [-54.06859512260566, -15.347494262797946], [-54.068595513541155, -15.347495792141503], [-54.068595793586645, -15.347497344222251], [-54.06859596137775, -15.34749891147861], [-54.06859601609701, -15.347500486275068], [-54.068595957477854, -15.347502060939371], [-54.06859578580584, -15.34750362779992], [-54.06859550191736, -15.34750517922311], [-54.06859510719546, -15.347506707650584], [-54.068594603563206, -15.34750820563597], [-54.06859399347424, -15.347509665881258], [-54.06859327990083, -15.347511081272273], [-54.06859246631946, -15.34751244491335], [-54.068591556693804, -15.347513750160994], [-54.068590555455465, -15.347514990656155], [-54.06858946748238, -15.347516160355266], [-54.06858829807504, -15.347517253559658], [-54.06858705293069, -15.34751826494337], [-54.06858573811554, -15.347519189579021], [-54.06858436003523, -15.34752002296189], [-54.068582925403646, -15.347520761031813], [-54.06858144121016, -15.347521400192987], [-54.068579914685635, -15.347521937331496], [-54.06857835326713, -15.34752236983043], [-54.06857676456172, -15.347522695582711], [-54.06857515630943, -15.347522913001306], [-54.06857353634549, -15.347523021026976], [-54.06857191256223, -15.347523019133435], [-54.068570292870525, -15.34752290732989], [-54.068568685161395, -15.347522686161055]]]}, "properties": {"bairro": "Jardins dos Ipes", "quadra": null, "numero_lote": null, "chave": "Jardins dos Ipes|?|?", "area_gis_m2": 109.68, "fonte": "g201.dxf"}}, {"type": "Feature", "geometry": {"type": "Polygon", "coordinates": [[[-54.06797358755632, -15.347420145733516], [-54.06755666690399, -15.34734830574802], [-54.06755666690399, -15.34734830574802], [-54.067556351642935, -15.347348240418178], [-54.06755604180039, -15.347348154061642], [-54.06755573886376, -15.347348047092947], [-54.067555444287315, -15.347347920025623], [-54.067555159485174, -15.347347773469645], [-54.067554885824556, -15.34734760812857], [-54.067554624619156, -15.347347424796128], [-54.06755437712294, -15.347347224352411], [-54.06755414452398, -15.347347007759655], [-54.067553927938924, -15.347346776057636], [-54.06755372840747, -15.347346530358639], [-54.067553546887474, -15.347346271842152], [-54.06755338425035, -15.347346001749205], [-54.06755324127683, -15.347345721376385], [-54.06755311865329, -15.347345432069632], [-54.06755301696835, -15.347345135217784], [-54.06755293671018, -15.34734483224588], [-54.06755287826406, -15.347344524608367], [-54.067552841910555, -15.34734421378207], [-54.0675528278242, -15.347343901259103], [-54.06755283607259, -15.347343588539779], [-54.06755286661615, -15.3473432771253], [-54.067552919308234, -15.347342968510635], [-54.067552993895916, -15.347342664177287], [-54.067553090021114, -15.347342365586249], [-54.06755320722239, -15.34734207417089], [-54.067553344937096, -15.347341791330189], [-54.06755350250414, -15.347341518421924], [-54.06755367916711, -15.34734125675621], [-54.06755387407793, -15.347341007589176], [-54.06755408630092, -15.347340772116963], [-54.067554314817286, -15.347340551469971], [-54.06755455853004, -15.34734034670742], [-54.06755481626922, -15.347340158812276], [-54.06759639255195, -15.347311981456677], [-54.06759639255195, -15.347311981456677], [-54.067596902922354, -15.34731165914707], [-54.06759743392347, -15.347311369918765], [-54.06759798328144, -15.347311115010282], [-54.06759854864384, -15.347310895513175], [-54.06759912758971, -15.347310712367367], [-54.06759971763991, -15.347310566357125], [-54.06760031626774, -15.347310458107682], [-54.06760092090982, -15.34731038808256], [-54.06760152897694, -15.347310356581653], [-54.06760213786528, -15.347310363739828], [-54.0676027449675, -15.347310409526438], [-54.06760334768388, -15.347310493745402], [-54.06761661917854, -15.347312780578505], [-54.06761661917854, -15.347312780578505], [-54.06761721492818, -15.347312902869175], [-54.06761780115996, -15.347313062707922], [-54.06761837536357, -15.347313259410267], [-54.06761893508017, -15.347313492133923], [-54.06761947791296, -15.347313759882324], [-54.067620001537456, -15.347314061508927], [-54.06762050371142, -15.347314395722124], [-54.06762098228445, -15.347314761090761], [-54.06762143520724, -15.347315156050273], [-54.0676218605403, -15.347315578909384], [-54.067622256462286, -15.347316027857346], [-54.067622621277806, -15.3473165009717], [-54.067653637053844, -15.347359594710555], [-54.06767423543133, -15.347345634631083], [-54.06768862158899, -15.347365622943563], [-54.06770921996543, -15.347351662860557], [-54.067723606127124, -15.347371651171414], [-54.06774420450252, -15.3473576910849], [-54.067758590668305, -15.34737767939416], [-54.06777918904261, -15.347363719304086], [-54.06779357521247, -15.347383707611733], [-54.06781417358572, -15.347369747518128], [-54.06782855975963, -15.347389735824137], [-54.06784915813182, -15.34737577572703], [-54.067863544309816, -15.34739576403141], [-54.067884142680946, -15.347381803930725], [-54.06789853202746, -15.347401792778813], [-54.067919140419214, -15.347387825882635], [-54.0679638107081, -15.347395533259045], [-54.06796787799704, -15.347373306267766], [-54.06798172213282, -15.347375691750248], [-54.06798172213282, -15.347375691750248], [-54.06798331002403, -15.347376021210689], [-54.0679848703638, -15.34737645735369], [-54.0679863955503, -15.347376998054422], [-54.06798787815298, -15.347377640678626], [-54.06798931094874, -15.347378382095505], [-54.06799068695715, -15.347379218692966], [-54.06799199947445, -15.34738014639518], [-54.067993242106176, -15.347381160682477], [-54.06799440879835, -15.347382256613361], [-54.06799549386697, -15.347383428848563], [-54.06799649202568, -15.347384671677062], [-54.067997398411556, -15.347385979043933], [-54.06799820860878, -15.347387344579825], [-54.06799891867015, -15.347388761631974], [-54.0679995251363, -15.34739022329665], [-54.06800002505261, -15.347391722452759], [-54.06800041598353, -15.347393251796571], [-54.06800069602447, -15.347394803877293], [-54.06800086381111, -15.34739637113331], [-54.06800091852599, -15.34739794592915], [-54.068000859902554, -15.34739952059253], [-54.06800068822641, -15.347401087451866], [-54.06800040433394, -15.34740263887356], [-54.068000009608234, -15.347404167299258], [-54.06799950597235, -15.347405665282615], [-54.067998895879974, -15.347407125525613], [-54.067998182303384, -15.347408540914074], [-54.06799736871906, -15.347409904552384], [-54.06799645909072, -15.347411209797036], [-54.06799545784996, -15.347412450288992], [-54.06799436987473, -15.347413619984719], [-54.067993200465544, -15.347414713185547], [-54.06799195531964, -15.34741572456554], [-54.06799064050324, -15.347416649197337], [-54.067989262422, -15.34741748257623], [-54.067987827789814, -15.347418220642078], [-54.06798634359604, -15.347418859799108], [-54.06798481707153, -15.34741939693339], [-54.067983255653374, -15.347419829428068], [-54.06798166694864, -15.347420155176083], [-54.06798005869734, -15.347420372590411], [-54.067978438734706, -15.34742048061183], [-54.06797681495304, -15.347420478714083], [-54.067975195263266, -15.347420366906407], [-54.06797358755632, -15.347420145733516]]]}, "properties": {"bairro": "Jardins dos Ipes", "quadra": null, "numero_lote": null, "chave": "Jardins dos Ipes|?|?", "area_gis_m2": 109.68, "fonte": "g201.dxf"}}, {"type": "Feature", "geometry": {"type": "Polygon", "coordinates": [[[-54.06618178894387, -15.34711139354368], [-54.06576487012547, -15.34703955041494], [-54.06576487012547, -15.34703955041494], [-54.06576455486589, -15.347039485082744], [-54.06576424502499, -15.347039398723917], [-54.06576394209014, -15.347039291753028], [-54.065763647515624, -15.34703916468359], [-54.06576336271554, -15.347039018125612], [-54.0657630890571, -15.347038852782648], [-54.06576282785401, -15.347038669448441], [-54.06576258036017, -15.347038469003087], [-54.065762347763716, -15.347038252408844], [-54.06576213118121, -15.347038020705472], [-54.06576193165238, -15.347037775005287], [-54.06576175013507, -15.347037516487767], [-54.06576158750067, -15.347037246393956], [-54.0657614445299, -15.347036966020434], [-54.0657613219091, -15.347036676713156], [-54.065761220226925, -15.347036379860942], [-54.06576113997151, -15.347036076888873], [-54.0657610815281, -15.347035769251356], [-54.06576104517728, -15.347035458425228], [-54.065761031093544, -15.347035145902618], [-54.0657610393445, -15.347034833183818], [-54.06576106989054, -15.347034521770032], [-54.06576112258504, -15.347034213156238], [-54.06576119717501, -15.347033908823928], [-54.065761293302394, -15.34703361023407], [-54.06576141050573, -15.347033318820065], [-54.06576154822237, -15.347033035980855], [-54.0657617057912, -15.347032763074218], [-54.06576188245582, -15.347032501410263], [-54.06576207736812, -15.347032252245114], [-54.06576228959242, -15.347032016774907], [-54.06576251810994, -15.347031796130016], [-54.06576276182366, -15.347031591369676], [-54.065763019563626, -15.347031403476821], [-54.06580459595596, -15.347003226486796], [-54.06580459595596, -15.347003226486796], [-54.065805106327524, -15.347002904181647], [-54.06580563732945, -15.3470026149579], [-54.065806186687894, -15.347002360054068], [-54.06580675205044, -15.34700214056169], [-54.0658073309961, -15.347001957420664], [-54.065807921045746, -15.34700181141523], [-54.0658085196727, -15.347001703170601], [-54.06580912431355, -15.347001633150306], [-54.06580973237914, -15.347001601654183], [-54.06581034126561, -15.34700160881709], [-54.06581094836564, -15.347001654608357], [-54.06581155107953, -15.34700173883191], [-54.065824822515815, -15.347004025765063], [-54.065824822515815, -15.347004025765063], [-54.06582541826267, -15.347004148060206], [-54.06582600449139, -15.347004307903285], [-54.06582657869167, -15.347004504609814], [-54.06582713840467, -15.347004737337494], [-54.06582768123364, -15.347005005089732], [-54.065828204854085, -15.347005306719977], [-54.06582870702378, -15.34700564093659], [-54.065829185592364, -15.347006006308415], [-54.06582963851054, -15.347006401270885], [-54.065830063838845, -15.347006824132686], [-54.06583045975593, -15.347007273083074], [-54.06583082456644, -15.347007746199571], [-54.065861839893635, -15.347050840116552], [-54.065882438325424, -15.347036880218205], [-54.06589682427489, -15.347056868613318], [-54.065917422705624, -15.347042908711435], [-54.06593180865914, -15.34706289710492], [-54.06595240708882, -15.347048937199528], [-54.06596679304642, -15.347068925591413], [-54.06598739147504, -15.347054965682462], [-54.066001777436696, -15.347074954072747], [-54.06602237586426, -15.347060994160254], [-54.06603676182998, -15.347080982548901], [-54.06605736025647, -15.347067022632936], [-54.06607174622628, -15.34708701101995], [-54.06609234465172, -15.347073051100379], [-54.06610673379002, -15.347093040031107], [-54.06612734223611, -15.347079073316158], [-54.06617201232842, -15.347086781029349], [-54.06617607978923, -15.347064554102543], [-54.06618992386411, -15.347066939689363], [-54.06618992386411, -15.347066939689363], [-54.06619151174788, -15.347067269161693], [-54.0661930720794, -15.34706770531622], [-54.06619459725689, -15.347068246028035], [-54.06619607984984, -15.347068888662848], [-54.06619751263521, -15.347069630089809], [-54.06619888863262, -15.347070466696746], [-54.06620020113834, -15.347071394407823], [-54.066201443757976, -15.34707240870332], [-54.06620261043761, -15.347073504641674], [-54.0662036954933, -15.347074676883597], [-54.06620469363875, -15.347075919718053], [-54.06620560001112, -15.347077227090061], [-54.06620641019464, -15.347078592630245], [-54.06620712024216, -15.347080009685838], [-54.06620772669442, -15.347081471353077], [-54.066208226596835, -15.347082970510884], [-54.06620861751394, -15.347084499855493], [-54.066208897541195, -15.347086051936095], [-54.06620906531436, -15.347087619191122], [-54.06620912001605, -15.347089193985049], [-54.06620906137976, -15.347090768645655], [-54.066208889691154, -15.34709233550134], [-54.066208605786684, -15.347093886918538], [-54.066208211049506, -15.347095415338911], [-54.066207707402725, -15.347096913316129], [-54.066207097300065, -15.347098373552216], [-54.06620638371389, -15.347099788933027], [-54.0662055701207, -15.347101152562992], [-54.06620466048426, -15.347102457798622], [-54.06620365923621, -15.34710369828095], [-54.06620257125453, -15.34710486796646], [-54.06620140183977, -15.347105961156572], [-54.06620015668919, -15.34710697252537], [-54.06619884186905, -15.347107897145564], [-54.06619746378502, -15.347108730512485], [-54.06619602915098, -15.347109468566067], [-54.066194544956325, -15.347110107710572], [-54.06619301843192, -15.347110644832176], [-54.06619145701482, -15.34711107731405], [-54.06618986831211, -15.3471114030492], [-54.06618826006378, -15.347111620450674], [-54.06618664010507, -15.347111728459309], [-54.066185016328255, -15.34711172654891], [-54.06618339664421, -15.347111614728771], [-54.06618178894387, -15.34711139354368]]]}, "properties": {"bairro": "Jardins dos Ipes", "quadra": null, "numero_lote": null, "chave": "Jardins dos Ipes|?|?", "area_gis_m2": 109.68, "fonte": "g201.dxf"}}, {"type": "Feature", "geometry": {"type": "Polygon", "coordinates": [[[-54.065586228839635, -15.347008766840197], [-54.06516931063088, -15.34693692266673], [-54.06516931063088, -15.34693692266673], [-54.0651689953718, -15.346936857333755], [-54.06516868553143, -15.346936770974164], [-54.065168382597186, -15.346936664002536], [-54.065168088023306, -15.346936536932398], [-54.06516780322391, -15.346936390373749], [-54.06516752956619, -15.346936225030161], [-54.06516726836386, -15.346936041695367], [-54.06516702087082, -15.346935841249469], [-54.06516678827519, -15.346935624654732], [-54.06516657169354, -15.346935392950916], [-54.06516637216557, -15.34693514725033], [-54.06516619064916, -15.346934888732475], [-54.06516602801566, -15.346934618638368], [-54.0651658850458, -15.346934338264612], [-54.06516576242592, -15.346934048957156], [-54.06516566074467, -15.34693375210484], [-54.06516558049016, -15.346933449132708], [-54.06516552204766, -15.34693314149518], [-54.065165485697726, -15.34693283066912], [-54.06516547161487, -15.34693251814663], [-54.06516547986668, -15.346932205427994], [-54.06516551041354, -15.346931894014446], [-54.06516556310883, -15.346931585400927], [-54.065165637699565, -15.346931281068969], [-54.065165733827676, -15.346930982479506], [-54.0651658510317, -15.346930691065948], [-54.06516598874898, -15.346930408227232], [-54.06516614631841, -15.346930135321136], [-54.06516632298357, -15.346929873657778], [-54.065166517896365, -15.346929624493255], [-54.065166730121106, -15.34692938902371], [-54.065166958639004, -15.346929168379516], [-54.065167202353045, -15.346928963619899], [-54.06516746009327, -15.346928775727811], [-54.065209036522035, -15.346900598859316], [-54.065209036522035, -15.346900598859316], [-54.06520954689398, -15.346900276555639], [-54.065210077896175, -15.346899987333412], [-54.065210627254785, -15.346899732431137], [-54.06521119261736, -15.346899512940332], [-54.065211771562964, -15.3468993298009], [-54.065212361612424, -15.346899183797072], [-54.06521296023909, -15.34689907555405], [-54.065213564879535, -15.346899005535354], [-54.0652141729446, -15.346898974040812], [-54.065214781830456, -15.3468989812053], [-54.06521538892976, -15.346899026998113], [-54.065215991642816, -15.346899111223186], [-54.06522926305969, -15.346901398189592], [-54.06522926305969, -15.346901398189592], [-54.06522985880562, -15.346901520486222], [-54.06523044503333, -15.34690168033073], [-54.0652310192325, -15.346901877038663], [-54.06523157894431, -15.346902109767674], [-54.06523212177199, -15.34690237752118], [-54.06523264539109, -15.346902679152628], [-54.065233147559375, -15.346903013370373], [-54.06523362612649, -15.346903378743265], [-54.06523407904313, -15.346903773706705], [-54.06523450436983, -15.346904196569405], [-54.065234900285304, -15.3469046455206], [-54.06523526509416, -15.346905118637801], [-54.06526628027215, -15.346948212613999], [-54.065286878721984, -15.346934252775844], [-54.065301264602255, -15.34695424119842], [-54.06532186305103, -15.346940281356732], [-54.065336248935346, -15.346960269777675], [-54.06535684738308, -15.346946309932507], [-54.06537123327147, -15.346966298351852], [-54.06539183171813, -15.346952338503115], [-54.065406217610594, -15.34697232692083], [-54.065426816056195, -15.34695836706857], [-54.065441201952716, -15.346978355484675], [-54.06546180039725, -15.346964395628886], [-54.06547618629785, -15.34698438404336], [-54.06549678474135, -15.346970424184004], [-54.06551117381044, -15.346990413142205], [-54.06553178227458, -15.346976446487485], [-54.06557645230155, -15.346984154312592], [-54.065580519819484, -15.346961927407252], [-54.06559436387412, -15.346964313028757], [-54.06559436387412, -15.346964313028757], [-54.06559595175541, -15.346964642505036], [-54.06559751208419, -15.346965078663395], [-54.065599037258686, -15.34696561937889], [-54.06560051984841, -15.346966262017215], [-54.065601952630324, -15.346967003447531], [-54.065603328624064, -15.346967840057628], [-54.06560464112593, -15.346968767771656], [-54.06560588374155, -15.34696978206986], [-54.06560705041702, -15.346970878010703], [-54.06560813546841, -15.346972050254864], [-54.06560913360946, -15.346973293091287], [-54.06561003997734, -15.346974600465], [-54.0656108501563, -15.346975966006617], [-54.06561156019923, -15.346977383063356], [-54.065612166646865, -15.346978844731456], [-54.065612666544666, -15.346980343889808], [-54.06561305745717, -15.346981873234693], [-54.06561333747988, -15.346983425315257], [-54.06561350524857, -15.346984992569952], [-54.065613559945874, -15.346986567363249], [-54.06561350130531, -15.346988142022932], [-54.06561332961256, -15.346989708877405], [-54.06561304570411, -15.3469912602931], [-54.06561265096311, -15.346992788711695], [-54.065612147312706, -15.346994286686888], [-54.06561153720664, -15.346995746920673], [-54.06561082361727, -15.346997162298942], [-54.06561001002114, -15.34699852592613], [-54.065609100382, -15.346999831158767], [-54.06560809913152, -15.347001071637887], [-54.065607011147705, -15.347002241320013], [-54.0656058417311, -15.34700333450656], [-54.06560459657897, -15.347004345871639], [-54.06560328175758, -15.347005270487966], [-54.06560190367261, -15.347006103850907], [-54.06560046903796, -15.34700684190041], [-54.06559898484302, -15.347007481040762], [-54.065597458318635, -15.347008018158146], [-54.06559589690189, -15.347008450635759], [-54.06559430819986, -15.34700877636664], [-54.065592699952525, -15.347008993763843], [-54.065591079995116, -15.34700910176823], [-54.06558945621991, -15.347009099853627], [-54.06558783653777, -15.347008988029348], [-54.065586228839635, -15.347008766840197]]]}, "properties": {"bairro": "Jardins dos Ipes", "quadra": null, "numero_lote": null, "chave": "Jardins dos Ipes|?|?", "area_gis_m2": 109.68, "fonte": "g201.dxf"}}, {"type": "Feature", "geometry": {"type": "Polygon", "coordinates": [[[-54.06499066960628, -15.346906138644368], [-54.06457375200721, -15.346834293426216], [-54.06457375200721, -15.346834293426216], [-54.064573436748624, -15.346834228092446], [-54.0645731269088, -15.346834141732094], [-54.06457282397515, -15.346834034759734], [-54.06457252940191, -15.346833907688904], [-54.0645722446032, -15.346833761129593], [-54.064571970946204, -15.34683359578537], [-54.064571709744634, -15.346833412449993], [-54.0645714622524, -15.346833212003558], [-54.06457122965759, -15.346832995408322], [-54.064571013076794, -15.346832763704057], [-54.06457081354971, -15.346832518003078], [-54.064570632034176, -15.346832259484868], [-54.06457046940158, -15.346831989390475], [-54.06457032643264, -15.34683170901649], [-54.06457020381367, -15.346831419708861], [-54.06457010213334, -15.346831122856425], [-54.06457002187974, -15.346830819884232], [-54.064569963438146, -15.34683051224672], [-54.0645699270891, -15.346830201420701], [-54.06456991300712, -15.346829888898336], [-54.064569921259775, -15.346829576179877], [-54.06456995180747, -15.346829264766559], [-54.06457000450355, -15.34682895615333], [-54.064570079095056, -15.346828651821708], [-54.06457017522389, -15.346828353232645], [-54.0645702924286, -15.34682806181954], [-54.064570430146524, -15.34682777898132], [-54.064570587716545, -15.346827506075766], [-54.064570764382246, -15.346827244412978], [-54.06457095929553, -15.346826995249089], [-54.06457117152072, -15.346826759780209], [-54.06457140003899, -15.346826539136721], [-54.06457164375336, -15.34682633437783], [-54.06457190149385, -15.346826146486505], [-54.06461347795902, -15.346797969739523], [-54.06461347795902, -15.346797969739523], [-54.06461398833135, -15.34679764743733], [-54.064614519333816, -15.346797358216618], [-54.06461506869258, -15.34679710331588], [-54.06461563405521, -15.34679688382666], [-54.06461621300074, -15.34679670068881], [-54.06461680305002, -15.346796554686579], [-54.064617401676394, -15.346796446445166], [-54.06461800631644, -15.346796376428076], [-54.064618614380976, -15.346796344935123], [-54.06461922326621, -15.346796352101178], [-54.06461983036479, -15.34679639789555], [-54.06462043307703, -15.346796482122137], [-54.064633704474495, -15.34679876912181], [-54.064633704474495, -15.34679876912181], [-54.0646343002195, -15.34679889141991], [-54.064634886446186, -15.346799051265863], [-54.06463546064424, -15.34679924797518], [-54.06463602035486, -15.346799480705531], [-54.06463656318128, -15.346799748460313], [-54.064637086799024, -15.346800050092975], [-54.064637588965894, -15.34680038431186], [-54.06463806753153, -15.346800749685807], [-54.064638520446636, -15.34680114465023], [-54.06463894577176, -15.346801567513815], [-54.064639341685606, -15.346802016465814], [-54.06463970649279, -15.346802489583737], [-54.064670721521594, -15.346845583619098], [-54.06469131998947, -15.346831623841178], [-54.06470570580053, -15.346851612291209], [-54.06472630426735, -15.346837652509748], [-54.06474069008246, -15.346857640958142], [-54.06476128854824, -15.346843681173157], [-54.064775674367425, -15.346863669619962], [-54.06479627283213, -15.346849709831428], [-54.06481065865538, -15.346869698276596], [-54.06483125711903, -15.346855738484525], [-54.064845642946345, -15.346875726928094], [-54.06486624140893, -15.346861767132514], [-54.06488062724033, -15.34688175557445], [-54.06490122570186, -15.346867795775307], [-54.064915614701754, -15.346887784760984], [-54.06493622318395, -15.346873818166463], [-54.06498089314556, -15.346881526103521], [-54.064984960720615, -15.346859299219593], [-54.06499880475501, -15.346861684875815], [-54.06499880475501, -15.346861684875815], [-54.06500039263382, -15.346862014356047], [-54.06500195295986, -15.346862450518232], [-54.06500347813136, -15.346862991237415], [-54.06500496071785, -15.346863633879275], [-54.065006393496304, -15.34686437531292], [-54.065007769486385, -15.34686521192618], [-54.06500908198441, -15.346866139643149], [-54.065010324596, -15.346867153944082], [-54.065011491267306, -15.346868249887404], [-54.0650125763144, -15.3468694221338], [-54.06501357445105, -15.3468706649722], [-54.06501448081443, -15.346871972347628], [-54.06501529098883, -15.346873337890674], [-54.06501600102716, -15.34687475494855], [-54.065016607470184, -15.346876216617504], [-54.06501710736336, -15.346877715776419], [-54.06501749827127, -15.346879245121555], [-54.06501777828944, -15.346880797202084], [-54.06501794605365, -15.346882364456446], [-54.06501800074657, -15.346883939249116], [-54.065017942101726, -15.34688551390787], [-54.06501777040484, -15.34688708076113], [-54.0650174864924, -15.34688863217533], [-54.06501709174759, -15.346890160592158], [-54.06501658809356, -15.346891658565296], [-54.06501597798408, -15.346893118796794], [-54.065015264391526, -15.346894534172518], [-54.06501445079245, -15.346895897796937], [-54.06501354115061, -15.346897203026568], [-54.065012539897715, -15.3468984435025], [-54.06501145191176, -15.346899613181222], [-54.0650102824933, -15.3469007063642], [-54.065009037339614, -15.346901717725556], [-54.06500772251699, -15.346902642338021], [-54.06500634443109, -15.346903475696994], [-54.06500490979582, -15.346904213742421], [-54.06500342560059, -15.346904852878613], [-54.06500189907624, -15.346905389991779], [-54.06500033765985, -15.346905822465141], [-54.064998748958494, -15.346906148191731], [-54.06499714071215, -15.346906365584664], [-54.06499552075605, -15.346906473584804], [-54.06499389698245, -15.346906471665994], [-54.064992277302224, -15.346906359837579], [-54.06499066960628, -15.346906138644368]]]}, "properties": {"bairro": "Jardins dos Ipes", "quadra": null, "numero_lote": null, "chave": "Jardins dos Ipes|?|?", "area_gis_m2": 109.68, "fonte": "g201.dxf"}}, {"type": "Feature", "geometry": {"type": "Polygon", "coordinates": [[[-54.06439511124383, -15.346803508956222], [-54.06397819425451, -15.346731662693417], [-54.06397819425451, -15.346731662693417], [-54.06397787899641, -15.34673159735887], [-54.063977569157124, -15.346731510997762], [-54.063977266224065, -15.346731404024668], [-54.06397697165147, -15.346731276953127], [-54.06397668685345, -15.346731130393149], [-54.06397641319718, -15.346730965048305], [-54.06397615199637, -15.346730781712338], [-54.06397590450493, -15.346730581265358], [-54.063975671910946, -15.346730364669625], [-54.06397545533099, -15.346730132964916], [-54.063975255804785, -15.346729887263537], [-54.06397507429014, -15.346729628744987], [-54.06397491165845, -15.3467293586503], [-54.063974768690414, -15.346729078276088], [-54.063974646072374, -15.34672878896828], [-54.063974544392956, -15.346728492115723], [-54.06397446414027, -15.346728189143468], [-54.063974405699575, -15.346727881505952], [-54.06397436935143, -15.346727570679999], [-54.06397435527032, -15.346727258157742], [-54.063974363523826, -15.346726945439464], [-54.06397439407235, -15.346726634026377], [-54.06397444676923, -15.346726325413439], [-54.063974521361494, -15.346726021082153], [-54.06397461749106, -15.346725722493487], [-54.06397473469645, -15.346725431080818], [-54.063974872415024, -15.346725148243097], [-54.06397502998564, -15.346724875338086], [-54.06397520665188, -15.346724613675892], [-54.06397540156566, -15.346724364512628], [-54.063975613791285, -15.346724129044416], [-54.06397584230995, -15.346723908401628], [-54.06397608602463, -15.34672370364347], [-54.06397634376538, -15.346723515752895], [-54.06401792026697, -15.346695339127438], [-54.06401792026697, -15.346695339127438], [-54.06401843063968, -15.346695016826729], [-54.06401896164241, -15.346694727607533], [-54.064019511001334, -15.346694472708345], [-54.06402007636401, -15.34669425322069], [-54.06402065530947, -15.346694070084432], [-54.064021245358575, -15.346693924083803], [-54.06402184398465, -15.346693815843992], [-54.064022448624286, -15.34669374582849], [-54.06402305668832, -15.346693714337135], [-54.06402366557293, -15.346693721504764], [-54.06402427267078, -15.34669376730068], [-54.06402487538219, -15.346693851528784], [-54.06403814676024, -15.346696138561718], [-54.06403814676024, -15.346696138561718], [-54.06403874250433, -15.346696260861304], [-54.06403932873, -15.346696420708698], [-54.06403990292694, -15.34669661741941], [-54.06404046263636, -15.346696850151085], [-54.06404100546151, -15.346697117907146], [-54.06404152907791, -15.346697419541009], [-54.06404203124336, -15.34669775376104], [-54.06404250980752, -15.346698119136043], [-54.06404296272109, -15.34669851410145], [-54.06404338804464, -15.346698936965932], [-54.06404378395685, -15.346699385918741], [-54.06404414876238, -15.346699859037376], [-54.064075163641974, -15.346742953131924], [-54.06409576212789, -15.346728993414201], [-54.06411014786975, -15.346748981891677], [-54.06413074635461, -15.346735022170428], [-54.06414513210051, -15.34675501064627], [-54.06416573058433, -15.346741050921501], [-54.06418011633432, -15.34676103939576], [-54.064200714817055, -15.34674707966742], [-54.06421510057111, -15.346767068140059], [-54.064235699052794, -15.346753108408192], [-54.06425008481091, -15.346773096879222], [-54.06427068329154, -15.346759137143847], [-54.06428506905373, -15.346779125613239], [-54.0643056675333, -15.346765165874299], [-54.064320056463984, -15.34678515488742], [-54.06434066496422, -15.346771188353138], [-54.06438533486048, -15.34677889640212], [-54.06438940249265, -15.346756669539653], [-54.06440324650681, -15.346759055230548], [-54.06440324650681, -15.346759055230548], [-54.064404800129275, -15.346759376410905], [-54.064406327542876, -15.346759799725662], [-54.064407821626105, -15.346760323201119], [-54.064409275412864, -15.346760944396612], [-54.064410682124915, -15.34676166041583], [-54.06441203520353, -15.346762467920357], [-54.064413328340024, -15.34676336314524], [-54.0644145555052, -15.34676434191653], [-54.064415710977464, -15.346765399670748], [-54.064416789369446, -15.346766531476145], [-54.0644177856532, -15.346767732055742], [-54.064418695183576, -15.346768995811871], [-54.06441951371994, -15.346770316852307], [-54.064420237445894, -15.346771689017777], [-54.06442086298708, -15.346773105910591], [-54.06442138742693, -15.346774560924551], [-54.064421808320276, -15.346776047275716], [-54.064422123704716, -15.346777558034015], [-54.06442233210977, -15.346779086155609], [-54.06442243256377, -15.346780624515679], [-54.064422424598334, -15.346782165941697], [-54.0644223082506, -15.346783703246802], [-54.06442208406304, -15.346785229263386], [-54.06442175308092, -15.346786736876437], [-54.06442131684743, -15.346788219056783], [-54.06442077739647, -15.346789668893804], [-54.06442013724323, -15.346791079627687], [-54.06441939937239, -15.34679244468095], [-54.06441856722425, -15.34679375768907], [-54.064417644678656, -15.346795012530203], [-54.06441663603695, -15.346796203353701], [-54.06441554600189, -15.346797324607392], [-54.064414379655716, -15.346798371063468], [-54.064413142436464, -15.346799337842876], [-54.06441184011264, -15.346800220438032], [-54.06441047875626, -15.346801014733874], [-54.06440906471461, -15.346801717027027], [-54.064407604580616, -15.346802324043086], [-54.064406105162085, -15.346802832951838], [-54.06440457344999, -15.34680324138054], [-54.06440301658591, -15.34680354742489], [-54.06440144182865, -15.346803749657983], [-54.06439985652046, -15.346803847136902], [-54.06439826805278, -15.346803839407158], [-54.06439668383178, -15.346803726504799], [-54.06439511124383, -15.346803508956222]]]}, "properties": {"bairro": "Jardins dos Ipes", "quadra": null, "numero_lote": null, "chave": "Jardins dos Ipes|?|?", "area_gis_m2": 109.68, "fonte": "g201.dxf"}}, {"type": "Feature", "geometry": {"type": "Polygon", "coordinates": [[[-54.06379952119171, -15.346700872164641], [-54.0633826048122, -15.346629024857126], [-54.0633826048122, -15.346629024857126], [-54.06338228955458, -15.34662895952179], [-54.06338197971585, -15.346628873159915], [-54.063381676783386, -15.346628766186097], [-54.06338138221143, -15.346628639113863], [-54.06338109741409, -15.346628492553217], [-54.06338082375855, -15.346628327207736], [-54.06338056255851, -15.346628143871184], [-54.06338031506785, -15.346627943423666], [-54.0633800824747, -15.346627726827444], [-54.0633798658956, -15.346627495122279], [-54.06337966637026, -15.346627249420512], [-54.06337948485651, -15.346626990901616], [-54.06337932222573, -15.346626720806643], [-54.063379179258604, -15.346626440432193], [-54.06337905664148, -15.346626151124209], [-54.06337895496298, -15.346625854271544], [-54.0633788747112, -15.346625551299232], [-54.06337881627142, -15.346625243661716], [-54.06337877992416, -15.346624932835816], [-54.063378765843915, -15.346624620313678], [-54.06337877409828, -15.346624307595581], [-54.063378804647634, -15.346623996182723], [-54.063378857345306, -15.346623687570073], [-54.06337893193834, -15.346623383239132], [-54.06337902806863, -15.346623084650862], [-54.0633791452747, -15.34662279323864], [-54.06337928299391, -15.34662251040141], [-54.06337944056513, -15.346622237496943], [-54.06337961723192, -15.346621975835337], [-54.06337981214619, -15.3466217266727], [-54.06338002437224, -15.346621491205145], [-54.063380252891285, -15.34662127056306], [-54.06338049660629, -15.346621065805635], [-54.06338075434731, -15.34662087791583], [-54.0634223308853, -15.346592701411913], [-54.0634223308853, -15.346592701411913], [-54.06342284125839, -15.34659237911267], [-54.0634233722614, -15.34659208989499], [-54.063423921620476, -15.346591834997355], [-54.063424486983195, -15.346591615511269], [-54.063425065928584, -15.346591432376606], [-54.063425655977504, -15.346591286377572], [-54.063426254603286, -15.346591178139363], [-54.06342685924251, -15.346591108125468], [-54.063427467306035, -15.346591076635697], [-54.06342807619002, -15.346591083804896], [-54.06342868328715, -15.346591129602373], [-54.063429285997735, -15.346591213832005], [-54.06344255735638, -15.346593500898178], [-54.06344255735638, -15.346593500898178], [-54.063443153099534, -15.346593623199249], [-54.063443739324185, -15.346593783048085], [-54.06344431352002, -15.346593979760186], [-54.063444873228256, -15.3465942124932], [-54.06344541605212, -15.346594480250534], [-54.063445939667176, -15.346594781885603], [-54.06344644183122, -15.346595116106766], [-54.06344692039389, -15.346595481482835], [-54.06344737330593, -15.346595876449207], [-54.06344779862789, -15.34659629931459], [-54.06344819453848, -15.346596748268194], [-54.06344855934234, -15.346597221387547], [-54.06347957407273, -15.34664031554131], [-54.06350017257669, -15.346626355883775], [-54.06351455824933, -15.346646344388713], [-54.06353515675223, -15.34663238472767], [-54.06354954242893, -15.34665237323094], [-54.06357014093078, -15.346638413566415], [-54.063584526611564, -15.346658402068103], [-54.06360512511234, -15.346644442399985], [-54.06361951079719, -15.346664430900065], [-54.063640109296905, -15.346650471228427], [-54.06365449498581, -15.346670459726893], [-54.06367509348448, -15.346656500051736], [-54.06368947917746, -15.34667648854857], [-54.063710077675076, -15.346662528869837], [-54.06372446653655, -15.346682517910434], [-54.06374507505483, -15.34666855143639], [-54.063789744885725, -15.346676259597288], [-54.06379381257502, -15.346654032756275], [-54.063807656568926, -15.346656418481862], [-54.063807656568926, -15.346656418481862], [-54.06380924444279, -15.34665674797], [-54.063810804763335, -15.346657184139834], [-54.063812329928844, -15.346657724866388], [-54.06381381250887, -15.346658367515307], [-54.063815245280416, -15.346659108955652], [-54.06381662126317, -15.346659945575208], [-54.0638179337535, -15.346660873298061], [-54.06381917635706, -15.346661887604435], [-54.06382034302002, -15.346662983552726], [-54.063821428058525, -15.346664155803595], [-54.063822426186356, -15.34666539864595], [-54.06382333254076, -15.34666670602479], [-54.063824142706046, -15.346668071570692], [-54.06382485273517, -15.346669488630848], [-54.06382545916895, -15.346670950301519], [-54.06382595905289, -15.346672449461552], [-54.06382634995162, -15.346673978807214], [-54.063826629960694, -15.34667553088767], [-54.063826797715954, -15.34667709814136], [-54.0638268524001, -15.346678672932764], [-54.06382679374671, -15.346680247589672], [-54.06382662204154, -15.346681814440501], [-54.063826338121125, -15.346683365851709], [-54.06382594336869, -15.34668489426499], [-54.063825439707415, -15.346686392234059], [-54.063824829591105, -15.346687852460956], [-54.06382411599217, -15.346689267831598], [-54.0638233023872, -15.346690631450457], [-54.063822392739986, -15.346691936674098], [-54.06382139148224, -15.346693177143623], [-54.06382030349201, -15.34669434681556], [-54.06381913406983, -15.34669543999141], [-54.06381788891306, -15.346696451345318], [-54.06381657408794, -15.346697375950074], [-54.06381519600018, -15.34669820930108], [-54.06381376136369, -15.346698947338353], [-54.06381227716788, -15.346699586466224], [-54.06381075064359, -15.346700123570956], [-54.06380918922791, -15.346700556035804], [-54.063807600527895, -15.346700881753858], [-54.063805992283534, -15.346701099138235], [-54.06380437233004, -15.346701207129875], [-54.06380274855966, -15.346701205202653], [-54.06380112888325, -15.346701093365958], [-54.06379952119171, -15.346700872164641]]]}, "properties": {"bairro": "Jardins dos Ipes", "quadra": null, "numero_lote": null, "chave": "Jardins dos Ipes|?|?", "area_gis_m2": 109.68, "fonte": "g201.dxf"}}, {"type": "Feature", "geometry": {"type": "Polygon", "coordinates": [[[-54.0632039222425, -15.346598232197273], [-54.062787006472846, -15.346526383845095], [-54.062787006472846, -15.346526383845095], [-54.062786691215734, -15.346526318508971], [-54.06278638137754, -15.34652623214635], [-54.06278607844567, -15.346526125171792], [-54.062785783874354, -15.346525998098846], [-54.0627854990777, -15.346525851537537], [-54.06278522542288, -15.346525686191441], [-54.062784964223596, -15.346525502854304], [-54.062784716733745, -15.346525302406238], [-54.06278448414141, -15.34652508580951], [-54.06278426756317, -15.346524854103905], [-54.0627840680387, -15.346524608401733], [-54.06278388652585, -15.346524349882499], [-54.06278372389596, -15.34652407978724], [-54.062783580929754, -15.34652379941256], [-54.06278345831354, -15.346523510104399], [-54.062783356635954, -15.346523213251606], [-54.0627832763851, -15.346522910279232], [-54.06278321794621, -15.346522602641711], [-54.06278318159985, -15.346522291815882], [-54.06278316752048, -15.346521979293854], [-54.0627831757757, -15.346521666575923], [-54.062783206325875, -15.346521355163304], [-54.06278325902435, -15.346521046550942], [-54.06278333361814, -15.34652074222035], [-54.06278342974916, -15.346520443632471], [-54.06278354695592, -15.346520152220696], [-54.06278368467577, -15.346519869383963], [-54.062783842247576, -15.34651959648004], [-54.06278401891492, -15.346519334819021], [-54.06278421382968, -15.346519085657], [-54.062784426056176, -15.346518850190119], [-54.0627846545756, -15.346518629548733], [-54.062784898290936, -15.346518424792047], [-54.062785156032206, -15.346518236902993], [-54.062826732606595, -15.346490060520598], [-54.062826732606595, -15.346490060520598], [-54.06282724298007, -15.346489738222836], [-54.062827773983344, -15.34648944900668], [-54.06282832334258, -15.346489194110585], [-54.06282888870534, -15.346488974626078], [-54.062829467650666, -15.346488791492995], [-54.06283005769941, -15.346488645495564], [-54.06283065632489, -15.346488537258956], [-54.06283126096372, -15.346488467246662], [-54.06283186902672, -15.346488435758477], [-54.06283247791009, -15.346488442929257], [-54.06283308500649, -15.346488488728278], [-54.06283368771624, -15.346488572959432], [-54.06284695905548, -15.346490860058868], [-54.06284695905548, -15.346490860058868], [-54.062847554797706, -15.346490982361418], [-54.06284814102134, -15.346491142211685], [-54.06284871521606, -15.346491338925182], [-54.0628492749231, -15.346491571659529], [-54.0628498177457, -15.34649183941814], [-54.06285034135941, -15.346492141054425], [-54.06285084352203, -15.346492475276722], [-54.06285132208323, -15.346492840653848], [-54.06285177499373, -15.346493235621207], [-54.06285220031411, -15.346493658487475], [-54.062852596223074, -15.346494107441886], [-54.06285296102527, -15.346494580561952], [-54.06288397560645, -15.346537674774893], [-54.06290457412844, -15.34652371517759], [-54.062918959731874, -15.346543703709981], [-54.0629395582528, -15.34652974410912], [-54.06295394386029, -15.346549732639875], [-54.06297454238018, -15.346535773035537], [-54.06298892799175, -15.346555761564694], [-54.06300952651057, -15.34654180195677], [-54.063023912126205, -15.346561790484317], [-54.063044510643955, -15.346547830872867], [-54.06305889626365, -15.34656781939878], [-54.063079494780354, -15.346553859783837], [-54.063093880404125, -15.346573848308145], [-54.06311447891977, -15.346559888689614], [-54.06312886771203, -15.346579877757662], [-54.06314947624836, -15.346565911343879], [-54.06319414601389, -15.346573619616686], [-54.0631982137603, -15.346551392797123], [-54.063212057733956, -15.3465537785574], [-54.063212057733956, -15.3465537785574], [-54.063213645605344, -15.34655410804949], [-54.06321520592316, -15.346554544223146], [-54.06321673108567, -15.346555084953389], [-54.06321821366245, -15.346555727605825], [-54.06321964643054, -15.346556469049519], [-54.063221022409635, -15.346557305672244], [-54.06322233489611, -15.346558233398039], [-54.063223577495656, -15.34655924770713], [-54.063224744154454, -15.346560343657904], [-54.06322582918865, -15.346561515911006], [-54.063226827312086, -15.346562758755338], [-54.06322773366198, -15.346564066135882], [-54.06322854382272, -15.346565431683212], [-54.06322925384724, -15.346566848744523], [-54.0632298602764, -15.346568310416028], [-54.06323036015573, -15.346569809576625], [-54.06323075104985, -15.346571338922544], [-54.063231031054386, -15.346572891002966], [-54.06323119880517, -15.346574458256319], [-54.06323125348493, -15.346576033047102], [-54.06323119482727, -15.346577607703082], [-54.063231023117964, -15.346579174552696], [-54.06323073919356, -15.346580725962408], [-54.0632303444373, -15.346582254373914], [-54.063229840772415, -15.346583752340932], [-54.06322923065268, -15.346585212565538], [-54.06322851705056, -15.346586627933636], [-54.06322770344264, -15.346587991549722], [-54.06322679379274, -15.346589296770365], [-54.06322579253258, -15.346590537236684], [-54.06322470454019, -15.346591706905235], [-54.06322353511617, -15.346592800077515], [-54.06322228995784, -15.346593811427704], [-54.06322097513148, -15.34659473602859], [-54.06321959704279, -15.346595569375621], [-54.06321816240569, -15.34659630740881], [-54.063216678209585, -15.346596946532532], [-54.063215151685334, -15.346597483633033], [-54.06321359027, -15.346597916093632], [-54.06321200157067, -15.34659824180741], [-54.06321039332731, -15.34659845918752], [-54.06320877337511, -15.346598567174915], [-54.06320714960634, -15.346598565243484], [-54.06320552993184, -15.346598453402647], [-54.0632039222425, -15.346598232197273]]]}, "properties": {"bairro": "Jardins dos Ipes", "quadra": null, "numero_lote": null, "chave": "Jardins dos Ipes|?|?", "area_gis_m2": 109.68, "fonte": "g201.dxf"}}, {"type": "Feature", "geometry": {"type": "Polygon", "coordinates": [[[-54.06260852276799, -15.34649562495443], [-54.06219160760805, -15.34642377555792], [-54.06219160760805, -15.34642377555792], [-54.06219129235142, -15.346423710221028], [-54.062190982513776, -15.34642362385763], [-54.06219067958249, -15.346423516882348], [-54.062190385011824, -15.346423389808699], [-54.062190100215844, -15.34642324324673], [-54.06218982656176, -15.346423077900006], [-54.06218956536324, -15.346422894562272], [-54.062189317874186, -15.346422694113665], [-54.062189085282675, -15.34642247751645], [-54.06218886870528, -15.34642224581039], [-54.062188669181694, -15.346422000107829], [-54.06218848766972, -15.346421741588248], [-54.06218832504074, -15.346421471492702], [-54.062188182075445, -15.346421191117786], [-54.062188059460155, -15.34642090180945], [-54.062187957783486, -15.346420604956535], [-54.06218787753353, -15.34642030198411], [-54.062187819095556, -15.34641999434659], [-54.06218778275009, -15.346419683520821], [-54.062187768671585, -15.346419370998914], [-54.06218777692766, -15.346419058281159], [-54.06218780747866, -15.346418746868766], [-54.06218786017793, -15.346418438256691], [-54.06218793477248, -15.34641813392644], [-54.062188030904224, -15.346417835338952], [-54.06218814811167, -15.346417543927634], [-54.062188285832164, -15.346417261091394], [-54.06218844340457, -15.34641698818801], [-54.062188620072455, -15.346416726527574], [-54.06218881498771, -15.346416477366187], [-54.062189027214636, -15.346416241899972], [-54.062189255734445, -15.346416021259284], [-54.0621894994501, -15.346415816503328], [-54.06218975719164, -15.346415628615036], [-54.06223133380241, -15.346387452354104], [-54.06223133380241, -15.346387452354104], [-54.06223184417627, -15.346387130057831], [-54.0622323751798, -15.34638684084319], [-54.0622329245392, -15.34638658594866], [-54.06223348990202, -15.346386366465714], [-54.06223406884727, -15.346386183334227], [-54.062234658895825, -15.346386037338402], [-54.06223525752102, -15.346385929103397], [-54.06223586215944, -15.346385859092702], [-54.062236470221926, -15.34638582760611], [-54.062237079104676, -15.34638583477846], [-54.06223768620035, -15.346385880579033], [-54.06223828890927, -15.3463859648117], [-54.06225156022909, -15.346388251944397], [-54.06225156022909, -15.346388251944397], [-54.0622521559704, -15.346388374248425], [-54.06225274219301, -15.346388534100145], [-54.06225331638663, -15.346388730815022], [-54.06225387609248, -15.346388963550709], [-54.062254418913795, -15.346389231310592], [-54.06225494252615, -15.346389532948074], [-54.062255444687366, -15.34638986717151], [-54.06225592324708, -15.346390232549696], [-54.06225637615605, -15.346390627518028], [-54.062256801474845, -15.346391050385197], [-54.06225719738219, -15.346391499340418], [-54.06225756218273, -15.346391972461184], [-54.06228857661473, -15.34643506673327], [-54.06230917515475, -15.346421107196145], [-54.06232356068901, -15.346441095755987], [-54.06234415922796, -15.346427136215326], [-54.06235854476626, -15.3464471247735], [-54.06237914330417, -15.34643316522935], [-54.062393528846556, -15.346453153785951], [-54.0624141273834, -15.34643919423823], [-54.06242851292984, -15.346459182793213], [-54.062449111465625, -15.346445223241966], [-54.06246349701613, -15.34646521179532], [-54.062484095550865, -15.346451252240557], [-54.06249848110545, -15.346471240792306], [-54.062519079639124, -15.346457281233953], [-54.06253346836219, -15.346477270329464], [-54.062554076916555, -15.346463303975895], [-54.06259874661673, -15.346471012360597], [-54.062602814420245, -15.346448785562469], [-54.06261665837365, -15.346451171357437], [-54.06261665837365, -15.346451171357437], [-54.06261821198886, -15.346451492549397], [-54.06261973939444, -15.346451915875393], [-54.06262123346892, -15.346452439361697], [-54.06262268724623, -15.346453060567562], [-54.062624093948216, -15.346453776596654], [-54.062625447016146, -15.346454584110512], [-54.06262674014142, -15.346455479344117], [-54.06262796729489, -15.346456458123505], [-54.062629122754984, -15.34645751588514], [-54.06263020113444, -15.346458647697256], [-54.06263119740533, -15.346459848282825], [-54.062632106922585, -15.346461112044159], [-54.06263292544562, -15.34646243308901], [-54.062633649158094, -15.346463805258077], [-54.062634274685735, -15.346465222153675], [-54.062634799112026, -15.346466677169564], [-54.06263521999186, -15.34646816352181], [-54.062635535362894, -15.346469674280337], [-54.062635743754726, -15.346471202401304], [-54.062635844195725, -15.346472740759893], [-54.06263583621759, -15.346474282183568], [-54.062635719857525, -15.34647581948551], [-54.062635495658036, -15.346477345498096], [-54.062635164664464, -15.346478853106364], [-54.06263472842003, -15.346480335281136], [-54.06263418895871, -15.346481785111829], [-54.06263354879573, -15.346483195838658], [-54.062632810915815, -15.34648456088418], [-54.062631978759306, -15.3464858738839], [-54.062631056206094, -15.346487128716015], [-54.062630047557555, -15.346488319529922], [-54.062628957516466, -15.346489440773494], [-54.06262779116511, -15.346490487218967], [-54.062626553941556, -15.346491453987339], [-54.062625251614314, -15.346492336571073], [-54.06262389025542, -15.346493130855169], [-54.06262247621217, -15.346493833136302], [-54.06262101607749, -15.346494440140118], [-54.06261951665921, -15.346494949036472], [-54.0626179849483, -15.34649535745267], [-54.0626164280863, -15.34649566348447], [-54.06261485333204, -15.346495865705029], [-54.062613268027754, -15.346495963171488], [-54.06261167956484, -15.346495955429413], [-54.06261009534947, -15.346495842514907], [-54.06260852276799, -15.34649562495443]]]}, "properties": {"bairro": "Jardins dos Ipes", "quadra": null, "numero_lote": null, "chave": "Jardins dos Ipes|?|?", "area_gis_m2": 109.68, "fonte": "g201.dxf"}}, {"type": "Feature", "geometry": {"type": "Polygon", "coordinates": [[[-54.06201272693277, -15.346392947781], [-54.06159581238298, -15.346321097339521], [-54.06159581238298, -15.346321097339521], [-54.061595497126845, -15.346321032001836], [-54.06159518728974, -15.346320945637682], [-54.06159488435906, -15.346320838661667], [-54.061594589789024, -15.346320711587314], [-54.06159430499374, -15.346320565024687], [-54.06159403134037, -15.346320399677326], [-54.06159377014262, -15.346320216339016], [-54.061593522654356, -15.34632001588987], [-54.061593290063676, -15.346319799292147], [-54.06159307348713, -15.346319567585649], [-54.061592873964415, -15.346319321882689], [-54.061592692453345, -15.346319063362765], [-54.06159252982526, -15.346318793266935], [-54.06159238686089, -15.34631851289178], [-54.06159226424651, -15.346318223583276], [-54.061592162570754, -15.346317926730244], [-54.06159208232172, -15.346317623757754], [-54.06159202388465, -15.346317316120235], [-54.06159198754006, -15.346317005294523], [-54.06159197346244, -15.346316692772724], [-54.06159198171936, -15.34631638005515], [-54.06159201227119, -15.346316068642995], [-54.06159206497126, -15.34631576003121], [-54.06159213956658, -15.3463154557013], [-54.061592235699045, -15.34631515711421], [-54.06159235290718, -15.346314865703329], [-54.061592490628314, -15.34631458286759], [-54.06159264820131, -15.346314309964752], [-54.06159282486974, -15.346314048304901], [-54.06159301978549, -15.346313799144147], [-54.06159323201286, -15.346313563678585], [-54.06159346053305, -15.346313343038608], [-54.06159370424903, -15.346313138283378], [-54.06159396199082, -15.346312950395841], [-54.06163553863799, -15.346284774256523], [-54.06163553863799, -15.346284774256523], [-54.06163604901223, -15.346284451961727], [-54.06163658001604, -15.346284162748608], [-54.0616371293756, -15.34628390785562], [-54.06163769473845, -15.346283688374246], [-54.061638273683634, -15.346283505244346], [-54.061638863732014, -15.34628335925012], [-54.06163946235691, -15.346283251016725], [-54.061640066994926, -15.346283181007632], [-54.0616406750569, -15.34628314952263], [-54.061641283939025, -15.346283156696556], [-54.061641891033965, -15.34628320249868], [-54.06164249374206, -15.34628328673286], [-54.06165576504247, -15.346285573898799], [-54.06165576504247, -15.346285573898799], [-54.06165636078284, -15.346285696204324], [-54.06165694700444, -15.346285856057477], [-54.06165752119694, -15.34628605277375], [-54.061658080901594, -15.346286285510772], [-54.06165862372165, -15.346286553271932], [-54.061659147332655, -15.34628685491062], [-54.06165964949244, -15.34628718913519], [-54.06166012805068, -15.346287554514445], [-54.06166058095812, -15.346287949483763], [-54.06166100627533, -15.346288372351824], [-54.061661402181045, -15.346288821307851], [-54.061661766979924, -15.346289294429333], [-54.06169278126267, -15.346332388760588], [-54.061713379820716, -15.346318429283713], [-54.06172776528574, -15.346338417870989], [-54.061748363842725, -15.34632445839058], [-54.06176274931179, -15.34634444697622], [-54.06178334786774, -15.346330487492287], [-54.06179773334089, -15.34635047607634], [-54.061818331895765, -15.346336516588856], [-54.06183271737298, -15.346356505171293], [-54.0618533159268, -15.346342545680278], [-54.06186770140807, -15.346362534261084], [-54.06188829996083, -15.346348574766562], [-54.061902685446185, -15.34636856334574], [-54.0619232839979, -15.346354603847642], [-54.06193767265172, -15.346374592970605], [-54.06195828122413, -15.346360626677287], [-54.062002950858904, -15.346368335173963], [-54.062007018719555, -15.346346108397283], [-54.06202086265271, -15.346348494226945], [-54.06202086265271, -15.346348494226945], [-54.062022450519144, -15.346348823726938], [-54.06202401083146, -15.346349259908255], [-54.062025535987985, -15.346349800645868], [-54.062027018558304, -15.346350443305353], [-54.062028451319485, -15.346351184755735], [-54.06202982729125, -15.346352021384764], [-54.06203113977002, -15.346352949116453], [-54.06203238236153, -15.346353963430985], [-54.062033549011986, -15.34635505938673], [-54.062034634037595, -15.3463562316443], [-54.06203563215222, -15.346357474492573], [-54.06203653849313, -15.346358781876525], [-54.06203734864474, -15.34636014742672], [-54.06203805866007, -15.346361564490312], [-54.06203866507999, -15.346363026163537], [-54.06203916495008, -15.346364525325244], [-54.06203955583502, -15.346366054671684], [-54.062039835830454, -15.346367606752041], [-54.06204000357228, -15.34636917400471], [-54.06204005824327, -15.346370748794232], [-54.06203999957706, -15.346372323448362], [-54.06203982785947, -15.346373890295546], [-54.0620395439271, -15.34637544170226], [-54.06203914916322, -15.346376970110224], [-54.06203864549108, -15.346378468073162], [-54.06203803536452, -15.346379928293175], [-54.06203732175603, -15.34638134365619], [-54.062036508142214, -15.346382707266706], [-54.062035598486936, -15.34638401248137], [-54.062034597221924, -15.346385252941278], [-54.06203350922526, -15.346386422603041], [-54.06203233979754, -15.346387515768187], [-54.062031094636104, -15.346388527110937], [-54.062029779807254, -15.346389451704106], [-54.06202840171671, -15.346390285043174], [-54.06202696707839, -15.346391023068207], [-54.0620254828817, -15.346391662183617], [-54.062023956357514, -15.346392199275686], [-54.06202239494289, -15.346392631727758], [-54.06202080624491, -15.346392957432991], [-54.062019198003526, -15.34639317480455], [-54.06201757805395, -15.346393282783444], [-54.0620159542884, -15.346393280843603], [-54.06201433461772, -15.346393168994487], [-54.06201272693277, -15.346392947781]]]}, "properties": {"bairro": "Jardins dos Ipes", "quadra": null, "numero_lote": null, "chave": "Jardins dos Ipes|?|?", "area_gis_m2": 109.68, "fonte": "g201.dxf"}}, {"type": "Feature", "geometry": {"type": "Polygon", "coordinates": [[[-54.06141713047589, -15.34629030331556], [-54.061000216536094, -15.346218451829452], [-54.061000216536094, -15.346218451829452], [-54.060999901280454, -15.346218386490973], [-54.060999591443895, -15.346218300126068], [-54.060999288513806, -15.34621819314932], [-54.06099899394441, -15.346218066074277], [-54.06099870914981, -15.346217919510966], [-54.06099843549717, -15.346217754162993], [-54.060998174300174, -15.34621757082408], [-54.06099792681271, -15.346217370374394], [-54.060997694222856, -15.34621715377618], [-54.06099747764716, -15.346216922069228], [-54.06099727812531, -15.346216676365879], [-54.06099709661513, -15.346216417845609], [-54.06099693398796, -15.346216147749486], [-54.06099679102449, -15.346215867374104], [-54.060996668411036, -15.34621557806542], [-54.0609965667362, -15.346215281212274], [-54.06099648648807, -15.346214978239727], [-54.06099642805191, -15.346214670602201], [-54.060996391708215, -15.34621435977655], [-54.06099637763147, -15.346214047254879], [-54.06099638588924, -15.346213734537471], [-54.06099641644189, -15.346213423125544], [-54.06099646914276, -15.346213114514045], [-54.06099654373884, -15.34621281018448], [-54.06099663987204, -15.346212511597788], [-54.06099675708086, -15.34621222018736], [-54.060996894802635, -15.346211937352107], [-54.06099705237622, -15.346211664449816], [-54.0609972290452, -15.346211402790555], [-54.06099742396144, -15.34621115363042], [-54.06099763618925, -15.346210918165529], [-54.06099786470981, -15.346210697526242], [-54.06099810842611, -15.346210492771753], [-54.06099836616818, -15.346210304884979], [-54.06103994285172, -15.34618212886719], [-54.06103994285172, -15.34618212886719], [-54.06104045322634, -15.346181806573874], [-54.061040984230424, -15.346181517362263], [-54.06104153359014, -15.346181262470816], [-54.06104209895304, -15.34618104299102], [-54.06104267789815, -15.346180859862713], [-54.061043267946346, -15.346180713870082], [-54.06104386657095, -15.346180605638292], [-54.06104447120856, -15.346180535630795], [-54.061045079270016, -15.34618050414739], [-54.06104568815152, -15.346180511322887], [-54.061046295245745, -15.346180557126551], [-54.06104689795301, -15.346180641362267], [-54.061060169234, -15.346182928561452], [-54.061060169234, -15.346182928561452], [-54.061060764973455, -15.346183050868458], [-54.06106135119402, -15.34618321072305], [-54.061061925385424, -15.34618340744072], [-54.06106248508888, -15.346183640179078], [-54.06106302790766, -15.346183907941503], [-54.06106355151732, -15.34618420958141], [-54.06106405367569, -15.346184543807126], [-54.06106453223246, -15.346184909187436], [-54.06106498513836, -15.346185304157736], [-54.061065410453985, -15.346185727026684], [-54.061065806358066, -15.346186175983517], [-54.06106617115528, -15.34618664910572], [-54.061097185288816, -15.346229743496133], [-54.06111778386489, -15.346215784079492], [-54.061132169260695, -15.346235772694197], [-54.06115276783571, -15.346221813273996], [-54.061167153235566, -15.346241801887063], [-54.061187751809534, -15.346227842463346], [-54.06120213721348, -15.346247831074843], [-54.06122273578638, -15.346233871647573], [-54.061237121194374, -15.346253860257454], [-54.06125771976622, -15.346239900826642], [-54.06127210517828, -15.346259889434894], [-54.06129270374907, -15.346245930000578], [-54.06130708916521, -15.346265918607223], [-54.061327687734945, -15.346251959169326], [-54.061342076319555, -15.346271948319746], [-54.06136268491001, -15.34625798208668], [-54.0614073544794, -15.346265690695274], [-54.06141142239717, -15.346243463940047], [-54.06142526631005, -15.346245849804395], [-54.06142526631005, -15.346245849804395], [-54.061426854174016, -15.346246179308343], [-54.06142841448359, -15.34624661549347], [-54.06142993963712, -15.346247156234769], [-54.06143142220421, -15.346247798897782], [-54.06143285496193, -15.34624854035152], [-54.06143423093004, -15.346249376983703], [-54.06143554340496, -15.346250304718327], [-54.06143678599245, -15.346251319035584], [-54.061437952638734, -15.346252414993812], [-54.06143903766005, -15.346253587253624], [-54.06144003577026, -15.346254830103868], [-54.06144094210669, -15.346256137489524], [-54.06144175225374, -15.346257503041146], [-54.06144246226447, -15.346258920105885], [-54.06144306867977, -15.346260381779956], [-54.06144356854524, -15.346261880942222], [-54.061443959425596, -15.346263410288934], [-54.06144423941649, -15.346264962369252], [-54.061444407153836, -15.346266529621591], [-54.061444461820436, -15.346268104410477], [-54.06144440314995, -15.346269679063683], [-54.061444231428226, -15.346271245909655], [-54.06144394749186, -15.346272797314873], [-54.061443552724164, -15.346274325721058], [-54.06144304904841, -15.346275823681967], [-54.06144243891844, -15.34627728389967], [-54.06144172530676, -15.346278699260145], [-54.06144091169, -15.34628006286789], [-54.06144000203202, -15.346281368079552], [-54.061439000764594, -15.346282608536251], [-54.06143791276578, -15.346283778194628], [-54.061436743336216, -15.346284871356218], [-54.061435498173225, -15.34628588269524], [-54.06143418334314, -15.346286807284546], [-54.06143280525166, -15.34628764061964], [-54.06143137061272, -15.346288378640596], [-54.061429886415745, -15.346289017751845], [-54.061428359891586, -15.346289554839696], [-54.06142679847732, -15.346289987287513], [-54.06142520978001, -15.346290312988469], [-54.06142360153962, -15.34629053035576], [-54.061421981591344, -15.346290638330409], [-54.061420357827416, -15.346290636386364], [-54.061418738158636, -15.346290524533105], [-54.06141713047589, -15.34629030331556]]]}, "properties": {"bairro": "Jardins dos Ipes", "quadra": null, "numero_lote": null, "chave": "Jardins dos Ipes|?|?", "area_gis_m2": 109.68, "fonte": "g201.dxf"}}, {"type": "Feature", "geometry": {"type": "Polygon", "coordinates": [[[-54.05997886704255, -15.346042427739585], [-54.05956195457598, -15.345970573731028], [-54.05956195457598, -15.345970573731028], [-54.05956163932152, -15.345970508390655], [-54.05956132948628, -15.345970422023903], [-54.059561026557624, -15.345970315045387], [-54.05956073198978, -15.345970187968653], [-54.05956044719683, -15.345970041403744], [-54.05956017354594, -15.345969876054244], [-54.059559912350785, -15.345969692713934], [-54.05955966486525, -15.345969492262933], [-54.05955943227739, -15.345969275663517], [-54.05955921570375, -15.345969043955494], [-54.05955901618401, -15.345968798251171], [-54.059558834675975, -15.345968539730086], [-54.05955867205098, -15.345968269633257], [-54.05955852908972, -15.345967989257309], [-54.05955840647848, -15.345967699948202], [-54.059558304805854, -15.345967403094777], [-54.059558224559936, -15.34596710012209], [-54.05955816612595, -15.345966792484573], [-54.05955812978441, -15.34596648165905], [-54.05955811570977, -15.345966169137665], [-54.0595581239696, -15.345965856420674], [-54.059558154524254, -15.345965545009312], [-54.05955820722704, -15.345965236398513], [-54.05955828182496, -15.345964932069775], [-54.05955837795992, -15.345964633484035], [-54.05955849517039, -15.345964342074682], [-54.05955863289372, -15.34596405924063], [-54.05955879046875, -15.345963786339647], [-54.05955896713904, -15.345963524681787], [-54.05955916205647, -15.345963275523177], [-54.059559374285335, -15.345963040059901], [-54.05955960280682, -15.345962819422303], [-54.0595598465239, -15.345962614669572], [-54.05956010426659, -15.345962426784642], [-54.059601681037975, -15.345934251060353], [-54.059601681037975, -15.345934251060353], [-54.05960219141352, -15.34593392877061], [-54.059602722418255, -15.345933639562665], [-54.05960327177834, -15.345933384674959], [-54.05960383714135, -15.345933165198964], [-54.059604416086295, -15.345932982074492], [-54.059605006134056, -15.345932836085728], [-54.05960560475795, -15.3459327278578], [-54.05960620939457, -15.34593265785417], [-54.05960681745479, -15.345932626374614], [-54.05960742633479, -15.345932633553902], [-54.05960803342726, -15.34593267936132], [-54.05960863613253, -15.345932763600699], [-54.05962190736662, -15.34593505088018], [-54.05962190736662, -15.34593505088018], [-54.05962250310384, -15.345935173190764], [-54.059623089321946, -15.34593533304883], [-54.05962366351067, -15.345935529769857], [-54.059624223211244, -15.345935762511438], [-54.05962476602694, -15.345936030276945], [-54.05962528963335, -15.345936331919772], [-54.05962579178831, -15.345936666148221], [-54.0596262703415, -15.34593703153109], [-54.059626723243696, -15.34593742650375], [-54.0596271485555, -15.345937849374868], [-54.05962754445566, -15.345938298333632], [-54.05962790924885, -15.345938771457554], [-54.059658923022035, -15.345981865990836], [-54.05967952164163, -15.345967906719578], [-54.0596939068703, -15.345987895400551], [-54.059714505488834, -15.345973936125747], [-54.05972889072155, -15.345993924805093], [-54.05974948933905, -15.345979965526785], [-54.05976387457584, -15.345999954204522], [-54.05978447319226, -15.34598599492267], [-54.059798858433126, -15.346005983598797], [-54.059819457048484, -15.345992024313404], [-54.059833842293415, -15.346012012987913], [-54.05985444090771, -15.345998053699011], [-54.05986882615672, -15.346018042371908], [-54.05988942476998, -15.346004083079418], [-54.05990381318744, -15.3460240722961], [-54.05992442182142, -15.346010106208523], [-54.0599690912329, -15.346017815087357], [-54.059973159288596, -15.345995588383962], [-54.05998700315257, -15.34599797433208], [-54.05998700315257, -15.34599797433208], [-54.05998859101055, -15.345998303845564], [-54.05999015131351, -15.345998740039951], [-54.059991676459795, -15.34599928079015], [-54.059993159019065, -15.345999923461669], [-54.059994591768444, -15.346000664923483], [-54.05999596772771, -15.346001501563274], [-54.05999728019333, -15.34600242930501], [-54.05999852277111, -15.34600344362883], [-54.05999968940733, -15.34600453959306], [-54.06000077441826, -15.346005711858265], [-54.06000177251784, -15.346006954713276], [-54.06000267884342, -15.346008262103055], [-54.06000348897946, -15.346009627658116], [-54.06000419897908, -15.346011044725618], [-54.06000480538322, -15.346012506401753], [-54.06000530523754, -15.346014005565365], [-54.0600056961068, -15.346015534912702], [-54.06000597608671, -15.346017086992923], [-54.06000614381325, -15.34601865424445], [-54.06000619846925, -15.346020229031806], [-54.06000613978845, -15.34602180368278], [-54.06000596805673, -15.346023370525819], [-54.06000568411074, -15.346024921927421], [-54.06000528933384, -15.346026450329322], [-54.060004785649326, -15.346027948285293], [-54.060004175511125, -15.346029408497454], [-54.06000346189174, -15.346030823851788], [-54.06000264826787, -15.346032187452819], [-54.0600017386034, -15.34603349265724], [-54.060000737330114, -15.346034733106213], [-54.05999964932614, -15.346035902756398], [-54.059998479892094, -15.346036995909365], [-54.05999723472537, -15.346038007239402], [-54.05999591989228, -15.346038931819386], [-54.05999454179857, -15.346039765144868], [-54.05999310715815, -15.34604050315597], [-54.059991622960474, -15.346041142257178], [-54.059990096436394, -15.346041679334853], [-54.05998853502299, -15.346042111772386], [-54.05998694632731, -15.346042437463018], [-54.05998533808932, -15.346042654819987], [-54.059983718144196, -15.346042762784373], [-54.05998209438416, -15.346042760830178], [-54.05998047471999, -15.346042648966915], [-54.05997886704255, -15.346042427739585]]]}, "properties": {"bairro": "Jardins dos Ipes", "quadra": null, "numero_lote": null, "chave": "Jardins dos Ipes|?|?", "area_gis_m2": 109.68, "fonte": "g201.dxf"}}, {"type": "Feature", "geometry": {"type": "Polygon", "coordinates": [[[-54.05938327368336, -15.345939778199227], [-54.058966361826926, -15.345867923146143], [-54.058966361826926, -15.345867923146143], [-54.05896604657296, -15.345867857804988], [-54.05896573673826, -15.345867771437481], [-54.0589654338102, -15.345867664458233], [-54.05896513924299, -15.345867537380796], [-54.05896485445073, -15.34586739081522], [-54.05896458080057, -15.34586722546509], [-54.05896431960618, -15.34586704212419], [-54.058964072121434, -15.345866841672642], [-54.0589638395344, -15.345866625072738], [-54.05896362296162, -15.345866393364268], [-54.058963423442755, -15.345866147659558], [-54.05896324193561, -15.345865889138118], [-54.05896307931152, -15.345865619041009], [-54.05896293635117, -15.345865338664831], [-54.05896281374085, -15.345865049355549], [-54.05896271206913, -15.345864752501996], [-54.05896263182414, -15.34586444952925], [-54.05896257339106, -15.34586414189173], [-54.0589625370504, -15.345863831066273], [-54.058962522976636, -15.345863518545002], [-54.05896253123732, -15.34586320582819], [-54.0589625617928, -15.345862894417062], [-54.05896261449639, -15.345862585806547], [-54.058962689095075, -15.345862281478146], [-54.05896278523075, -15.345861982892812], [-54.05896290244191, -15.345861691483899], [-54.05896304016588, -15.345861408650345], [-54.0589631977415, -15.345861135749898], [-54.058963374412336, -15.345860874092642], [-54.05896356933026, -15.345860624934652], [-54.05896378155956, -15.345860389472035], [-54.05896401008143, -15.34586016883514], [-54.058964253798834, -15.345859964083145], [-54.05896451154178, -15.345859776198965], [-54.05900608834953, -15.345831600596224], [-54.05900608834953, -15.345831600596224], [-54.059006598725446, -15.345831278307958], [-54.05900712973045, -15.34583098910154], [-54.059007679090705, -15.345830734215383], [-54.059008244453764, -15.345830514740953], [-54.059008823398635, -15.345830331618071], [-54.05900941344621, -15.345830185630907], [-54.05901001206981, -15.345830077404585], [-54.059010616706026, -15.345830007402562], [-54.05901122476573, -15.34582997592459], [-54.05901183364511, -15.345829983105459], [-54.05901244073685, -15.345830028914422], [-54.0590130434413, -15.345830113155325], [-54.05902631465596, -15.345832400468051], [-54.05902631465596, -15.345832400468051], [-54.05902691039225, -15.345832522780125], [-54.05902749660934, -15.345832682639633], [-54.059028070796955, -15.34583287936205], [-54.05902863049633, -15.345833112104968], [-54.059029173310755, -15.34583337987175], [-54.05902969691582, -15.345833681515773], [-54.059030199069355, -15.34583401574537], [-54.059030677621074, -15.345834381129302], [-54.05903113052173, -15.345834776102935], [-54.05903155583195, -15.34583519897494], [-54.059031951730475, -15.345835647934521], [-54.05903231652202, -15.34583612105915], [-54.05906333014598, -15.345879215651552], [-54.059083928783586, -15.345865256440508], [-54.059098313943046, -15.345885245148912], [-54.0591189125796, -15.345871285934333], [-54.0591332977431, -15.345891274641112], [-54.059153896378604, -15.345877315423015], [-54.05916828154619, -15.345897304128195], [-54.05918888018063, -15.345883344906552], [-54.05920326535228, -15.345903333610122], [-54.05922386398565, -15.34588937438493], [-54.05923824916136, -15.345909363086875], [-54.059258847793686, -15.34589540385819], [-54.059273232973474, -15.345915392558515], [-54.05929383160475, -15.345901433326244], [-54.05930821995299, -15.345921422570386], [-54.059328828605004, -15.345907456543031], [-54.05937349795108, -15.345915165533786], [-54.05937756606388, -15.345892938851842], [-54.0593914099076, -15.345895324834641], [-54.0593914099076, -15.345895324834641], [-54.059392997763105, -15.345895654352073], [-54.05939455806331, -15.345896090550289], [-54.05939608320661, -15.345896631304157], [-54.059397565762644, -15.345897273979212], [-54.05939899850856, -15.34589801544438], [-54.05940037446417, -15.345898852087316], [-54.05940168692594, -15.345899779832001], [-54.0594029294997, -15.345900794158544], [-54.05940409613176, -15.34590189012525], [-54.05940518113839, -15.345903062392685], [-54.059406179233555, -15.345904305249682], [-54.05940708555464, -15.345905612641156], [-54.05940789568613, -15.345906978197648], [-54.059408605681156, -15.345908395266298], [-54.05940921208067, -15.345909856943269], [-54.05940971193037, -15.345911356107448], [-54.059410102795034, -15.345912885455045], [-54.0594103827704, -15.345914437535228], [-54.059410550492466, -15.345916004786432], [-54.05941060514408, -15.345917579573149], [-54.05941054645901, -15.345919154223193], [-54.05941037472315, -15.34592072106502], [-54.05941009077317, -15.34592227246512], [-54.05940969599245, -15.34592380086525], [-54.05940919230432, -15.345925298819184], [-54.0594085821627, -15.345926759029044], [-54.059407868540134, -15.345928174380827], [-54.059407054913315, -15.345929537979098], [-54.05940614524615, -15.345930843180513], [-54.05940514397045, -15.345932083626282], [-54.059404055964336, -15.345933253273074], [-54.059402886528446, -15.345934346422473], [-54.05940164136017, -15.345935357748784], [-54.05940032652583, -15.345936282324915], [-54.05939894843119, -15.345937115646414], [-54.05939751379017, -15.345937853653437], [-54.0593960295922, -15.345938492750488], [-54.059394503068155, -15.345939029823938], [-54.059392941655105, -15.345939462257219], [-54.0593913529601, -15.345939787943573], [-54.0593897447231, -15.345940005296278], [-54.05938812477928, -15.345940113256411], [-54.05938650102085, -15.345940111298017], [-54.0593848813586, -15.345939999430612], [-54.05938327368336, -15.345939778199227]]]}, "properties": {"bairro": "Jardins dos Ipes", "quadra": null, "numero_lote": null, "chave": "Jardins dos Ipes|?|?", "area_gis_m2": 109.68, "fonte": "g201.dxf"}}, {"type": "Feature", "geometry": {"type": "Polygon", "coordinates": [[[-54.0587876812477, -15.345837127175642], [-54.05837077000146, -15.34576527107803], [-54.05837077000146, -15.34576527107803], [-54.05837045474799, -15.345765205736088], [-54.05837014491382, -15.34576511936782], [-54.058369841986355, -15.34576501238784], [-54.058369547419794, -15.3457648853097], [-54.05836926262822, -15.345764738743465], [-54.058368988978785, -15.345764573392708], [-54.05836872778515, -15.345764390051228], [-54.058368480301205, -15.345764189599135], [-54.058368247714995, -15.345763972998725], [-54.05836803114306, -15.345763741289813], [-54.05836783162508, -15.3457634955847], [-54.05836765011882, -15.345763237062927], [-54.05836748749564, -15.34576296696552], [-54.058367344536194, -15.345762686589113], [-54.05836722192679, -15.345762397279653], [-54.058367120256, -15.34576210042599], [-54.05836704001191, -15.34576179745319], [-54.05836698157973, -15.345761489815672], [-54.058366945239975, -15.345761178990262], [-54.05836693116708, -15.345760866469115], [-54.058366939428616, -15.345760553752472], [-54.05836696998492, -15.345760242341571], [-54.058367022689296, -15.345759933731351], [-54.05836709728875, -15.3457596294033], [-54.05836719342515, -15.345759330818352], [-54.058367310636996, -15.345759039409888], [-54.05836744836161, -15.345758756576837], [-54.058367605937825, -15.345758483676928], [-54.0583677826092, -15.345758222020251], [-54.05836797752762, -15.345757972862888], [-54.05836818975736, -15.345757737400945], [-54.058368418279606, -15.345757516764747], [-54.05836866199733, -15.345757312013482], [-54.058368919740545, -15.34575712413007], [-54.05841049658465, -15.34572894864887], [-54.05841049658465, -15.34572894864887], [-54.058411006960945, -15.345728626362085], [-54.05841153796623, -15.34572833715718], [-54.05841208732664, -15.345728082272572], [-54.05841265268973, -15.345727862799716], [-54.05841323163454, -15.345727679678424], [-54.05841382168193, -15.34572753369285], [-54.05841442030523, -15.345727425468136], [-54.058415024941056, -15.3457273554677], [-54.05841563300024, -15.345727323991314], [-54.058416241878994, -15.345727331173753], [-54.05841684897001, -15.345727376984271], [-54.05841745167362, -15.345727461226689], [-54.05843072286886, -15.345729748572694], [-54.05843072286886, -15.345729748572694], [-54.05843131860423, -15.345729870886249], [-54.058431904820296, -15.345730030747196], [-54.0584324790068, -15.345730227471005], [-54.05843303870498, -15.345730460215256], [-54.058433581518145, -15.34573072798331], [-54.058434105121854, -15.345731029628551], [-54.05843460727398, -15.345731363859274], [-54.058435085824215, -15.345731729244266], [-54.05843553872334, -15.345732124218884], [-54.05843596403197, -15.345732547091783], [-54.05843635992887, -15.345732996052162], [-54.05843672471875, -15.345733469177505], [-54.05846773819349, -15.345776563829045], [-54.058488336849116, -15.345762604678221], [-54.05850272193935, -15.34578259341405], [-54.05852332059391, -15.345768634259697], [-54.0585377056882, -15.3457886229939], [-54.05855830434172, -15.34577466383602], [-54.0585726894401, -15.345794652568618], [-54.058593288092545, -15.345780693407209], [-54.05860767319498, -15.345800682138208], [-54.058628271846366, -15.34578672297323], [-54.05864265695286, -15.3458067117026], [-54.0586632556032, -15.345792752534138], [-54.058677640713775, -15.345812741261868], [-54.05869823936305, -15.345798782089844], [-54.05871262764209, -15.345818771361412], [-54.05873323631212, -15.345804805394303], [-54.05877790559279, -15.345812514496965], [-54.058781973762706, -15.345790287836506], [-54.058795817586166, -15.34579267385397], [-54.058795817586166, -15.34579267385397], [-54.05879740543918, -15.345793003375354], [-54.058798965736656, -15.345793439577395], [-54.058800490876955, -15.34579398033496], [-54.05880197342976, -15.345794623013523], [-54.05880340617222, -15.345795364482038], [-54.058804782124156, -15.345796201128133], [-54.05880609458208, -15.345797128875759], [-54.05880733715182, -15.345798143205013], [-54.058808503779716, -15.345799239174218], [-54.05880958878205, -15.345800411443886], [-54.0588105868728, -15.345801654302852], [-54.0588114931894, -15.345802961696034], [-54.05881230331633, -15.345804327253951], [-54.058813013306754, -15.345805744323732], [-54.05881361970165, -15.345807206001568], [-54.05881411954673, -15.345808705166295], [-54.058814510406805, -15.345810234514163], [-54.05881479037763, -15.345811786594304], [-54.05881495809521, -15.345813353845168], [-54.05881501274244, -15.345814928631258], [-54.058814954053105, -15.345816503280377], [-54.0588147823131, -15.345818070120986], [-54.058814498359126, -15.345819621519588], [-54.0588141035746, -15.345821149917949], [-54.05881359988285, -15.345822647869841], [-54.05881298973782, -15.345824108077402], [-54.058812276112064, -15.345825523426646], [-54.058811462482296, -15.345826887022131], [-54.058810552812446, -15.345828192220557], [-54.058809551534324, -15.345829432663113], [-54.05880846352606, -15.345830602306508], [-54.05880729408832, -15.345831695452354], [-54.0588060489185, -15.345832706774946], [-54.05880473408292, -15.345833631347213], [-54.058803355987344, -15.345834464664735], [-54.05880192134571, -15.34583520266768], [-54.058800437147454, -15.345835841760577], [-54.058798910623445, -15.345836378829803], [-54.05879734921075, -15.34583681125883], [-54.05879576051642, -15.345837136940911], [-54.05879415228041, -15.345837354289344], [-54.058792532337904, -15.345837462245232], [-54.05879090858108, -15.345837460282624], [-54.05878928892074, -15.345837348411084], [-54.0587876812477, -15.345837127175642]]]}, "properties": {"bairro": "Jardins dos Ipes", "quadra": null, "numero_lote": null, "chave": "Jardins dos Ipes|?|?", "area_gis_m2": 109.68, "fonte": "g201.dxf"}}, {"type": "Feature", "geometry": {"type": "Polygon", "coordinates": [[[-54.05819208964698, -15.34573447465354], [-54.05777517901097, -15.345662617511463], [-54.05777517901097, -15.345662617511463], [-54.057774863757984, -15.345662552168742], [-54.05777455392437, -15.345662465799714], [-54.0577742509975, -15.345662358818998], [-54.057773956431575, -15.34566223174016], [-54.05777367164068, -15.345662085173256], [-54.05777339799197, -15.34566191982187], [-54.05777313679911, -15.345661736479801], [-54.05777288931596, -15.345661536027174], [-54.05777265673058, -15.345661319426267], [-54.057772440159496, -15.345661087716904], [-54.05777224064238, -15.345660842011407], [-54.057772059137015, -15.345660583489277], [-54.05777189651474, -15.345660313391596], [-54.05777175355621, -15.345660033014957], [-54.05777163094772, -15.345659743705323], [-54.057771529277844, -15.34565944685154], [-54.057771449034675, -15.345659143878674], [-54.0577713906034, -15.34565883624115], [-54.057771354264524, -15.345658525415818], [-54.05777134019251, -15.345658212894776], [-54.0577713484549, -15.345657900178313], [-54.057771379012024, -15.345657588767647], [-54.0577714317172, -15.345657280157715], [-54.057771506317415, -15.34565697583001], [-54.05777160245455, -15.345656677245456], [-54.05777171966708, -15.345656385837447], [-54.057771857392325, -15.34565610300488], [-54.057772014969146, -15.345655830105521], [-54.05777219164107, -15.345655568449432], [-54.057772386559975, -15.345655319292701], [-54.05777259879015, -15.34565508383141], [-54.05777282731278, -15.345654863195925], [-54.05777307103082, -15.345654658445392], [-54.0577733287743, -15.345654470562732], [-54.05781490565475, -15.345626295203052], [-54.05781490565475, -15.345626295203052], [-54.05781541603143, -15.345625972917759], [-54.057815947036985, -15.345625683714374], [-54.05781649639754, -15.345625428831312], [-54.05781706176069, -15.345625209360028], [-54.05781764070543, -15.345625026240326], [-54.05781823075263, -15.34562488025636], [-54.05781882937564, -15.34562477203325], [-54.05781943401105, -15.34562470203443], [-54.05782004206973, -15.345624670559628], [-54.05782065094785, -15.345624677743649], [-54.057821258038146, -15.345624723555707], [-54.05782186074093, -15.34562480779964], [-54.05783513191675, -15.345627095178866], [-54.05783513191675, -15.345627095178866], [-54.05783572765118, -15.345627217493893], [-54.05783631386623, -15.345627377356289], [-54.05783688805163, -15.34562757408148], [-54.05783744774862, -15.345627806827064], [-54.05783799056051, -15.345628074596398], [-54.05783851416287, -15.345628376242846], [-54.05783901631357, -15.345628710474708], [-54.05783949486233, -15.345629075860758], [-54.05783994775992, -15.345629470836345], [-54.05784037306697, -15.345629893710141], [-54.057840768962244, -15.345630342671328], [-54.057841133750465, -15.345630815797385], [-54.057872147075976, -15.345673910508081], [-54.057892745749605, -15.34565995141748], [-54.05790713077063, -15.345679940180743], [-54.0579277294432, -15.34566598108657], [-54.057942114468275, -15.345685969848207], [-54.05796271313981, -15.345672010750565], [-54.05797709816896, -15.34569199951059], [-54.05799769683942, -15.34567804040937], [-54.05801208187264, -15.345698029167801], [-54.05803268054204, -15.345684070063053], [-54.058047065579316, -15.345704058819852], [-54.05806766424766, -15.345690099711597], [-54.05808204928903, -15.345710088466786], [-54.05810264795632, -15.345696129354943], [-54.058117036166124, -15.345716118653952], [-54.05813764485418, -15.345702152747085], [-54.05818231406945, -15.345709861961652], [-54.05818638229647, -15.34568763532267], [-54.058200226099665, -15.34569002137483], [-54.058200226099665, -15.34569002137483], [-54.05820177969692, -15.345690342595459], [-54.058203307082664, -15.345690765949254], [-54.0582048011355, -15.345691289462339], [-54.05820625488949, -15.345691910693871], [-54.058207661566534, -15.345692626747365], [-54.05820901460808, -15.345693434284264], [-54.05821030770561, -15.345694329539452], [-54.05821153483011, -15.345695308338838], [-54.058212690260156, -15.345696366118815], [-54.0582137686086, -15.345697497947516], [-54.0582147648477, -15.345698698547835], [-54.05821567433251, -15.345699962322026], [-54.058216492822595, -15.345701283377796], [-54.05821721650177, -15.345702655555765], [-54.05821784199592, -15.345704072458208], [-54.05821836638869, -15.345705527478874], [-54.05821878723513, -15.34570701383377], [-54.058219102573034, -15.345708524592853], [-54.05821931093216, -15.345710052712255], [-54.05821941134105, -15.345711591067166], [-54.058219403331535, -15.345713132485068], [-54.05821928694096, -15.345714669779177], [-54.058219062712, -15.3457161957819], [-54.0582187316901, -15.345717703378304], [-54.058218295418634, -15.345719185539304], [-54.0582177559317, -15.345720635354343], [-54.05821711574464, -15.34572204606374], [-54.0582163778423, -15.34572341109011], [-54.058215545665114, -15.345724724069061], [-54.05821462309307, -15.345725978878892], [-54.05821361442765, -15.345727169669084], [-54.05821252437169, -15.345728290887628], [-54.05821135800755, -15.34572933730688], [-54.05821012077335, -15.345730304047963], [-54.05820881843765, -15.345731186603473], [-54.05820745707254, -15.345731980858524], [-54.05820604302535, -15.34573268310995], [-54.058204582889005, -15.345733290083505], [-54.058203083471334, -15.345733798949201], [-54.058201551763325, -15.34573420733449], [-54.058199994906516, -15.345734513335277], [-54.058198420159684, -15.345734715524848], [-54.05819683486503, -15.345734812960506], [-54.05819524641394, -15.345734805187952], [-54.05819366221249, -15.345734692243434], [-54.05819208964698, -15.34573447465354]]]}, "properties": {"bairro": "Jardins dos Ipes", "quadra": null, "numero_lote": null, "chave": "Jardins dos Ipes|?|?", "area_gis_m2": 109.68, "fonte": "g201.dxf"}}, {"type": "Feature", "geometry": {"type": "Polygon", "coordinates": [[[-54.067068032377094, -15.347346647825086], [-54.06706638514631, -15.347346419941918], [-54.067064725733964, -15.347346301615094], [-54.06706306186902, -15.347346293395749], [-54.06706140130121, -15.34734639532215], [-54.06705975176491, -15.34734660691957], [-54.067058120943074, -15.347346927202464], [-54.06705651643155, -15.347347354679043], [-54.0670549457036, -15.34734788735828], [-54.067053416075154, -15.347348522759125], [-54.067051934670694, -15.347349257922108], [-54.06705050839011, -15.34735008942307], [-54.067049143876545, -15.347351013389174], [-54.067047847485426, -15.34735202551688], [-54.067046625254925, -15.347353121092063], [-54.06704548287777, -15.347354295011883], [-54.06704442567477, -15.347355541808609], [-54.06704345857003, -15.347356855675097], [-54.067042586068006, -15.34735823049179], [-54.067041812232496, -15.347359659855266], [-54.0670411406678, -15.347361137108019], [-54.06704057450181, -15.34736265536951], [-54.067040116371565, -15.347364207568175], [-54.067039768410865, -15.347365786474407], [-54.067039532240415, -15.347367384734177], [-54.067039532240415, -15.347367384734177], [-54.06703811107364, -15.347377030088152], [-54.06703602319341, -15.347386560557853], [-54.06703602319341, -15.347386560557853], [-54.06703567786427, -15.347388140008034], [-54.06703544435749, -15.3473897386363], [-54.067035323760656, -15.3473913489968], [-54.06703531663549, -15.347392963589016], [-54.06703542301518, -15.347394574892702], [-54.06703564240422, -15.347396175402965], [-54.0670359737808, -15.347397757665151], [-54.06703641560147, -15.347399314309618], [-54.067036965808384, -15.347400838086038], [-54.067037621838864, -15.347402321897178], [-54.06703838063734, -15.347403758831923], [-54.067039238669594, -15.347405142197532], [-54.06704019193918, -15.34740646555074], [-54.06704123600611, -15.347407722727816], [-54.06704236600747, -15.347408907873241], [-54.06704357668007, -15.347410015467021], [-54.06704486238503, -15.347411040350327], [-54.067046217133964, -15.347411977749626], [-54.06704763461689, -15.347412823298804], [-54.067049108231664, -15.34741357305957], [-54.06705063111466, -15.347414223539811], [-54.067052196172824, -15.3474147717098], [-54.06705379611662, -15.347415215016323], [-54.06705542349405, -15.34741555139463], [-54.06705542349405, -15.34741555139463], [-54.067351579200704, -15.347466583031466], [-54.067351579200704, -15.347466583031466], [-54.06735323043045, -15.347466811437005], [-54.06735489387348, -15.347466929963593], [-54.067356561774055, -15.347466938058611], [-54.067358226355665, -15.347466835684301], [-54.06735987985724, -15.34746662331799], [-54.067361514569406, -15.347466301949824], [-54.06736312287036, -15.34746587307818], [-54.06736469726147, -15.347465338702651], [-54.0673662304022, -15.347464701314724], [-54.06736771514433, -15.34746396388622], [-54.0673691445653, -15.347463129855356], [-54.0673705120005, -15.34746220311078], [-54.06737181107431, -15.347461187973407], [-54.06737303572984, -15.347460089176263], [-54.06737418025718, -15.347458911842466], [-54.067375239320036, -15.347457661461272], [-54.067376207980544, -15.34745634386255], [-54.06737708172237, -15.34745496518955], [-54.06737785647174, -15.34745353187029], [-54.06737852861639, -15.34745205058756], [-54.067379095022496, -15.347450528247785], [-54.06737955304919, -15.347448971948817], [-54.067379900560965, -15.347447388946842], [-54.067383967911866, -15.347425161977439], [-54.067383967911866, -15.347425161977439], [-54.06738420328836, -15.347423559653128], [-54.067384325432265, -15.347421945477286], [-54.06738433377406, -15.34742032697593], [-54.06738422827487, -15.347418711695273], [-54.06738400942658, -15.347417107166502], [-54.06738367824958, -15.347415520870662], [-54.06738323628794, -15.347413960203795], [-54.06738268560232, -15.34741243244246], [-54.067382028760264, -15.347410944709788], [-54.06738126882428, -15.34740950394225], [-54.067380409337524, -15.347408116857403], [-54.06737945430734, -15.34740678992244], [-54.06737840818652, -15.347405529324185], [-54.06737727585255, -15.347404340940082], [-54.06737606258491, -15.347403230310952], [-54.06737477404041, -15.347402202615058], [-54.067373416226836, -15.347401262643984], [-54.06737199547494, -15.347400414780322], [-54.06737051840892, -15.347399662977187], [-54.06736899191555, -15.347399010739844], [-54.06736742311203, -15.347398461109302], [-54.06736581931286, -15.347398016648214], [-54.06736418799568, -15.34739767942885], [-54.067068032377094, -15.347346647825086]]]}, "properties": {"bairro": "Jardins dos Ipes", "quadra": null, "numero_lote": null, "chave": "Jardins dos Ipes|?|?", "area_gis_m2": 285.18, "fonte": "g201.dxf"}}, {"type": "Feature", "geometry": {"type": "Polygon", "coordinates": [[[-54.06633235951974, -15.347402545448027], [-54.06633548490664, -15.347400428099926], [-54.066352960463554, -15.347388588976168], [-54.0663673429065, -15.347408579774752], [-54.06638794384926, -15.347394623299401], [-54.06640232629625, -15.347414614096406], [-54.06642292723794, -15.347400657617477], [-54.066437309689015, -15.347420648412879], [-54.066457910629644, -15.347406691930425], [-54.06647229307046, -15.347426682733918], [-54.066492894010025, -15.347412726247924], [-54.06650727645491, -15.34743271704984], [-54.06652787739341, -15.347418760560288], [-54.06654225984237, -15.347438751360599], [-54.06656286077982, -15.34742479486752], [-54.06659944554972, -15.347475645626796], [-54.06659944554972, -15.347475645626796], [-54.06659963620152, -15.347475892235138], [-54.066599843751675, -15.347476125643379], [-54.06660006723249, -15.347476344763264], [-54.066600305602, -15.34747654857315], [-54.06660055774881, -15.34747673612276], [-54.06660082249728, -15.347476906537688], [-54.066601098613056, -15.347477059023348], [-54.066601384808735, -15.347477192868798], [-54.06660167974996, -15.347477307449983], [-54.06660198206156, -15.34747740223268], [-54.066602290334025, -15.347477476774953], [-54.06660260313006, -15.34747753072926], [-54.06660291899123, -15.347477563844047], [-54.06660323644486, -15.347477575964895], [-54.06660355401085, -15.34747756703532], [-54.06660387020853, -15.34747753709693], [-54.06660418356366, -15.34747748628934], [-54.06660449261523, -15.347477414849411], [-54.06660479592228, -15.347477323110247], [-54.066605092070674, -15.347477211499566], [-54.066605379679615, -15.347477080537752], [-54.06660565740815, -15.347476930835423], [-54.06660592396137, -15.347476763090553], [-54.06666277727235, -15.347438246719806], [-54.06666277727235, -15.347438246719806], [-54.06666303504586, -15.34743805886928], [-54.06666327879605, -15.347437854148922], [-54.06666350735277, -15.347437633541514], [-54.06666371961883, -15.347437398106097], [-54.06666391457523, -15.347437148972867], [-54.06666409128607, -15.347436887337818], [-54.06666424890306, -15.347436614456948], [-54.06666438666954, -15.34743633164022], [-54.066664503924144, -15.347436040245299], [-54.066664600104005, -15.347435741671072], [-54.06666467474739, -15.347435437350827], [-54.066664727496, -15.347435128745479], [-54.066664758096586, -15.347434817336508], [-54.066664766402255, -15.347434504618837], [-54.066664752373136, -15.347434192093695], [-54.06666471607657, -15.34743388126136], [-54.06666465768682, -15.347433573614005], [-54.06666457748417, -15.347433270628501], [-54.06666447585364, -15.347432973759341], [-54.06666435328312, -15.347432684431665], [-54.06666421036101, -15.347432404034395], [-54.06666404777341, -15.347432133913605], [-54.06666386630084, -15.347431875366018], [-54.066663666814456, -15.347431629632796], [-54.06666345027191, -15.347431397893596], [-54.06666321771272, -15.34743118126089], [-54.0666629702533, -15.347430980774641], [-54.066662709081584, -15.347430797397283], [-54.06666243545135, -15.347430632009134], [-54.06666215067616, -15.34743048540415], [-54.066661856123105, -15.347430358286113], [-54.06666155320618, -15.347430251265253], [-54.06666124337957, -15.34743016485533], [-54.06666092813061, -15.34743009947115], [-54.06627730174226, -15.347363994146496], [-54.06627730174226, -15.347363994146496], [-54.06627528130023, -15.347363842918307], [-54.06627325493031, -15.347363826159496], [-54.06627123212553, -15.347363943948585], [-54.066269222362195, -15.347364195733745], [-54.06626723505554, -15.34736458033544], [-54.06626527951557, -15.347365095951918], [-54.066263364903485, -15.34736574016762], [-54.066261500188745, -15.347366509964594], [-54.06625969410705, -15.347367401736516], [-54.06625795511944, -15.347368411305691], [-54.0662562913726, -15.34736953394252], [-54.06625471066078, -15.347370764387765], [-54.066253220389186, -15.347372096877086], [-54.06625182753936, -15.347373525168132], [-54.06625053863645, -15.347375042569725], [-54.06624935971863, -15.347376641973229], [-54.06624829630883, -15.34737831588585], [-54.06624735338885, -15.34738005646575], [-54.066246535376024, -15.347381855558748], [-54.06624584610255, -15.347383704736567], [-54.06624528879747, -15.347385595336288], [-54.06624486607165, -15.347387518500936], [-54.06624457990543, -15.347389465220992], [-54.06624443163945, -15.34739142637656], [-54.066244421968285, -15.347393392780141], [-54.06624455093725, -15.34739535521963], [-54.06624481794217, -15.347397304501515], [-54.06624522173219, -15.347399231493913], [-54.06624576041566, -15.347401127169357], [-54.066246431469004, -15.347402982647088], [-54.0662472317485, -15.347404789234679], [-54.06624815750506, -15.347406538468732], [-54.06624920440174, -15.347408222154533], [-54.06625036753411, -15.34740983240445], [-54.066251641453206, -15.347411361674862], [-54.06625302019103, -15.347412802801538], [-54.06625449728856, -15.347414149033169], [-54.06625606582597, -15.347415394063006], [-54.06625771845507, -15.347416532058407], [-54.066259447433715, -15.347417557688148], [-54.06626124466209, -15.347418466147419], [-54.06626310172062, -15.347419253180306], [-54.06626500990949, -15.347419915099776], [-54.06626696028932, -15.347420448804902], [-54.06627213101683, -15.347392221475891], [-54.06633226975745, -15.347402606259037], [-54.06633235951974, -15.347402545448027]]]}, "properties": {"bairro": "Jardins dos Ipes", "quadra": null, "numero_lote": null, "chave": "Jardins dos Ipes|?|?", "area_gis_m2": 131.24, "fonte": "g201.dxf"}}, {"type": "Feature", "geometry": {"type": "Polygon", "coordinates": [[[-54.06672289621302, -15.347181703298517], [-54.066702294640436, -15.347195665427654], [-54.06668790543292, -15.34717567652439], [-54.066667307025526, -15.347189636504154], [-54.06665292098652, -15.347169648144583], [-54.06663232257807, -15.347183608120782], [-54.06661793654315, -15.34716361975959], [-54.06659733813365, -15.347177579732273], [-54.066582952102785, -15.347157591369458], [-54.06656235369222, -15.347171551338606], [-54.06654796766542, -15.347151562974199], [-54.06652736925378, -15.347165522939783], [-54.066512983231064, -15.347145534573778], [-54.066492384818375, -15.347159494535846], [-54.06647799879971, -15.347139506168197], [-54.066457400385964, -15.34715346612674], [-54.06642638490958, -15.347110372268945], [-54.06642602009741, -15.34710989915317], [-54.066425624178684, -15.347109450203583], [-54.066425198848805, -15.34710902734268], [-54.0664247459291, -15.347108632381204], [-54.066424267359025, -15.347108267010434], [-54.06642376518791, -15.347107932794957], [-54.06642324156612, -15.347107631165928], [-54.066422698735884, -15.347107363414969], [-54.06642213902169, -15.347107130688643], [-54.06642156482031, -15.347106933983495], [-54.066420978590564, -15.34710677414186], [-54.066420382842786, -15.347106651848206], [-54.0664071113871, -15.347104364948283], [-54.06640650867239, -15.347104280726255], [-54.06640590157163, -15.347104234936543], [-54.06640529268452, -15.347104227775207], [-54.06640468461843, -15.347104259272927], [-54.066404079977175, -15.347104329294822], [-54.06640348134993, -15.34710443754105], [-54.0664028913001, -15.347104583548083], [-54.06640231235437, -15.3471047666907], [-54.06640174699187, -15.347104986184647], [-54.06640119763358, -15.347105241090023], [-54.06640066663193, -15.34710553031529], [-54.06640015626075, -15.347105852621922], [-54.066358579904836, -15.347134029733462], [-54.06635832216514, -15.34713421762707], [-54.06635807845174, -15.347134422388157], [-54.066357849934604, -15.34713464303374], [-54.06635763771074, -15.34713487850462], [-54.066357442798925, -15.347135127670398], [-54.066357266134865, -15.34713538933493], [-54.06635710856662, -15.347135662242106], [-54.06635697085062, -15.347135945081812], [-54.066356853647974, -15.34713623649626], [-54.06635675752132, -15.347136535086522], [-54.0663566829321, -15.347136839419171], [-54.06635663023841, -15.347137148033262], [-54.0663565996932, -15.34713745944727], [-54.06635659144309, -15.347137772166247], [-54.0663566055277, -15.347138084688972], [-54.066356641879416, -15.347138395515161], [-54.066356700323716, -15.347138703152671], [-54.06635678058005, -15.347139006124683], [-54.06635688226314, -15.347139302976787], [-54.06635700488486, -15.34713959228388], [-54.066357147856536, -15.347139872657172], [-54.066357310491846, -15.347140142750696], [-54.06635749201005, -15.347140401267874], [-54.06635769153975, -15.347140646967661], [-54.0663579081231, -15.347140878670587], [-54.066358140720396, -15.347141095264332], [-54.06635838821502, -15.347141295709141], [-54.06635864941887, -15.34714147904276], [-54.06635892307804, -15.347141644385093], [-54.06635920787881, -15.347141790942395], [-54.06635950245396, -15.34714191801114], [-54.0663598053894, -15.347142024981304], [-54.06636011523086, -15.347142111339368], [-54.066360430490924, -15.347142176670783], [-54.06674757004206, -15.347208887218189], [-54.066749177744484, -15.347209108399426], [-54.066750797430345, -15.34720922021563], [-54.06675242120869, -15.347209222122036], [-54.066754041168636, -15.347209114109361], [-54.0667556494179, -15.347208896703835], [-54.06675723812125, -15.347208570964623], [-54.066758799538675, -15.347208138478697], [-54.06676032606311, -15.347207601353098], [-54.06676181025749, -15.347206962204638], [-54.06676324489094, -15.347206224147184], [-54.06676462297409, -15.347205390776487], [-54.06676593779305, -15.347204466152638], [-54.06676718294216, -15.3472034547803], [-54.066768352355155, -15.347202361586808], [-54.066769440334795, -15.347201191898076], [-54.066770441580545, -15.347199951412701], [-54.066771351214435, -15.347198646174226], [-54.06677216480482, -15.34719728254163], [-54.066772878387965, -15.3471958671584], [-54.066773488487385, -15.34719440692013], [-54.06677399213071, -15.347192908940974], [-54.066774386864275, -15.34719138051893], [-54.06677467076496, -15.347189829100307], [-54.066774842449625, -15.34718826224348], [-54.06677490108186, -15.34718668758199], [-54.066774846376006, -15.347185112787466], [-54.066774678598584, -15.347183545532133], [-54.066774398567006, -15.347181993451482], [-54.06677400764555, -15.347180464107128], [-54.066773507738745, -15.347178964949867], [-54.0667729012821, -15.347177503283426], [-54.0667721912302, -15.347176086228927], [-54.06677138104236, -15.347174720690099], [-54.06677047466573, -15.347173413319707], [-54.066769476516086, -15.347172170487143], [-54.066768391456314, -15.347170998247343], [-54.066767224772725, -15.347169902311341], [-54.06676598214927, -15.347168888018437], [-54.066764669639895, -15.347167960310161], [-54.06676329363902, -15.347167123706221], [-54.06676186085037, -15.347166382282436], [-54.06676037825435, -15.347165739650972], [-54.06675885307401, -15.347165198942664], [-54.066757292739894, -15.347164762791772], [-54.066755704853776, -15.347164433323192], [-54.066741860759656, -15.347162047769306], [-54.06673779335312, -15.347184274716483], [-54.06672289621302, -15.347181703298517]]]}, "properties": {"bairro": "Jardins dos Ipes", "quadra": null, "numero_lote": null, "chave": "Jardins dos Ipes|?|?", "area_gis_m2": 101.55, "fonte": "g201.dxf"}}, {"type": "Feature", "geometry": {"type": "Polygon", "coordinates": [[[-54.067096501983016, -15.347269033210356], [-54.06709618673142, -15.347268967867494], [-54.06709587689911, -15.347268881498985], [-54.06709557397341, -15.347268774519435], [-54.067095279408456, -15.347268647442373], [-54.06709499461827, -15.347268500877837], [-54.06709472096995, -15.347268335529357], [-54.0670944597771, -15.347268152190688], [-54.06709421229356, -15.347267951741925], [-54.06709397970732, -15.347267735145277], [-54.067093763134885, -15.347267503440495], [-54.067093563615884, -15.347267257739853], [-54.06709338210807, -15.347266999222791], [-54.06709321948276, -15.347266729130288], [-54.0670930765206, -15.347266448758893], [-54.067092953907874, -15.34726615945448], [-54.06709285223315, -15.347265862605816], [-54.06709277198452, -15.347265559637883], [-54.067092713547204, -15.347265252005041], [-54.067092677201714, -15.347264941184037], [-54.06709266312253, -15.347264628666922], [-54.067092671377225, -15.347264315953886], [-54.067092701926185, -15.34726400454607], [-54.067092754622756, -15.347263695938347], [-54.06709282921398, -15.347263391612142], [-54.06709292534179, -15.347263093028333], [-54.06709304254474, -15.347262801620223], [-54.067093180260215, -15.347262518786689], [-54.067093337827124, -15.347262245885423], [-54.067093514489095, -15.347261984226446], [-54.06709370939809, -15.347261735065823], [-54.06709392161846, -15.347261499599627], [-54.067094150131496, -15.347261278958152], [-54.06709439384022, -15.347261074200578], [-54.06709465157477, -15.347260886309815], [-54.06709465157477, -15.347260886309815], [-54.06713622788566, -15.347232709048113], [-54.06713622788566, -15.347232709048113], [-54.06713673825637, -15.34723238673965], [-54.067137269257685, -15.34723209751251], [-54.06713781861578, -15.347231842605222], [-54.067138383978225, -15.347231623109327], [-54.067138962924034, -15.347231439964753], [-54.06713955297409, -15.347231293955746], [-54.0671401516017, -15.347231185707532], [-54.067140756243454, -15.34723111568366], [-54.06714136431019, -15.347231084183965], [-54.06714197319805, -15.347231091343357], [-54.0671425802997, -15.347231137131162], [-54.06714318301544, -15.34723122135131], [-54.06716009884019, -15.34723413618083], [-54.06716009884019, -15.34723413618083], [-54.06716069329994, -15.347234258165026], [-54.067161278288694, -15.347234417535093], [-54.06716185131235, -15.347234613611578], [-54.06716240992782, -15.347234845558503], [-54.06716295175343, -15.347235112386944], [-54.067163474479116, -15.347235412959293], [-54.06716397587621, -15.347235745994048], [-54.06716445380703, -15.347236110071306], [-54.06716490623388, -15.347236503638825], [-54.06716533122785, -15.347236925018649], [-54.06716572697697, -15.347237372414172], [-54.067166091793965, -15.34723784391795], [-54.06719718207947, -15.347280956949358], [-54.0672177804708, -15.347266996916046], [-54.067232166575415, -15.347286985249564], [-54.06725276496569, -15.347273025212758], [-54.06726715107438, -15.347293013544622], [-54.0672877494636, -15.347279053504236], [-54.067302138740814, -15.347299042379834], [-54.067322747150655, -15.347285075543951], [-54.06736824806147, -15.347292911032362], [-54.06737231540754, -15.347270684062492], [-54.067386159523075, -15.347273069579657], [-54.067386159523075, -15.347273069579657], [-54.06738774741182, -15.347273399044049], [-54.06738930774885, -15.347273835190888], [-54.06739083293235, -15.347274375895296], [-54.0673923155318, -15.347275018523035], [-54.0673937483241, -15.347275759943257], [-54.06739512432886, -15.347276596543873], [-54.067396436842316, -15.34727752424903], [-54.06739767947002, -15.34727853853906], [-54.06739884615802, -15.34727963447242], [-54.06739993122235, -15.347280806709858], [-54.06740092937665, -15.347282049540329], [-54.06740183575804, -15.347283356908918], [-54.06740264595071, -15.347284722446238], [-54.067403356007475, -15.347286139499522], [-54.067403962469015, -15.34728760116505], [-54.06740446238071, -15.347289100321726], [-54.06740485330703, -15.347290629665812], [-54.06740513334342, -15.347292181746491], [-54.06740530112558, -15.347293749002189], [-54.06740535583608, -15.347295323797384], [-54.067405297208374, -15.347296898459842], [-54.06740512552808, -15.347298465317968], [-54.06740484163162, -15.347300016738163], [-54.0674044469021, -15.347301545162095], [-54.067403943262605, -15.347303043143409], [-54.06740333316681, -15.347304503384107], [-54.06740261958703, -15.347305918770031], [-54.067401805999765, -15.347307282405575], [-54.067400896368724, -15.347308587647222], [-54.06739989512554, -15.347309828135979], [-54.06739880714817, -15.347310997828307], [-54.06739763773713, -15.34731209102558], [-54.06739639258967, -15.347313102401845], [-54.067395077772034, -15.347314027029784], [-54.06739369968986, -15.347314860404706], [-54.06739226505705, -15.347315598466476], [-54.067390780862986, -15.347316237619337], [-54.067389254338515, -15.34731677474941], [-54.06738769292071, -15.347317207239833], [-54.067386104216645, -15.347317532983563], [-54.06738449596633, -15.347317750393623], [-54.067382876005006, -15.3473178584108], [-54.067381252224955, -15.347317856508845], [-54.067379632537076, -15.347317744697024], [-54.06737802483233, -15.347317523520081], [-54.06709649760485, -15.347269012613413], [-54.067096501983016, -15.347269033210356]]]}, "properties": {"bairro": "Jardins dos Ipes", "quadra": null, "numero_lote": null, "chave": "Jardins dos Ipes|?|?", "area_gis_m2": 88.26, "fonte": "g201.dxf"}}, {"type": "Feature", "geometry": {"type": "Polygon", "coordinates": [[[-54.124530012437575, -15.344078895759708], [-54.124529083136466, -15.344079101273186], [-54.12452817045434, -15.34407936784805], [-54.12452727864652, -15.34407969424138], [-54.12452641187103, -15.344080078931396], [-54.12452557416918, -15.344080520124498], [-54.12452476944673, -15.344081015763626], [-54.124524001455654, -15.344081563537893], [-54.12452327377669, -15.344082160893326], [-54.1245225898026, -15.344082805044765], [-54.124521952722404, -15.344083492988888], [-54.12452136550645, -15.34408422151819], [-54.12452083089262, -15.344084987235917], [-54.12452035137353, -15.34408578657194], [-54.124519929184906, -15.344086615799402], [-54.124519566295206, -15.344087471052044], [-54.124519264396376, -15.3440883483423], [-54.12451902489601, -15.344089243579827], [-54.124518848910775, -15.344090152590608], [-54.1245187372612, -15.344091071136441], [-54.12451869046783, -15.344091994934617], [-54.12451870874885, -15.344092919677967], [-54.12451879201903, -15.344093841054924], [-54.12451893989012, -15.344094754769593], [-54.12451893989012, -15.344094754769593], [-54.12534403370322, -15.348259726108177], [-54.12534403370322, -15.348259726108177], [-54.12534424549041, -15.348260627900654], [-54.12534452020294, -15.348261513566085], [-54.125344856559956, -15.348262378975104], [-54.12534525299322, -15.348263220092747], [-54.125345707654375, -15.348264032997367], [-54.12534621842358, -15.3482648138988], [-54.125346782919394, -15.348265559156136], [-54.125347398509874, -15.348266265294649], [-54.12534806232486, -15.348266929021976], [-54.12534877126934, -15.348267547243527], [-54.12534952203788, -15.34826811707686], [-54.125350311130056, -15.34826863586516], [-54.12535113486676, -15.348269101189572], [-54.125351989407335, -15.348269510880565], [-54.125352870767536, -15.348269863027957], [-54.12535377483805, -15.348270155989875], [-54.12535469740367, -15.348270388400397], [-54.125355634162986, -15.348270559175917], [-54.12535658074838, -15.348270667520193], [-54.12535753274644, -15.348270712928088], [-54.125358485718515, -15.348270695187885], [-54.1253594352214, -15.34827061438229], [-54.12536037682807, -15.348270470888055], [-54.12536037682807, -15.348270470888055], [-54.12536130614833, -15.348270265374227], [-54.125362218849254, -15.348269998798997], [-54.1253631106754, -15.348269672405262], [-54.12536397746868, -15.348269287714825], [-54.12536481518769, -15.34826884652129], [-54.1253656199266, -15.348268350881714], [-54.12536638793334, -15.348267803106978], [-54.12536711562712, -15.34826720575107], [-54.125367799615084, -15.348266561599138], [-54.12536843670817, -15.348265873654526], [-54.12536902393595, -15.348265145124747], [-54.1253695585605, -15.348264379406531], [-54.125370038089166, -15.348263580070018], [-54.12537046028614, -15.348262750842094], [-54.12537082318297, -15.348261895588983], [-54.125371125087646, -15.348261018298274], [-54.12537136459256, -15.348260123060319], [-54.12537154058102, -15.348259214049124], [-54.125371652232495, -15.348258295502905], [-54.12537169902642, -15.348257371704367], [-54.12537168074461, -15.348256446960674], [-54.12537159747231, -15.348255525583406], [-54.12537144959777, -15.348254611868457], [-54.12454635522289, -15.34408964053967], [-54.12454635522289, -15.34408964053967], [-54.12454614344021, -15.344088738747446], [-54.12454586873349, -15.344087853082254], [-54.12454553238354, -15.34408698767348], [-54.12454513595859, -15.344086146556034], [-54.12454468130694, -15.344085333651613], [-54.12454417054841, -15.344084552750346], [-54.12454360606437, -15.344083807493147], [-54.12454299048671, -15.344083101354764], [-54.12454232668555, -15.344082437627529], [-54.12454161775582, -15.344081819406053], [-54.12454086700289, -15.344081249572765], [-54.124540077927115, -15.344080730784482], [-54.12453925420753, -15.344080265460041], [-54.12453839968469, -15.344079855769015], [-54.124537518342784, -15.34407950362154], [-54.124536614291024, -15.34407921065951], [-54.12453569174452, -15.344078978248854], [-54.12453475500462, -15.344078807473153], [-54.12453380843883, -15.344078699128678], [-54.124532856460455, -15.34407865372055], [-54.12453190350809, -15.344078671460489], [-54.12453095402481, -15.34407875226579], [-54.12453001243757, -15.344078895759708], [-54.124530012437575, -15.344078895759708]]]}, "properties": {"bairro": "Jardins dos Ipes", "quadra": null, "numero_lote": null, "chave": "Jardins dos Ipes|?|?", "area_gis_m2": 1416.06, "fonte": "g201.dxf"}}, {"type": "Feature", "geometry": {"type": "Polygon", "coordinates": [[[-54.12267679285337, -15.340108266834198], [-54.12267707356319, -15.340120869993804], [-54.122678259542, -15.340133423450702], [-54.12268034501201, -15.340145866045722], [-54.12268331981317, -15.34015813715979], [-54.12268716945272, -15.340170177009275], [-54.12269187517575, -15.340181926937202], [-54.122697414056574, -15.340193329699074], [-54.12270375911047, -15.34020432974175], [-54.122710879425085, -15.340214873474075], [-54.12271874031103, -15.340224909527976], [-54.122727303470946, -15.340234389008748], [-54.12273652718603, -15.340243265733232], [-54.12274636651928, -15.340251496454847], [-54.12275677353448, -15.340259041074274], [-54.12276769752968, -15.340265862834775], [-54.122779085284215, -15.34027192850135], [-54.12279088131803, -15.340277208522604], [-54.12280302816196, -15.340281677174731], [-54.12281546663769, -15.340285312686817], [-54.122828136146104, -15.340288097346967], [-54.122840974962486, -15.340290017588526], [-54.12285392053728, -15.340291064056215], [-54.12286690980078, -15.34029123165172], [-54.122879879470446, -15.340290519558497], [-54.12289276635917, -15.34028893124577], [-54.12290550768318, -15.340286474451638], [-54.122918041367846, -15.340283161145356], [-54.12293030635017, -15.340279007469032], [-54.12294224287625, -15.340274033658991], [-54.12295379279239, -15.34026826394717], [-54.12296489982844, -15.340261726443071], [-54.12297550987195, -15.3402544529968], [-54.12298557123175, -15.34024647904395], [-54.12299503488986, -15.34023784343287], [-54.123003854740254, -15.34022858823546], [-54.123011987813484, -15.340218758542207], [-54.123019394486036, -15.340208402242459], [-54.12302603867339, -15.340197569791158], [-54.12303188800577, -15.340186313962995], [-54.123036913985906, -15.34017468959531], [-54.12304109212781, -15.340162753320927], [-54.12304440207611, -15.340150563292253], [-54.123046827705195, -15.340138178897943], [-54.1230483571978, -15.340125660473573], [-54.12304898310253, -15.340113069007694], [-54.12304870237019, -15.340100465844703], [-54.123047516368665, -15.340087912385954], [-54.12304543087619, -15.340075469790674], [-54.123042456053234, -15.340063198677923], [-54.123038606393, -15.34005115883131], [-54.1230339006508, -15.34003940890775], [-54.12302836175268, -15.340028006151657], [-54.123022016683706, -15.340017006116074], [-54.123014896356544, -15.340006462392003], [-54.12300703546079, -15.339996426347357], [-54.12299847229401, -15.339986946876659], [-54.12298924857515, -15.339978070162873], [-54.12297940924126, -15.339969839452387], [-54.1229690022286, -15.339962294844295], [-54.122958078239066, -15.339955473095102], [-54.122946690493194, -15.33994940743959], [-54.12293489447087, -15.339944127428957], [-54.12292274764106, -15.339939658786797], [-54.12291030918179, -15.339936023283801], [-54.12289763969185, -15.339933238631733], [-54.1228848008956, -15.339931318397058], [-54.122871855342204, -15.339930271934922], [-54.122858866100955, -15.339930104343551], [-54.12284589645397, -15.339930816439399], [-54.122833009587886, -15.339932404753183], [-54.12282026828606, -15.339934861546789], [-54.12280773462269, -15.339938174850978], [-54.12279546966034, -15.339942328523671], [-54.12278353315253, -15.339947302328625], [-54.12277198325262, -15.339953072034], [-54.122760876230416, -15.339959609530405], [-54.122750266198125, -15.339966882967897], [-54.12274020484667, -15.339974856911063], [-54.12273074119389, -15.339983492511726], [-54.12272192134571, -15.339992747698192], [-54.122713788271525, -15.340002577380195], [-54.12270638159486, -15.340012933668591], [-54.12269973740033, -15.340023766108674], [-54.12269388805784, -15.340035021925969], [-54.12268886206487, -15.340046646283342], [-54.122684683907636, -15.340058582548169], [-54.12268137394183, -15.34007077256823], [-54.12267894829339, -15.34008315695504], [-54.12267741877998, -15.340095675373176], [-54.12267679285337, -15.340108266834198]]]}, "properties": {"bairro": "Jardins dos Ipes", "quadra": null, "numero_lote": null, "chave": "Jardins dos Ipes|?|?", "area_gis_m2": 1255.62, "fonte": "g201.dxf"}}, {"type": "Feature", "geometry": {"type": "Polygon", "coordinates": [[[-54.123297192392556, -15.335860368706406], [-54.12329747318077, -15.33587297187485], [-54.12329865921978, -15.335885525334865], [-54.12330074473148, -15.335897967927263], [-54.12330371955563, -15.335910239032989], [-54.12330756919935, -15.335922278868447], [-54.123312274907704, -15.33593402877673], [-54.12331781375511, -15.335945431513458], [-54.12332415875697, -15.335956431525592], [-54.12333127900119, -15.335966975222107], [-54.12333913979875, -15.33597701123514], [-54.123347702852705, -15.335986490670178], [-54.12335692644476, -15.33599536734427], [-54.123366765638536, -15.336003598011091], [-54.12337717249847, -15.336011142571573], [-54.123388096323374, -15.336017964269297], [-54.12339948389343, -15.33602402986955], [-54.12341127972947, -15.336029309821258], [-54.12342342636329, -15.336033778400948], [-54.1234358646176, -15.33603741383808], [-54.12344853389437, -15.336040198421095], [-54.123461372470004, -15.336042118583745], [-54.123474317796116, -15.336043164971121], [-54.12348730680422, -15.336043332485287], [-54.123500276213015, -15.33604262031012], [-54.12351316283668, -15.336041031915233], [-54.123525903892705, -15.336038575039119], [-54.12353843730779, -15.33603526165144], [-54.12355070202025, -15.336031107894698], [-54.12356263827748, -15.3360261340056], [-54.12357418792711, -15.336020364216484], [-54.123585294700284, -15.336013826637215], [-54.12359590448582, -15.336006553118295], [-54.123605965593825, -15.335998579095632], [-54.123615429007536, -15.335989943417935], [-54.123624248622114, -15.335980688157425], [-54.12363238146927, -15.335970858404897], [-54.123639787926585, -15.335960502049993], [-54.12364643191058, -15.335949669547906], [-54.123652281052486, -15.335938413673585], [-54.123657306855954, -15.33592678926461], [-54.12366148483585, -15.335914852953989], [-54.1236647946376, -15.335902662894306], [-54.12366722013631, -15.335890278474377], [-54.12366874951534, -15.335877760029883], [-54.123669375323836, -15.335865168549498], [-54.12366909451311, -15.335852565377666], [-54.123667908451395, -15.33584001191581], [-54.12366582291723, -15.335827569323143], [-54.1236628480713, -15.335815298218728], [-54.1236589984069, -15.335803258386141], [-54.12365429267938, -15.335791508482219], [-54.12364875381469, -15.335780105751276], [-54.12364240879776, -15.335769105746234], [-54.12363528854098, -15.335758562057965], [-54.12362742773362, -15.335748526054177], [-54.12361886467281, -15.335739046629218], [-54.12360964107697, -15.33573016996583], [-54.12359980188256, -15.335721939310133], [-54.12358939502517, -15.335714394760977], [-54.12357847120592, -15.33570757307456], [-54.12356708364453, -15.33570150748537], [-54.12355528781999, -15.335696227544284], [-54.12354314120028, -15.335691758974546], [-54.12353070296242, -15.335688123546516], [-54.123518033704116, -15.33568533897157], [-54.12350519514861, -15.33568341881581], [-54.12349224984389, -15.33568237243399], [-54.123479260858026, -15.335682204923948], [-54.1234662914719, -15.335682917101737], [-54.12345340487088, -15.33568450549769], [-54.12344066383703, -15.335686962373279], [-54.123428130443216, -15.335690275758864], [-54.12341586575074, -15.335694429511982], [-54.123403929511774, -15.335699403395978], [-54.12339237987837, -15.335705173178651], [-54.123381273119044, -15.335711710750232], [-54.123370663344716, -15.33571898426038], [-54.12336060224506, -15.335726958273355], [-54.123351138836675, -15.335735593940635], [-54.123342319224314, -15.335744849190203], [-54.1233341863762, -15.335754678931483], [-54.12332677991478, -15.335765035275045], [-54.1233201359236, -15.335775867765916], [-54.12331428677159, -15.335787123629371], [-54.123309260955295, -15.335798748028035], [-54.12330508296007, -15.335810684329106], [-54.12330177314082, -15.335822874380181], [-54.12329934762277, -15.335835258792619], [-54.12329781822293, -15.335847777230873], [-54.123297192392556, -15.335860368706406]]]}, "properties": {"bairro": "Jardins dos Ipes", "quadra": null, "numero_lote": null, "chave": "Jardins dos Ipes|?|?", "area_gis_m2": 1255.62, "fonte": "g201.dxf"}}, {"type": "Feature", "geometry": {"type": "Polygon", "coordinates": [[[-54.12532334938918, -15.348411517718933], [-54.125323447665515, -15.348415928831017], [-54.125323862799156, -15.348420322545513], [-54.125324592767605, -15.34842467745669], [-54.12532563401457, -15.34842897234785], [-54.12532698146722, -15.34843318629473], [-54.125328628560915, -15.348437298767394], [-54.12533056727119, -15.34844128973028], [-54.125332788152875, -15.348445139739821], [-54.125335280386054, -15.34844883003915], [-54.12533803182884, -15.34845234264948], [-54.12534102907649, -15.348455660457732], [-54.12534425752671, -15.34845876729986], [-54.12534770145083, -15.348461648039647], [-54.12535134407039, -15.348464288642393], [-54.125355167638915, -15.34846667624333], [-54.12535915352836, -15.348468799210318], [-54.12536328231986, -15.348470647200461], [-54.125367533898356, -15.34847221121051], [-54.12537188755056, -15.34847348362077], [-54.12537632206592, -15.348474458232175], [-54.125380815839875, -15.348475130296512], [-54.12538534697923, -15.348475496539542], [-54.12538989340868, -15.348475555176964], [-54.125394432978474, -15.34847530592309], [-54.12539894357226, -15.34847474999226], [-54.12540340321486, -15.348473890092926], [-54.12540779017932, -15.348472730414414], [-54.12541208309277, -15.348471276606578], [-54.125416261040556, -15.348469535752209], [-54.125420303668115, -15.348467516332596], [-54.12542419128016, -15.34846522818615], [-54.125427904936615, -15.348462682460484], [-54.12543142654492, -15.348459891558136], [-54.125434738948144, -15.348456869076124], [-54.125437826008586, -15.348453629739664], [-54.12544067268639, -15.34845018933049], [-54.125443265112835, -15.34844656460995], [-54.12544559065788, -15.34844277323732], [-54.12544763799172, -15.34843883368381], [-54.12544939713994, -15.348434765142523], [-54.12545085953217, -15.34843058743499], [-54.1254520180438, -15.348426320914612], [-54.12545286703069, -15.348421986367434], [-54.12545340235667, -15.348417604910951], [-54.12545362141372, -15.348413197891176], [-54.12545352313462, -15.348408786778673], [-54.1254531079982, -15.34840439306396], [-54.125452378026985, -15.348400038152755], [-54.12545133677735, -15.348395743261754], [-54.12544998932217, -15.34839152931522], [-54.12544834222613, -15.348387416843098], [-54.12544640351373, -15.34838342588092], [-54.125444182630204, -15.348379575872244], [-54.125441690395476, -15.348375885573935], [-54.1254389389515, -15.34837237296474], [-54.12543594170301, -15.348369055157715], [-54.12543271325232, -15.348365948316898], [-54.12542926932812, -15.348363067578479], [-54.12542562670888, -15.348360426977122], [-54.12542180314105, -15.34835803937757], [-54.12541781725267, -15.348355916411938], [-54.12541368846257, -15.348354068423097], [-54.12540943688581, -15.348352504414269], [-54.12540508323562, -15.348351232005127], [-54.12540064872253, -15.34835025739471], [-54.12539615495104, -15.348349585331214], [-54.12539162381431, -15.348349219088865], [-54.125387077387586, -15.348349160451946], [-54.12538253782057, -15.348349409706142], [-54.12537802722956, -15.348349965637098], [-54.12537356758968, -15.348350825536375], [-54.12536918062783, -15.348351985214622], [-54.12536488771683, -15.348353439022016], [-54.12536070977128, -15.348355179875757], [-54.12535666714571, -15.348357199294584], [-54.12535277953536, -15.348359487440089], [-54.12534906588028, -15.348362033164676], [-54.125345544273, -15.348364824065834], [-54.12534223187043, -15.348367846546573], [-54.125339144810255, -15.348371085881693], [-54.12533629813233, -15.348374526289483], [-54.12533370570538, -15.348378151008628], [-54.12533138015946, -15.348381942379886], [-54.12532933282438, -15.348385881932067], [-54.12532757367459, -15.348389950472091], [-54.12532611128047, -15.34839412817845], [-54.125324952766704, -15.348398394697778], [-54.125324103777444, -15.348402729244041], [-54.125323568448906, -15.348407110699748], [-54.12532334938918, -15.348411517718933]]]}, "properties": {"bairro": "Jardins dos Ipes", "quadra": null, "numero_lote": null, "chave": "Jardins dos Ipes|?|?", "area_gis_m2": 153.81, "fonte": "g201.dxf"}}, {"type": "Feature", "geometry": {"type": "Polygon", "coordinates": [[[-54.121309152711945, -15.34775420984524], [-54.12130943326544, -15.347766812986658], [-54.1213106191206, -15.347779366436704], [-54.121312704500205, -15.347791809036224], [-54.12131567924468, -15.347804080166135], [-54.12131952886151, -15.34781612004272], [-54.12132423459592, -15.347827870008887], [-54.12132977352216, -15.34783927281996], [-54.12133611865528, -15.347850272922528], [-54.12134323908254, -15.347860816725154], [-54.121351100114026, -15.34787085285944], [-54.12135966345164, -15.347880332430272], [-54.12136888737573, -15.347889209254065], [-54.121378726948286, -15.347897440083734], [-54.1213891342319, -15.347904984819442], [-54.12140005852332, -15.347911806703902], [-54.12141144660045, -15.347917872501494], [-54.121423242981656, -15.347923152660194], [-54.12143539019609, -15.347927621455506], [-54.12144782906362, -15.347931257115839], [-54.12146049898322, -15.34793404192857], [-54.121473338228185, -15.347935962326295], [-54.121486284246856, -15.347937008952982], [-54.121499273967366, -15.347937176709538], [-54.121512244104956, -15.347936464778634], [-54.12152513147024, -15.347934876628706], [-54.121537873277106, -15.34793241999705], [-54.121550407448595, -15.347929106852147], [-54.12156267291933, -15.347924953335303], [-54.12157460993303, -15.347919979682075], [-54.121586160333614, -15.347914210123637], [-54.12159726784857, -15.347907672768736], [-54.12160787836312, -15.347900399466763], [-54.12161794018381, -15.347892425652597], [-54.12162740429041, -15.347883790173908], [-54.12163622457469, -15.347874535101967], [-54.12164435806511, -15.347864705526636], [-54.12165176513612, -15.347854349336696], [-54.121658409701254, -15.34784351698655], [-54.12166425938889, -15.347832261250382], [-54.12166928570004, -15.347820636965121], [-54.121673464147094, -15.347808700763162], [-54.12167677437319, -15.347796510796568], [-54.12167920025139, -15.347784126453686], [-54.121680729963174, -15.347771608069833], [-54.12168135605611, -15.347759016633393], [-54.12168107548008, -15.347746413488586], [-54.1216798896022, -15.347733860036703], [-54.121677804200104, -15.34772141743691], [-54.12167482943383, -15.347709146308317], [-54.121670979796306, -15.347697106434596], [-54.12166627404272, -15.347685356472805], [-54.12166073509917, -15.347673953667519], [-54.12165438995096, -15.347662953572039], [-54.121647269511136, -15.34765240977766], [-54.121639408469846, -15.34764237365264], [-54.12163084512536, -15.347632894091891], [-54.12162162119749, -15.347624017278815], [-54.12161178162431, -15.347615786460272], [-54.121601374343236, -15.3476082417359], [-54.121590450057475, -15.347601419862754], [-54.12157906198901, -15.347595354076242], [-54.12156726561931, -15.347590073928163], [-54.121555118419, -15.34758560514281], [-54.12154267956794, -15.347581969491587], [-54.12153000966682, -15.34757918468694], [-54.121517170442, -15.347577264296097], [-54.12150422444474, -15.347576217674979], [-54.12149123474649, -15.347576049922553], [-54.12147826463159, -15.34757676185608], [-54.12146537728896, -15.347578350007069], [-54.12145263550428, -15.347580806638199], [-54.12144010135409, -15.347584119781], [-54.12142783590335, -15.347588273294209], [-54.12141589890795, -15.347593246942354], [-54.121404348523605, -15.347599016494334], [-54.121393241022496, -15.347605553841548], [-54.121382630519165, -15.347612827134732], [-54.12137256870683, -15.347620800939213], [-54.12136310460557, -15.347629436407477], [-54.1213542843235, -15.347638691468473], [-54.121346150832125, -15.34764852103254], [-54.121338743757, -15.34765887721113], [-54.12133209918469, -15.347669709550056], [-54.121326249486934, -15.347680965275343], [-54.121321223162944, -15.347692589550286], [-54.121317044700554, -15.34770452574269], [-54.12131373445694, -15.34771671570067], [-54.12131130855938, -15.347729100036052], [-54.12130977882676, -15.347741618413657], [-54.121309152711945, -15.34775420984524]]]}, "properties": {"bairro": "Jardins dos Ipes", "quadra": null, "numero_lote": null, "chave": "Jardins dos Ipes|?|?", "area_gis_m2": 1255.62, "fonte": "g201.dxf"}}, {"type": "Feature", "geometry": {"type": "Polygon", "coordinates": [[[-54.12218130509587, -15.343556275308924], [-54.122181403322216, -15.343560686412305], [-54.12218181839788, -15.343565080121346], [-54.122182548300685, -15.343569435030341], [-54.12218358947462, -15.343573729922618], [-54.12218493684723, -15.343577943873884], [-54.12218658385427, -15.34358205635419], [-54.122188522471696, -15.343586047327948], [-54.12219074325477, -15.343589897351535], [-54.12219323538409, -15.343593587668], [-54.12219598671824, -15.343597100298496], [-54.122198983853025, -15.34360041812982], [-54.12220221218669, -15.343603524997835], [-54.12220565599115, -15.343606405766181], [-54.12220929848853, -15.34360904640004], [-54.12221312193293, -15.343611434034475], [-54.12221710769691, -15.343613557037187], [-54.12222123636224, -15.343615405065101], [-54.122225487814454, -15.343616969114796], [-54.12222984134089, -15.343618241566375], [-54.12223427573159, -15.343619216220574], [-54.12223876938264, -15.34361988832897], [-54.12224330040141, -15.343620254617107], [-54.12224784671319, -15.34362031330047], [-54.1222523861688, -15.343620064093148], [-54.122256896652445, -15.343619508209253], [-54.12226135618949, -15.343618648357], [-54.1222657430535, -15.34361748872549], [-54.122270035872084, -15.343616034964354], [-54.122274213731046, -15.34361429415615], [-54.12227825627627, -15.343612274781936], [-54.12228214381285, -15.343609986679922], [-54.1222858574011, -15.343607440997484], [-54.122289378948786, -15.34360465013696], [-54.122292691299265, -15.34360162769516], [-54.12229577831509, -15.343598388397101], [-54.122298624956635, -15.343594948024347], [-54.12230121735535, -15.343591323338046], [-54.12230354288133, -15.343587531997311], [-54.12230559020485, -15.343583592473202], [-54.12230734935157, -15.343579523958692], [-54.12230881175112, -15.34357534627517], [-54.122309970278835, -15.343571079775904], [-54.12231081929051, -15.343566745246862], [-54.12231135464987, -15.34356236380544], [-54.122311573748696, -15.343557956797572], [-54.1223114755196, -15.343553545693775], [-54.12231106044115, -15.343549151984513], [-54.1223103305356, -15.34354479707548], [-54.12230928935898, -15.343540502183373], [-54.122307941983834, -15.343536288232453], [-54.12230629497445, -15.343532175752678], [-54.12230435635491, -15.343528184779633], [-54.12230213556998, -15.343524334756914], [-54.122299643439135, -15.343520644441458], [-54.122296892103776, -15.343517131812098], [-54.12229389496816, -15.343513813982005], [-54.122290666634015, -15.343510707115302], [-54.12228722282948, -15.343507826348324], [-54.12228358033242, -15.343505185715859], [-54.12227975688871, -15.343502798082804], [-54.122275771125786, -15.343500675081453], [-54.12227164246187, -15.343498827054836], [-54.122267391011384, -15.343497263006366], [-54.12226303748697, -15.3434959905559], [-54.12225860309852, -15.34349501590269], [-54.12225410944995, -15.343494343795136], [-54.12224957843381, -15.343493977507674], [-54.12224503212475, -15.34349391882482], [-54.122240492671914, -15.343494168032466], [-54.12223598219104, -15.343494723916493], [-54.12223152265671, -15.343495583768679], [-54.12222713579531, -15.343496743399927], [-54.122222842979184, -15.343498197160624], [-54.12221866512246, -15.343499937968208], [-54.12221462257923, -15.343501957341621], [-54.12221073504434, -15.343504245442698], [-54.122207021457456, -15.343506791124058], [-54.1222034999108, -15.343509581983396], [-54.12220018756098, -15.343512604423927], [-54.12219710054542, -15.343515843720636], [-54.12219425390376, -15.343519284092022], [-54.12219166150454, -15.34352290877693], [-54.12218933597768, -15.34352670011628], [-54.122187288652924, -15.343530639639058], [-54.12218552950462, -15.343534708152308], [-54.122184067103206, -15.343538885834663], [-54.122182908573336, -15.343543152332868], [-54.12218205955929, -15.343547486860992], [-54.12218152419739, -15.343551868301658], [-54.12218130509587, -15.343556275308924]]]}, "properties": {"bairro": "Jardins dos Ipes", "quadra": null, "numero_lote": null, "chave": "Jardins dos Ipes|?|?", "area_gis_m2": 153.81, "fonte": "g201.dxf"}}, {"type": "Feature", "geometry": {"type": "Polygon", "coordinates": [[[-54.1244367699411, -15.343936168760871], [-54.1244368682138, -15.343940579871315], [-54.1244372833368, -15.343944973584282], [-54.124438013287694, -15.343949328494043], [-54.12443905451024, -15.343953623383909], [-54.124440401931736, -15.343957837329626], [-54.12444204898769, -15.343961949801246], [-54.12444398765384, -15.343965940763239], [-54.1244462084852, -15.343969790772018], [-54.12444870066213, -15.343973481070734], [-54.12445145204299, -15.3439769936806], [-54.12445444922336, -15.343980311488538], [-54.124457677601264, -15.34398341833051], [-54.12446112144838, -15.343986299070277], [-54.12446476398663, -15.343988939673173], [-54.12446858746994, -15.34399132727441], [-54.124472573270666, -15.343993450241836], [-54.12447670197039, -15.343995298232576], [-54.12448095345449, -15.343996862243367], [-54.12448530701014, -15.34399813465451], [-54.124489741427254, -15.343999109266933], [-54.12449423510177, -15.343999781332428], [-54.124498766140945, -15.344000147576738], [-54.12450331246999, -15.34400020621556], [-54.12450785193964, -15.3439999569632], [-54.12451236243401, -15.343999401033997], [-54.124516821978425, -15.343998541136381], [-54.1245212088464, -15.34399738145968], [-54.124525501665545, -15.343995927653735], [-54.124529679521665, -15.343994186801334], [-54.12453372206063, -15.343992167383744], [-54.1245376095876, -15.34398987923938], [-54.1245413231629, -15.343987333515841], [-54.12454484469438, -15.343984542615653], [-54.124548157025465, -15.343981520135811], [-54.12455124401882, -15.343978280801544], [-54.124554090634916, -15.343974840394562], [-54.12455668300532, -15.343971215676198], [-54.124559008500285, -15.343967424305738], [-54.12456105579022, -15.343963484754346], [-54.124562814900955, -15.34395941621515], [-54.12456427726229, -15.343955238509654], [-54.12456543574975, -15.343950971991243], [-54.124566284719336, -15.343946637445969], [-54.12456682003496, -15.343942255991307], [-54.12456703908863, -15.343937848973269], [-54.12456694081317, -15.3439334378624], [-54.124566525687385, -15.343929044149212], [-54.12456579573374, -15.343924689239419], [-54.12456475450852, -15.343920394349714], [-54.12456340708449, -15.343916180404355], [-54.12456176002618, -15.343912067933266], [-54.12455982135792, -15.343908076971989], [-54.12455760052471, -15.343904226964062], [-54.12455510834624, -15.343900536666366], [-54.12455235696417, -15.343897024057634], [-54.124549359782975, -15.34389370625093], [-54.12454613140461, -15.343890599410278], [-54.124542687557415, -15.343887718671862], [-54.124539045019475, -15.34388507807036], [-54.12453522153686, -15.343882690470515], [-54.124531235737194, -15.34388056750443], [-54.12452710703888, -15.343878719515], [-54.12452285555651, -15.343877155505425], [-54.12451850200287, -15.3438758830954], [-54.12451406758803, -15.343874908483965], [-54.12450957391597, -15.343874236419316], [-54.12450504287943, -15.34387387017569], [-54.124500496553104, -15.343873811537371], [-54.12449595708623, -15.34387406079005], [-54.12449144659464, -15.343874616719384], [-54.12448698705294, -15.34387547661694], [-54.12448260018757, -15.343876636293372], [-54.12447830737087, -15.343878090098878], [-54.124474129517, -15.343879830950655], [-54.12447008698002, -15.343881850367453], [-54.12446619945475, -15.343884138510875], [-54.12446248588081, -15.343886684233336], [-54.12445896435037, -15.343889475132345], [-54.12445565201993, -15.343892497610904], [-54.12445256502684, -15.343895736943836], [-54.12444971841063, -15.343899177349432], [-54.12444712603972, -15.3439028020664], [-54.124444800543884, -15.3439065934355], [-54.1244427532527, -15.343910532985557], [-54.12444099414039, -15.34391460152349], [-54.124439531777185, -15.343918779227815], [-54.124438373287575, -15.343923045745168], [-54.124437524315624, -15.343927380289529], [-54.124436988997445, -15.343931761743418], [-54.1244367699411, -15.343936168760871]]]}, "properties": {"bairro": "Jardins dos Ipes", "quadra": null, "numero_lote": null, "chave": "Jardins dos Ipes|?|?", "area_gis_m2": 153.81, "fonte": "g201.dxf"}}]}