{"type": "FeatureCollection", "name": "Residencial Buritis V", "crs": {"type": "name", "properties": {"name": "urn:ogc:def:crs:OGC:1.3:CRS84"}}, "features": [{"type": "Feature", "geometry": {"type": "Polygon", "coordinates": [[[-54.342388840838254, -15.527585038628917], [-54.342480424355244, -15.527601561662465], [-54.342443783309136, -15.527792466496976], [-54.34235219971572, -15.527775943435666], [-54.342388840838254, -15.527585038628917]]]}, "properties": {"bairro": "Residencial Buritis V", "quadra": "47", "numero_lote": "29", "chave": "Residencial Buritis V|47|29", "area_gis_m2": 215.0, "fonte": "MAPA PVA_RESIDENCIAL BURITIS V.dwg"}}, {"type": "Feature", "geometry": {"type": "Polygon", "coordinates": [[[-54.34242548186491, -15.527394133802552], [-54.34251706530547, -15.527410656808373], [-54.342480424355244, -15.527601561662465], [-54.342388840838254, -15.527585038628917], [-54.34242548186491, -15.527394133802552]]]}, "properties": {"bairro": "Residencial Buritis V", "quadra": "47", "numero_lote": "2", "chave": "Residencial Buritis V|47|2", "area_gis_m2": 215.0, "fonte": "MAPA PVA_RESIDENCIAL BURITIS V.dwg"}}, {"type": "Feature", "geometry": {"type": "Polygon", "coordinates": [[[-54.34229725734687, -15.52756851553415], [-54.34238884084313, -15.527585038603512], [-54.342352199720594, -15.527775943410253], [-54.34226061614791, -15.527759420313153], [-54.34229725734687, -15.52756851553415]]]}, "properties": {"bairro": "Residencial Buritis V", "quadra": "47", "numero_lote": "28", "chave": "Residencial Buritis V|47|28", "area_gis_m2": 215.0, "fonte": "MAPA PVA_RESIDENCIAL BURITIS V.dwg"}}, {"type": "Feature", "geometry": {"type": "Polygon", "coordinates": [[[-54.34233389844995, -15.527377610735547], [-54.342425481869775, -15.527394133777156], [-54.34238884084313, -15.527585038603512], [-54.34229725734687, -15.52756851553415], [-54.34233389844995, -15.527377610735547]]]}, "properties": {"bairro": "Residencial Buritis V", "quadra": "47", "numero_lote": "3", "chave": "Residencial Buritis V|47|3", "area_gis_m2": 215.0, "fonte": "MAPA PVA_RESIDENCIAL BURITIS V.dwg"}}, {"type": "Feature", "geometry": {"type": "Polygon", "coordinates": [[[-54.34220567387624, -15.527551992403595], [-54.34229725735174, -15.527568515508765], [-54.342260616152785, -15.527759420287762], [-54.34216903260085, -15.527742897154845], [-54.34220567387624, -15.527551992403595]]]}, "properties": {"bairro": "Residencial Buritis V", "quadra": "47", "numero_lote": "27", "chave": "Residencial Buritis V|47|27", "area_gis_m2": 215.0, "fonte": "MAPA PVA_RESIDENCIAL BURITIS V.dwg"}}, {"type": "Feature", "geometry": {"type": "Polygon", "coordinates": [[[-54.342242315055735, -15.52736108763273], [-54.34233389845482, -15.527377610710147], [-54.34229725735174, -15.527568515508765], [-54.34220567387624, -15.527551992403595], [-54.342242315055735, -15.52736108763273]]]}, "properties": {"bairro": "Residencial Buritis V", "quadra": "47", "numero_lote": "4", "chave": "Residencial Buritis V|47|4", "area_gis_m2": 215.0, "fonte": "MAPA PVA_RESIDENCIAL BURITIS V.dwg"}}, {"type": "Feature", "geometry": {"type": "Polygon", "coordinates": [[[-54.342114090426335, -15.52753546923723], [-54.342205673881104, -15.527551992378198], [-54.342169032605725, -15.527742897129441], [-54.34207744907452, -15.527726373960702], [-54.342114090426335, -15.52753546923723]]]}, "properties": {"bairro": "Residencial Buritis V", "quadra": "47", "numero_lote": "26", "chave": "Residencial Buritis V|47|26", "area_gis_m2": 215.0, "fonte": "MAPA PVA_RESIDENCIAL BURITIS V.dwg"}}, {"type": "Feature", "geometry": {"type": "Polygon", "coordinates": [[[-54.34215073168227, -15.527344564494124], [-54.34224231506061, -15.527361087607341], [-54.342205673881104, -15.527551992378198], [-54.342114090426335, -15.52753546923723], [-54.34215073168227, -15.527344564494124]]]}, "properties": {"bairro": "Residencial Buritis V", "quadra": "47", "numero_lote": "5", "chave": "Residencial Buritis V|47|5", "area_gis_m2": 215.0, "fonte": "MAPA PVA_RESIDENCIAL BURITIS V.dwg"}}, {"type": "Feature", "geometry": {"type": "Polygon", "coordinates": [[[-54.34202250699718, -15.527518946035057], [-54.34211409043121, -15.527535469211834], [-54.3420774490794, -15.52772637393534], [-54.341985865568944, -15.527709850730801], [-54.34202250699718, -15.527518946035057]]]}, "properties": {"bairro": "Residencial Buritis V", "quadra": "47", "numero_lote": "25", "chave": "Residencial Buritis V|47|25", "area_gis_m2": 215.0, "fonte": "MAPA PVA_RESIDENCIAL BURITIS V.dwg"}}, {"type": "Feature", "geometry": {"type": "Polygon", "coordinates": [[[-54.34205914832953, -15.5273280413197], [-54.34215073168714, -15.527344564468724], [-54.34211409043121, -15.527535469211834], [-54.34202250699718, -15.527518946035057], [-54.34205914832953, -15.5273280413197]]]}, "properties": {"bairro": "Residencial Buritis V", "quadra": "47", "numero_lote": "6", "chave": "Residencial Buritis V|47|6", "area_gis_m2": 215.0, "fonte": "MAPA PVA_RESIDENCIAL BURITIS V.dwg"}}, {"type": "Feature", "geometry": {"type": "Polygon", "coordinates": [[[-54.34193092358877, -15.527502422797086], [-54.342022507002056, -15.527518946009659], [-54.34198586557382, -15.527709850705397], [-54.341894282084105, -15.527693327465064], [-54.34193092358877, -15.527502422797086]]]}, "properties": {"bairro": "Residencial Buritis V", "quadra": "47", "numero_lote": "24", "chave": "Residencial Buritis V|47|24", "area_gis_m2": 215.0, "fonte": "MAPA PVA_RESIDENCIAL BURITIS V.dwg"}}, {"type": "Feature", "geometry": {"type": "Polygon", "coordinates": [[[-54.341967564997546, -15.52731151810949], [-54.34205914833441, -15.527328041294313], [-54.342022507002056, -15.527518946009659], [-54.34193092358877, -15.527502422797086], [-54.341967564997546, -15.52731151810949]]]}, "properties": {"bairro": "Residencial Buritis V", "quadra": "47", "numero_lote": "7", "chave": "Residencial Buritis V|47|7", "area_gis_m2": 215.0, "fonte": "MAPA PVA_RESIDENCIAL BURITIS V.dwg"}}, {"type": "Feature", "geometry": {"type": "Polygon", "coordinates": [[[-54.3418393402011, -15.527485899523317], [-54.341930923593644, -15.527502422771697], [-54.34189428208898, -15.527693327439676], [-54.34180269862001, -15.527676804163542], [-54.3418393402011, -15.527485899523317]]]}, "properties": {"bairro": "Residencial Buritis V", "quadra": "47", "numero_lote": "23", "chave": "Residencial Buritis V|47|23", "area_gis_m2": 215.0, "fonte": "MAPA PVA_RESIDENCIAL BURITIS V.dwg"}}, {"type": "Feature", "geometry": {"type": "Polygon", "coordinates": [[[-54.3418759816863, -15.527294994863444], [-54.34196756500242, -15.527311518084074], [-54.341930923593644, -15.527502422771697], [-54.3418393402011, -15.527485899523317], [-54.3418759816863, -15.527294994863444]]]}, "properties": {"bairro": "Residencial Buritis V", "quadra": "47", "numero_lote": "8", "chave": "Residencial Buritis V|47|8", "area_gis_m2": 215.0, "fonte": "MAPA PVA_RESIDENCIAL BURITIS V.dwg"}}, {"type": "Feature", "geometry": {"type": "Polygon", "coordinates": [[[-54.341747756834174, -15.527469376213729], [-54.34183934020597, -15.527485899497917], [-54.34180269862488, -15.52767680413815], [-54.341711115176665, -15.527660280826204], [-54.341747756834174, -15.527469376213729]]]}, "properties": {"bairro": "Residencial Buritis V", "quadra": "47", "numero_lote": "22", "chave": "Residencial Buritis V|47|22", "area_gis_m2": 215.0, "fonte": "MAPA PVA_RESIDENCIAL BURITIS V.dwg"}}, {"type": "Feature", "geometry": {"type": "Polygon", "coordinates": [[[-54.3417843983958, -15.527278471581614], [-54.341875981691175, -15.52729499483805], [-54.34183934020597, -15.527485899497917], [-54.341747756834174, -15.527469376213729], [-54.3417843983958, -15.527278471581614]]]}, "properties": {"bairro": "Residencial Buritis V", "quadra": "47", "numero_lote": "9", "chave": "Residencial Buritis V|47|9", "area_gis_m2": 215.0, "fonte": "MAPA PVA_RESIDENCIAL BURITIS V.dwg"}}, {"type": "Feature", "geometry": {"type": "Polygon", "coordinates": [[[-54.34165617348798, -15.527452852868349], [-54.34174775683905, -15.52746937618832], [-54.34171111518154, -15.527660280800799], [-54.341619531754056, -15.527643757453058], [-54.34165617348798, -15.527452852868349]]]}, "properties": {"bairro": "Residencial Buritis V", "quadra": "47", "numero_lote": "21", "chave": "Residencial Buritis V|47|21", "area_gis_m2": 215.0, "fonte": "MAPA PVA_RESIDENCIAL BURITIS V.dwg"}}, {"type": "Feature", "geometry": {"type": "Polygon", "coordinates": [[[-54.34169281512604, -15.527261948263977], [-54.34178439840067, -15.52727847155621], [-54.34174775683905, -15.52746937618832], [-54.34165617348798, -15.527452852868349], [-54.34169281512604, -15.527261948263977]]]}, "properties": {"bairro": "Residencial Buritis V", "quadra": "47", "numero_lote": "10", "chave": "Residencial Buritis V|47|10", "area_gis_m2": 215.0, "fonte": "MAPA PVA_RESIDENCIAL BURITIS V.dwg"}}, {"type": "Feature", "geometry": {"type": "Polygon", "coordinates": [[[-54.34156459016255, -15.527436329487145], [-54.341656173492865, -15.527452852842952], [-54.34161953175893, -15.527643757427667], [-54.34152794835219, -15.527627234044122], [-54.34156459016255, -15.527436329487145]]]}, "properties": {"bairro": "Residencial Buritis V", "quadra": "47", "numero_lote": "20", "chave": "Residencial Buritis V|47|20", "area_gis_m2": 215.0, "fonte": "MAPA PVA_RESIDENCIAL BURITIS V.dwg"}}, {"type": "Feature", "geometry": {"type": "Polygon", "coordinates": [[[-54.34160123187702, -15.527245424910555], [-54.34169281513091, -15.52726194823859], [-54.341656173492865, -15.527452852842952], [-54.34156459016255, -15.527436329487145], [-54.34160123187702, -15.527245424910555]]]}, "properties": {"bairro": "Residencial Buritis V", "quadra": "47", "numero_lote": "11", "chave": "Residencial Buritis V|47|11", "area_gis_m2": 215.0, "fonte": "MAPA PVA_RESIDENCIAL BURITIS V.dwg"}}, {"type": "Feature", "geometry": {"type": "Polygon", "coordinates": [[[-54.341473006857846, -15.52741980607014], [-54.34156459016742, -15.527436329461754], [-54.34152794835706, -15.527627234018732], [-54.34143636497107, -15.527610710599381], [-54.341473006857846, -15.52741980607014]]]}, "properties": {"bairro": "Residencial Buritis V", "quadra": "47", "numero_lote": "19", "chave": "Residencial Buritis V|47|19", "area_gis_m2": 215.0, "fonte": "MAPA PVA_RESIDENCIAL BURITIS V.dwg"}}, {"type": "Feature", "geometry": {"type": "Polygon", "coordinates": [[[-54.34150964864875, -15.527228901521317], [-54.341601231881896, -15.527245424885155], [-54.34156459016742, -15.527436329461754], [-54.341473006857846, -15.52741980607014], [-54.34150964864875, -15.527228901521317]]]}, "properties": {"bairro": "Residencial Buritis V", "quadra": "47", "numero_lote": "12", "chave": "Residencial Buritis V|47|12", "area_gis_m2": 215.0, "fonte": "MAPA PVA_RESIDENCIAL BURITIS V.dwg"}}, {"type": "Feature", "geometry": {"type": "Polygon", "coordinates": [[[-54.3413814235739, -15.527403282617367], [-54.34147300686273, -15.527419806044753], [-54.34143636497594, -15.527610710573997], [-54.341344781610694, -15.527594187118849], [-54.3413814235739, -15.527403282617367]]]}, "properties": {"bairro": "Residencial Buritis V", "quadra": "47", "numero_lote": "18", "chave": "Residencial Buritis V|47|18", "area_gis_m2": 215.0, "fonte": "MAPA PVA_RESIDENCIAL BURITIS V.dwg"}}, {"type": "Feature", "geometry": {"type": "Polygon", "coordinates": [[[-54.34141806544122, -15.527212378096273], [-54.34150964865362, -15.527228901495914], [-54.34147300686273, -15.527419806044753], [-54.3413814235739, -15.527403282617367], [-54.34141806544122, -15.527212378096273]]]}, "properties": {"bairro": "Residencial Buritis V", "quadra": "47", "numero_lote": "13", "chave": "Residencial Buritis V|47|13", "area_gis_m2": 215.0, "fonte": "MAPA PVA_RESIDENCIAL BURITIS V.dwg"}}, {"type": "Feature", "geometry": {"type": "Polygon", "coordinates": [[[-54.341289840310694, -15.527386759128763], [-54.341381423578774, -15.527403282591962], [-54.34134478161557, -15.527594187093438], [-54.34125319827106, -15.527577663602472], [-54.341289840310694, -15.527386759128763]]]}, "properties": {"bairro": "Residencial Buritis V", "quadra": "47", "numero_lote": "17", "chave": "Residencial Buritis V|47|17", "area_gis_m2": 215.0, "fonte": "MAPA PVA_RESIDENCIAL BURITIS V.dwg"}}, {"type": "Feature", "geometry": {"type": "Polygon", "coordinates": [[[-54.34132648225443, -15.527195854635433], [-54.34141806544609, -15.527212378070873], [-54.341381423578774, -15.527403282591962], [-54.341289840310694, -15.527386759128763], [-54.34132648225443, -15.527195854635433]]]}, "properties": {"bairro": "Residencial Buritis V", "quadra": "47", "numero_lote": "14", "chave": "Residencial Buritis V|47|14", "area_gis_m2": 215.0, "fonte": "MAPA PVA_RESIDENCIAL BURITIS V.dwg"}}, {"type": "Feature", "geometry": {"type": "Polygon", "coordinates": [[[-54.341198257107514, -15.527370235611457], [-54.341289840354854, -15.527386759110462], [-54.34125319831523, -15.527577663584182], [-54.341161614991464, -15.52756114005742], [-54.341198257107514, -15.527370235611457]]]}, "properties": {"bairro": "Residencial Buritis V", "quadra": "47", "numero_lote": "16", "chave": "Residencial Buritis V|47|16", "area_gis_m2": 215.0, "fonte": "MAPA PVA_RESIDENCIAL BURITIS V.dwg"}}, {"type": "Feature", "geometry": {"type": "Polygon", "coordinates": [[[-54.34123489912767, -15.527179331145865], [-54.34132648229859, -15.52719585461711], [-54.341289840354854, -15.527386759110462], [-54.341198257107514, -15.527370235611457], [-54.34123489912767, -15.527179331145865]]]}, "properties": {"bairro": "Residencial Buritis V", "quadra": "47", "numero_lote": "15", "chave": "Residencial Buritis V|47|15", "area_gis_m2": 215.0, "fonte": "MAPA PVA_RESIDENCIAL BURITIS V.dwg"}}, {"type": "Feature", "geometry": {"type": "Polygon", "coordinates": [[[-54.34229766391394, -15.528060080786112], [-54.34238924762111, -15.528076603888712], [-54.34235516270823, -15.528254189736494], [-54.34226357892996, -15.528237666608069], [-54.34229766391394, -15.528060080786112]]]}, "properties": {"bairro": "Residencial Buritis V", "quadra": "46", "numero_lote": "29", "chave": "Residencial Buritis V|46|29", "area_gis_m2": 200.0, "fonte": "MAPA PVA_RESIDENCIAL BURITIS V.dwg"}}, {"type": "Feature", "geometry": {"type": "Polygon", "coordinates": [[[-54.342331748814935, -15.52788249494717], [-54.34242333245102, -15.52789901802397], [-54.34238924762111, -15.528076603888712], [-54.34229766391394, -15.528060080786112], [-54.342331748814935, -15.52788249494717]]]}, "properties": {"bairro": "Residencial Buritis V", "quadra": "46", "numero_lote": "2", "chave": "Residencial Buritis V|46|2", "area_gis_m2": 200.0, "fonte": "MAPA PVA_RESIDENCIAL BURITIS V.dwg"}}, {"type": "Feature", "geometry": {"type": "Polygon", "coordinates": [[[-54.34220608023237, -15.528043557622313], [-54.34229766391881, -15.528060080760723], [-54.34226357893483, -15.528237666582665], [-54.3421719951773, -15.528221143418442], [-54.34220608023237, -15.528043557622313]]]}, "properties": {"bairro": "Residencial Buritis V", "quadra": "46", "numero_lote": "28", "chave": "Residencial Buritis V|46|28", "area_gis_m2": 200.0, "fonte": "MAPA PVA_RESIDENCIAL BURITIS V.dwg"}}, {"type": "Feature", "geometry": {"type": "Polygon", "coordinates": [[[-54.34224016520447, -15.527865971809193], [-54.34233174881981, -15.527882494921768], [-54.34229766391881, -15.528060080760723], [-54.34220608023237, -15.528043557622313], [-54.34224016520447, -15.527865971809193]]]}, "properties": {"bairro": "Residencial Buritis V", "quadra": "46", "numero_lote": "3", "chave": "Residencial Buritis V|46|3", "area_gis_m2": 200.0, "fonte": "MAPA PVA_RESIDENCIAL BURITIS V.dwg"}}, {"type": "Feature", "geometry": {"type": "Polygon", "coordinates": [[[-54.34211449657156, -15.528027034422694], [-54.34220608023725, -15.528043557596913], [-54.34217199518218, -15.528221143393052], [-54.34208041144539, -15.528204620193025], [-54.34211449657156, -15.528027034422694]]]}, "properties": {"bairro": "Residencial Buritis V", "quadra": "46", "numero_lote": "27", "chave": "Residencial Buritis V|46|27", "area_gis_m2": 200.0, "fonte": "MAPA PVA_RESIDENCIAL BURITIS V.dwg"}}, {"type": "Feature", "geometry": {"type": "Polygon", "coordinates": [[[-54.34214858161475, -15.527849448635386], [-54.342240165209354, -15.527865971783786], [-54.34220608023725, -15.528043557596913], [-54.34211449657156, -15.528027034422694], [-54.34214858161475, -15.527849448635386]]]}, "properties": {"bairro": "Residencial Buritis V", "quadra": "46", "numero_lote": "4", "chave": "Residencial Buritis V|46|4", "area_gis_m2": 200.0, "fonte": "MAPA PVA_RESIDENCIAL BURITIS V.dwg"}}, {"type": "Feature", "geometry": {"type": "Polygon", "coordinates": [[[-54.34202291293148, -15.52801051118728], [-54.34211449657643, -15.528027034397303], [-54.34208041145026, -15.528204620167623], [-54.34198882773422, -15.528188096931785], [-54.34202291293148, -15.52801051118728]]]}, "properties": {"bairro": "Residencial Buritis V", "quadra": "46", "numero_lote": "26", "chave": "Residencial Buritis V|46|26", "area_gis_m2": 200.0, "fonte": "MAPA PVA_RESIDENCIAL BURITIS V.dwg"}}, {"type": "Feature", "geometry": {"type": "Polygon", "coordinates": [[[-54.34205699804577, -15.527832925425765], [-54.342148581619625, -15.527849448609974], [-54.34211449657643, -15.528027034397303], [-54.34202291293148, -15.52801051118728], [-54.34205699804577, -15.527832925425765]]]}, "properties": {"bairro": "Residencial Buritis V", "quadra": "46", "numero_lote": "5", "chave": "Residencial Buritis V|46|5", "area_gis_m2": 200.0, "fonte": "MAPA PVA_RESIDENCIAL BURITIS V.dwg"}}, {"type": "Feature", "geometry": {"type": "Polygon", "coordinates": [[[-54.34193132931215, -15.527993987916046], [-54.34202291293636, -15.528010511161874], [-54.341988827739094, -15.528188096906382], [-54.34189724404379, -15.528171573634737], [-54.34193132931215, -15.527993987916046]]]}, "properties": {"bairro": "Residencial Buritis V", "quadra": "46", "numero_lote": "25", "chave": "Residencial Buritis V|46|25", "area_gis_m2": 200.0, "fonte": "MAPA PVA_RESIDENCIAL BURITIS V.dwg"}}, {"type": "Feature", "geometry": {"type": "Polygon", "coordinates": [[[-54.34196541449754, -15.527816402180354], [-54.342056998050644, -15.52783292540038], [-54.34202291293636, -15.528010511161874], [-54.34193132931215, -15.527993987916046], [-54.34196541449754, -15.527816402180354]]]}, "properties": {"bairro": "Residencial Buritis V", "quadra": "46", "numero_lote": "6", "chave": "Residencial Buritis V|46|6", "area_gis_m2": 200.0, "fonte": "MAPA PVA_RESIDENCIAL BURITIS V.dwg"}}, {"type": "Feature", "geometry": {"type": "Polygon", "coordinates": [[[-54.341839745713564, -15.527977464609007], [-54.34193132931702, -15.527993987890657], [-54.34189724404866, -15.528171573609349], [-54.341805660374106, -15.528155050301892], [-54.341839745713564, -15.527977464609007]]]}, "properties": {"bairro": "Residencial Buritis V", "quadra": "46", "numero_lote": "24", "chave": "Residencial Buritis V|46|24", "area_gis_m2": 200.0, "fonte": "MAPA PVA_RESIDENCIAL BURITIS V.dwg"}}, {"type": "Feature", "geometry": {"type": "Polygon", "coordinates": [[[-54.341873830970044, -15.527799878899147], [-54.34196541450241, -15.527816402154965], [-54.34193132931702, -15.527993987890657], [-54.341839745713564, -15.527977464609007], [-54.341873830970044, -15.527799878899147]]]}, "properties": {"bairro": "Residencial Buritis V", "quadra": "46", "numero_lote": "7", "chave": "Residencial Buritis V|46|7", "area_gis_m2": 200.0, "fonte": "MAPA PVA_RESIDENCIAL BURITIS V.dwg"}}, {"type": "Feature", "geometry": {"type": "Polygon", "coordinates": [[[-54.341748162135715, -15.527960941266183], [-54.34183974571843, -15.52797746458361], [-54.34180566037898, -15.528155050276506], [-54.34171407672516, -15.528138526933233], [-54.341748162135715, -15.527960941266183]]]}, "properties": {"bairro": "Residencial Buritis V", "quadra": "46", "numero_lote": "23", "chave": "Residencial Buritis V|46|23", "area_gis_m2": 200.0, "fonte": "MAPA PVA_RESIDENCIAL BURITIS V.dwg"}}, {"type": "Feature", "geometry": {"type": "Polygon", "coordinates": [[[-54.34178224746329, -15.527783355582121], [-54.34187383097492, -15.527799878873742], [-54.34183974571843, -15.52797746458361], [-54.341748162135715, -15.527960941266183], [-54.34178224746329, -15.527783355582121]]]}, "properties": {"bairro": "Residencial Buritis V", "quadra": "46", "numero_lote": "8", "chave": "Residencial Buritis V|46|8", "area_gis_m2": 200.0, "fonte": "MAPA PVA_RESIDENCIAL BURITIS V.dwg"}}, {"type": "Feature", "geometry": {"type": "Polygon", "coordinates": [[[-54.341656578578615, -15.52794441788754], [-54.34174816214059, -15.527960941240783], [-54.341714076730035, -15.52813852690785], [-54.34162249309697, -15.528122003528793], [-54.341656578578615, -15.52794441788754]]]}, "properties": {"bairro": "Residencial Buritis V", "quadra": "46", "numero_lote": "22", "chave": "Residencial Buritis V|46|22", "area_gis_m2": 200.0, "fonte": "MAPA PVA_RESIDENCIAL BURITIS V.dwg"}}, {"type": "Feature", "geometry": {"type": "Polygon", "coordinates": [[[-54.34169066397729, -15.527766832229316], [-54.34178224746817, -15.52778335555674], [-54.34174816214059, -15.527960941240783], [-54.341656578578615, -15.52794441788754], [-54.34169066397729, -15.527766832229316]]]}, "properties": {"bairro": "Residencial Buritis V", "quadra": "46", "numero_lote": "9", "chave": "Residencial Buritis V|46|9", "area_gis_m2": 200.0, "fonte": "MAPA PVA_RESIDENCIAL BURITIS V.dwg"}}, {"type": "Feature", "geometry": {"type": "Polygon", "coordinates": [[[-54.34156499504226, -15.527927894473097], [-54.34165657858349, -15.527944417862134], [-54.341622493101845, -15.528122003503393], [-54.34153090948952, -15.528105480088513], [-54.34156499504226, -15.527927894473097]]]}, "properties": {"bairro": "Residencial Buritis V", "quadra": "46", "numero_lote": "21", "chave": "Residencial Buritis V|46|21", "area_gis_m2": 200.0, "fonte": "MAPA PVA_RESIDENCIAL BURITIS V.dwg"}}, {"type": "Feature", "geometry": {"type": "Polygon", "coordinates": [[[-54.341599080512026, -15.52775030884067], [-54.341690663982156, -15.5277668322039], [-54.34165657858349, -15.527944417862134], [-54.34156499504226, -15.527927894473097], [-54.341599080512026, -15.52775030884067]]]}, "properties": {"bairro": "Residencial Buritis V", "quadra": "46", "numero_lote": "10", "chave": "Residencial Buritis V|46|10", "area_gis_m2": 200.0, "fonte": "MAPA PVA_RESIDENCIAL BURITIS V.dwg"}}, {"type": "Feature", "geometry": {"type": "Polygon", "coordinates": [[[-54.34147341152665, -15.52791137102283], [-54.34156499504713, -15.52792789444768], [-54.341530909494395, -15.528105480063125], [-54.34143932590281, -15.528088956612455], [-54.34147341152665, -15.52791137102283]]]}, "properties": {"bairro": "Residencial Buritis V", "quadra": "46", "numero_lote": "20", "chave": "Residencial Buritis V|46|20", "area_gis_m2": 200.0, "fonte": "MAPA PVA_RESIDENCIAL BURITIS V.dwg"}}, {"type": "Feature", "geometry": {"type": "Polygon", "coordinates": [[[-54.341507497067504, -15.527733785416233], [-54.3415990805169, -15.527750308815268], [-54.34156499504713, -15.52792789444768], [-54.34147341152665, -15.52791137102283], [-54.341507497067504, -15.527733785416233]]]}, "properties": {"bairro": "Residencial Buritis V", "quadra": "46", "numero_lote": "11", "chave": "Residencial Buritis V|46|11", "area_gis_m2": 200.0, "fonte": "MAPA PVA_RESIDENCIAL BURITIS V.dwg"}}, {"type": "Feature", "geometry": {"type": "Polygon", "coordinates": [[[-54.34138182803178, -15.527894847536789], [-54.34147341153152, -15.527911370997446], [-54.341439325907686, -15.52808895658704], [-54.34134774233684, -15.528072433100563], [-54.34138182803178, -15.527894847536789]]]}, "properties": {"bairro": "Residencial Buritis V", "quadra": "46", "numero_lote": "19", "chave": "Residencial Buritis V|46|19", "area_gis_m2": 200.0, "fonte": "MAPA PVA_RESIDENCIAL BURITIS V.dwg"}}, {"type": "Feature", "geometry": {"type": "Polygon", "coordinates": [[[-54.34141591364373, -15.527717261956008], [-54.34150749707238, -15.527733785390849], [-54.34147341153152, -15.527911370997446], [-54.34138182803178, -15.527894847536789], [-54.34141591364373, -15.527717261956008]]]}, "properties": {"bairro": "Residencial Buritis V", "quadra": "46", "numero_lote": "12", "chave": "Residencial Buritis V|46|12", "area_gis_m2": 200.0, "fonte": "MAPA PVA_RESIDENCIAL BURITIS V.dwg"}}, {"type": "Feature", "geometry": {"type": "Polygon", "coordinates": [[[-54.341290244557655, -15.527878324014928], [-54.341381828036646, -15.527894847511382], [-54.341347742341725, -15.528072433075188], [-54.34125615879163, -15.528055909552908], [-54.341290244557655, -15.527878324014928]]]}, "properties": {"bairro": "Residencial Buritis V", "quadra": "46", "numero_lote": "18", "chave": "Residencial Buritis V|46|18", "area_gis_m2": 200.0, "fonte": "MAPA PVA_RESIDENCIAL BURITIS V.dwg"}}, {"type": "Feature", "geometry": {"type": "Polygon", "coordinates": [[[-54.341324330240695, -15.527700738459972], [-54.3414159136486, -15.527717261930608], [-54.341381828036646, -15.527894847511382], [-54.341290244557655, -15.527878324014928], [-54.341324330240695, -15.527700738459972]]]}, "properties": {"bairro": "Residencial Buritis V", "quadra": "46", "numero_lote": "13", "chave": "Residencial Buritis V|46|13", "area_gis_m2": 200.0, "fonte": "MAPA PVA_RESIDENCIAL BURITIS V.dwg"}}, {"type": "Feature", "geometry": {"type": "Polygon", "coordinates": [[[-54.34119866110427, -15.52786180045728], [-54.34129024456253, -15.527878323989544], [-54.341256158796504, -15.528055909527499], [-54.34116457526716, -15.528039385969418], [-54.34119866110427, -15.52786180045728]]]}, "properties": {"bairro": "Residencial Buritis V", "quadra": "46", "numero_lote": "17", "chave": "Residencial Buritis V|46|17", "area_gis_m2": 200.0, "fonte": "MAPA PVA_RESIDENCIAL BURITIS V.dwg"}}, {"type": "Feature", "geometry": {"type": "Polygon", "coordinates": [[[-54.34123274685841, -15.527684214928142], [-54.34132433024557, -15.52770073843456], [-54.34129024456253, -15.527878323989544], [-54.34119866110427, -15.52786180045728], [-54.34123274685841, -15.527684214928142]]]}, "properties": {"bairro": "Residencial Buritis V", "quadra": "46", "numero_lote": "14", "chave": "Residencial Buritis V|46|14", "area_gis_m2": 200.0, "fonte": "MAPA PVA_RESIDENCIAL BURITIS V.dwg"}}, {"type": "Feature", "geometry": {"type": "Polygon", "coordinates": [[[-54.341107077687354, -15.527845276866646], [-54.341198661124864, -15.527861800434714], [-54.34116457528775, -15.528039385946867], [-54.34107299177915, -15.528022862352984], [-54.341107077687354, -15.527845276866646]]]}, "properties": {"bairro": "Residencial Buritis V", "quadra": "46", "numero_lote": "16", "chave": "Residencial Buritis V|46|16", "area_gis_m2": 200.0, "fonte": "MAPA PVA_RESIDENCIAL BURITIS V.dwg"}}, {"type": "Feature", "geometry": {"type": "Polygon", "coordinates": [[[-54.34114116351259, -15.527667691363328], [-54.341232746878994, -15.527684214905566], [-54.341198661124864, -15.527861800434714], [-54.341107077687354, -15.527845276866646], [-54.34114116351259, -15.527667691363328]]]}, "properties": {"bairro": "Residencial Buritis V", "quadra": "46", "numero_lote": "15", "chave": "Residencial Buritis V|46|15", "area_gis_m2": 200.0, "fonte": "MAPA PVA_RESIDENCIAL BURITIS V.dwg"}}, {"type": "Feature", "geometry": {"type": "Polygon", "coordinates": [[[-54.341052540178666, -15.528129413633806], [-54.34114412372993, -15.528145937243195], [-54.34111003776004, -15.528323522728183], [-54.34101845413768, -15.528306999092967], [-54.341052540178666, -15.528129413633806]]]}, "properties": {"bairro": "Residencial Buritis V", "quadra": "44", "numero_lote": "15", "chave": "Residencial Buritis V|44|15", "area_gis_m2": 200.0, "fonte": "MAPA PVA_RESIDENCIAL BURITIS V.dwg"}}, {"type": "Feature", "geometry": {"type": "Polygon", "coordinates": [[[-54.34114412372993, -15.528145937243195], [-54.34123570730193, -15.528162460816763], [-54.34120162140314, -15.528340046327584], [-54.34111003776004, -15.528323522728183], [-54.34114412372993, -15.528145937243195]]]}, "properties": {"bairro": "Residencial Buritis V", "quadra": "44", "numero_lote": "14", "chave": "Residencial Buritis V|44|14", "area_gis_m2": 200.0, "fonte": "MAPA PVA_RESIDENCIAL BURITIS V.dwg"}}, {"type": "Feature", "geometry": {"type": "Polygon", "coordinates": [[[-54.34123570730193, -15.528162460816763], [-54.34132729089468, -15.528178984354534], [-54.34129320506698, -15.528356569891182], [-54.34120162140314, -15.528340046327584], [-54.34123570730193, -15.528162460816763]]]}, "properties": {"bairro": "Residencial Buritis V", "quadra": "44", "numero_lote": "13", "chave": "Residencial Buritis V|44|13", "area_gis_m2": 200.0, "fonte": "MAPA PVA_RESIDENCIAL BURITIS V.dwg"}}, {"type": "Feature", "geometry": {"type": "Polygon", "coordinates": [[[-54.34132729089468, -15.528178984354534], [-54.34141887450817, -15.528195507856504], [-54.34138478875157, -15.52837309341897], [-54.34129320506698, -15.528356569891182], [-54.34132729089468, -15.528178984354534]]]}, "properties": {"bairro": "Residencial Buritis V", "quadra": "44", "numero_lote": "12", "chave": "Residencial Buritis V|44|12", "area_gis_m2": 200.0, "fonte": "MAPA PVA_RESIDENCIAL BURITIS V.dwg"}}, {"type": "Feature", "geometry": {"type": "Polygon", "coordinates": [[[-54.34141887450817, -15.528195507856504], [-54.34151045814241, -15.528212031322676], [-54.3414763724569, -15.52838961691094], [-54.34138478875157, -15.52837309341897], [-54.34141887450817, -15.528195507856504]]]}, "properties": {"bairro": "Residencial Buritis V", "quadra": "44", "numero_lote": "11", "chave": "Residencial Buritis V|44|11", "area_gis_m2": 200.0, "fonte": "MAPA PVA_RESIDENCIAL BURITIS V.dwg"}}, {"type": "Feature", "geometry": {"type": "Polygon", "coordinates": [[[-54.34151045814241, -15.528212031322676], [-54.341602041797394, -15.528228554753046], [-54.341567956182985, -15.528406140367126], [-54.3414763724569, -15.52838961691094], [-54.34151045814241, -15.528212031322676]]]}, "properties": {"bairro": "Residencial Buritis V", "quadra": "44", "numero_lote": "10", "chave": "Residencial Buritis V|44|10", "area_gis_m2": 200.0, "fonte": "MAPA PVA_RESIDENCIAL BURITIS V.dwg"}}, {"type": "Feature", "geometry": {"type": "Polygon", "coordinates": [[[-54.341602041797394, -15.528228554753046], [-54.34169362547312, -15.528245078147592], [-54.34165953992981, -15.528422663787495], [-54.341567956182985, -15.528406140367126], [-54.341602041797394, -15.528228554753046]]]}, "properties": {"bairro": "Residencial Buritis V", "quadra": "44", "numero_lote": "9", "chave": "Residencial Buritis V|44|9", "area_gis_m2": 200.0, "fonte": "MAPA PVA_RESIDENCIAL BURITIS V.dwg"}}, {"type": "Feature", "geometry": {"type": "Polygon", "coordinates": [[[-54.34169362547312, -15.528245078147592], [-54.34178520916959, -15.528261601506324], [-54.34175112369738, -15.528439187172058], [-54.34165953992981, -15.528422663787495], [-54.34169362547312, -15.528245078147592]]]}, "properties": {"bairro": "Residencial Buritis V", "quadra": "44", "numero_lote": "8", "chave": "Residencial Buritis V|44|8", "area_gis_m2": 200.0, "fonte": "MAPA PVA_RESIDENCIAL BURITIS V.dwg"}}, {"type": "Feature", "geometry": {"type": "Polygon", "coordinates": [[[-54.34178520916959, -15.528261601506324], [-54.34187679288681, -15.528278124829287], [-54.34184270748568, -15.52845571052082], [-54.34175112369738, -15.528439187172058], [-54.34178520916959, -15.528261601506324]]]}, "properties": {"bairro": "Residencial Buritis V", "quadra": "44", "numero_lote": "7", "chave": "Residencial Buritis V|44|7", "area_gis_m2": 200.0, "fonte": "MAPA PVA_RESIDENCIAL BURITIS V.dwg"}}, {"type": "Feature", "geometry": {"type": "Polygon", "coordinates": [[[-54.34187679288681, -15.528278124829287], [-54.34196837662477, -15.528294648116418], [-54.34193429129474, -15.528472233833773], [-54.34184270748568, -15.52845571052082], [-54.34187679288681, -15.528278124829287]]]}, "properties": {"bairro": "Residencial Buritis V", "quadra": "44", "numero_lote": "6", "chave": "Residencial Buritis V|44|6", "area_gis_m2": 200.0, "fonte": "MAPA PVA_RESIDENCIAL BURITIS V.dwg"}}, {"type": "Feature", "geometry": {"type": "Polygon", "coordinates": [[[-54.34196837662477, -15.528294648116418], [-54.34205996038347, -15.528311171367747], [-54.34202587512455, -15.528488757110926], [-54.34193429129474, -15.528472233833773], [-54.34196837662477, -15.528294648116418]]]}, "properties": {"bairro": "Residencial Buritis V", "quadra": "44", "numero_lote": "5", "chave": "Residencial Buritis V|44|5", "area_gis_m2": 200.0, "fonte": "MAPA PVA_RESIDENCIAL BURITIS V.dwg"}}, {"type": "Feature", "geometry": {"type": "Polygon", "coordinates": [[[-54.34205996038347, -15.528311171367747], [-54.34215154416292, -15.52832769458327], [-54.34211745897509, -15.528505280352256], [-54.34202587512455, -15.528488757110926], [-54.34205996038347, -15.528311171367747]]]}, "properties": {"bairro": "Residencial Buritis V", "quadra": "44", "numero_lote": "4", "chave": "Residencial Buritis V|44|4", "area_gis_m2": 200.0, "fonte": "MAPA PVA_RESIDENCIAL BURITIS V.dwg"}}, {"type": "Feature", "geometry": {"type": "Polygon", "coordinates": [[[-54.34215154416292, -15.52832769458327], [-54.34224312796311, -15.528344217763001], [-54.34220904284638, -15.528521803557794], [-54.34211745897509, -15.528505280352256], [-54.34215154416292, -15.52832769458327]]]}, "properties": {"bairro": "Residencial Buritis V", "quadra": "44", "numero_lote": "3", "chave": "Residencial Buritis V|44|3", "area_gis_m2": 200.0, "fonte": "MAPA PVA_RESIDENCIAL BURITIS V.dwg"}}, {"type": "Feature", "geometry": {"type": "Polygon", "coordinates": [[[-54.34224312796311, -15.528344217763001], [-54.34233471178404, -15.52836074090691], [-54.34230062673841, -15.528538326727537], [-54.34220904284638, -15.528521803557794], [-54.34224312796311, -15.528344217763001]]]}, "properties": {"bairro": "Residencial Buritis V", "quadra": "44", "numero_lote": "2", "chave": "Residencial Buritis V|44|2", "area_gis_m2": 200.0, "fonte": "MAPA PVA_RESIDENCIAL BURITIS V.dwg"}}, {"type": "Feature", "geometry": {"type": "Polygon", "coordinates": [[[-54.34101845413768, -15.528306999092967], [-54.34111003776004, -15.528323522728183], [-54.34107595170717, -15.528501108196192], [-54.34098436801372, -15.528484584535178], [-54.34101845413768, -15.528306999092967]]]}, "properties": {"bairro": "Residencial Buritis V", "quadra": "44", "numero_lote": "16", "chave": "Residencial Buritis V|44|16", "area_gis_m2": 200.0, "fonte": "MAPA PVA_RESIDENCIAL BURITIS V.dwg"}}, {"type": "Feature", "geometry": {"type": "Polygon", "coordinates": [[[-54.34111003776004, -15.528323522728183], [-54.34120162140314, -15.528340046327584], [-54.34116753542136, -15.528517631821403], [-54.34107595170717, -15.528501108196192], [-54.34111003776004, -15.528323522728183]]]}, "properties": {"bairro": "Residencial Buritis V", "quadra": "44", "numero_lote": "17", "chave": "Residencial Buritis V|44|17", "area_gis_m2": 200.0, "fonte": "MAPA PVA_RESIDENCIAL BURITIS V.dwg"}}, {"type": "Feature", "geometry": {"type": "Polygon", "coordinates": [[[-54.34120162140314, -15.528340046327584], [-54.341293205066975, -15.528356569891182], [-54.341259119156305, -15.528534155410815], [-54.34116753542136, -15.528517631821403], [-54.34120162140314, -15.528340046327584]]]}, "properties": {"bairro": "Residencial Buritis V", "quadra": "44", "numero_lote": "18", "chave": "Residencial Buritis V|44|18", "area_gis_m2": 200.0, "fonte": "MAPA PVA_RESIDENCIAL BURITIS V.dwg"}}, {"type": "Feature", "geometry": {"type": "Polygon", "coordinates": [[[-54.341293205066975, -15.528356569891182], [-54.34138478875157, -15.52837309341897], [-54.34135070291199, -15.528550678964434], [-54.341259119156305, -15.528534155410815], [-54.341293205066975, -15.528356569891182]]]}, "properties": {"bairro": "Residencial Buritis V", "quadra": "44", "numero_lote": "19", "chave": "Residencial Buritis V|44|19", "area_gis_m2": 200.0, "fonte": "MAPA PVA_RESIDENCIAL BURITIS V.dwg"}}, {"type": "Feature", "geometry": {"type": "Polygon", "coordinates": [[[-54.34138478875157, -15.52837309341897], [-54.3414763724569, -15.52838961691094], [-54.34144228668842, -15.528567202482227], [-54.34135070291199, -15.528550678964434], [-54.34138478875157, -15.52837309341897]]]}, "properties": {"bairro": "Residencial Buritis V", "quadra": "44", "numero_lote": "20", "chave": "Residencial Buritis V|44|20", "area_gis_m2": 200.0, "fonte": "MAPA PVA_RESIDENCIAL BURITIS V.dwg"}}, {"type": "Feature", "geometry": {"type": "Polygon", "coordinates": [[[-54.3414763724569, -15.52838961691094], [-54.341567956182985, -15.528406140367126], [-54.34153387048559, -15.52858372596421], [-54.34144228668842, -15.528567202482227], [-54.3414763724569, -15.52838961691094]]]}, "properties": {"bairro": "Residencial Buritis V", "quadra": "44", "numero_lote": "21", "chave": "Residencial Buritis V|44|21", "area_gis_m2": 200.0, "fonte": "MAPA PVA_RESIDENCIAL BURITIS V.dwg"}}, {"type": "Feature", "geometry": {"type": "Polygon", "coordinates": [[[-54.341567956182985, -15.528406140367126], [-54.34165953992981, -15.528422663787495], [-54.34162545430352, -15.528600249410415], [-54.34153387048559, -15.52858372596421], [-54.341567956182985, -15.528406140367126]]]}, "properties": {"bairro": "Residencial Buritis V", "quadra": "44", "numero_lote": "22", "chave": "Residencial Buritis V|44|22", "area_gis_m2": 200.0, "fonte": "MAPA PVA_RESIDENCIAL BURITIS V.dwg"}}, {"type": "Feature", "geometry": {"type": "Polygon", "coordinates": [[[-54.34165953992981, -15.528422663787495], [-54.34175112369738, -15.528439187172058], [-54.341717038142185, -15.528616772820797], [-54.34162545430352, -15.528600249410415], [-54.34165953992981, -15.528422663787495]]]}, "properties": {"bairro": "Residencial Buritis V", "quadra": "44", "numero_lote": "23", "chave": "Residencial Buritis V|44|23", "area_gis_m2": 200.0, "fonte": "MAPA PVA_RESIDENCIAL BURITIS V.dwg"}}, {"type": "Feature", "geometry": {"type": "Polygon", "coordinates": [[[-54.34175112369738, -15.528439187172058], [-54.34184270748568, -15.52845571052082], [-54.341808622001594, -15.528633296195387], [-54.341717038142185, -15.528616772820797], [-54.34175112369738, -15.528439187172058]]]}, "properties": {"bairro": "Residencial Buritis V", "quadra": "44", "numero_lote": "24", "chave": "Residencial Buritis V|44|24", "area_gis_m2": 200.0, "fonte": "MAPA PVA_RESIDENCIAL BURITIS V.dwg"}}, {"type": "Feature", "geometry": {"type": "Polygon", "coordinates": [[[-54.34184270748568, -15.52845571052082], [-54.34193429129474, -15.528472233833773], [-54.34190020588175, -15.52864981953415], [-54.341808622001594, -15.528633296195387], [-54.34184270748568, -15.52845571052082]]]}, "properties": {"bairro": "Residencial Buritis V", "quadra": "44", "numero_lote": "25", "chave": "Residencial Buritis V|44|25", "area_gis_m2": 200.0, "fonte": "MAPA PVA_RESIDENCIAL BURITIS V.dwg"}}, {"type": "Feature", "geometry": {"type": "Polygon", "coordinates": [[[-54.34193429129474, -15.528472233833773], [-54.34202587512455, -15.528488757110926], [-54.34199178978265, -15.52866634283711], [-54.34190020588175, -15.52864981953415], [-54.34193429129474, -15.528472233833773]]]}, "properties": {"bairro": "Residencial Buritis V", "quadra": "44", "numero_lote": "26", "chave": "Residencial Buritis V|44|26", "area_gis_m2": 200.0, "fonte": "MAPA PVA_RESIDENCIAL BURITIS V.dwg"}}, {"type": "Feature", "geometry": {"type": "Polygon", "coordinates": [[[-54.34202587512455, -15.528488757110926], [-54.342117458975096, -15.528505280352256], [-54.342083373704284, -15.52868286610427], [-54.34199178978265, -15.52866634283711], [-54.34202587512455, -15.528488757110926]]]}, "properties": {"bairro": "Residencial Buritis V", "quadra": "44", "numero_lote": "27", "chave": "Residencial Buritis V|44|27", "area_gis_m2": 200.0, "fonte": "MAPA PVA_RESIDENCIAL BURITIS V.dwg"}}, {"type": "Feature", "geometry": {"type": "Polygon", "coordinates": [[[-54.342117458975096, -15.528505280352256], [-54.34220904284638, -15.528521803557794], [-54.34217495764668, -15.528699389335607], [-54.342083373704284, -15.52868286610427], [-54.342117458975096, -15.528505280352256]]]}, "properties": {"bairro": "Residencial Buritis V", "quadra": "44", "numero_lote": "28", "chave": "Residencial Buritis V|44|28", "area_gis_m2": 200.0, "fonte": "MAPA PVA_RESIDENCIAL BURITIS V.dwg"}}, {"type": "Feature", "geometry": {"type": "Polygon", "coordinates": [[[-54.34220904284638, -15.528521803557794], [-54.34230062673841, -15.528538326727537], [-54.34226654160981, -15.52871591253115], [-54.34217495764668, -15.528699389335607], [-54.34220904284638, -15.528521803557794]]]}, "properties": {"bairro": "Residencial Buritis V", "quadra": "44", "numero_lote": "29", "chave": "Residencial Buritis V|44|29", "area_gis_m2": 200.0, "fonte": "MAPA PVA_RESIDENCIAL BURITIS V.dwg"}}, {"type": "Feature", "geometry": {"type": "Polygon", "coordinates": [[[-54.34096391629951, -15.528591135792315], [-54.341055500035615, -15.528607659468843], [-54.341021413849965, -15.528785244909685], [-54.34092983004277, -15.528768721207332], [-54.34096391629951, -15.528591135792315]]]}, "properties": {"bairro": "Residencial Buritis V", "quadra": "43", "numero_lote": "15", "chave": "Residencial Buritis V|43|15", "area_gis_m2": 200.0, "fonte": "MAPA PVA_RESIDENCIAL BURITIS V.dwg"}}, {"type": "Feature", "geometry": {"type": "Polygon", "coordinates": [[[-54.341055500035615, -15.528607659468843], [-54.34114708379247, -15.52862418310954], [-54.34111299767792, -15.5288017685762], [-54.341021413849965, -15.528785244909685], [-54.341055500035615, -15.528607659468843]]]}, "properties": {"bairro": "Residencial Buritis V", "quadra": "43", "numero_lote": "14", "chave": "Residencial Buritis V|43|14", "area_gis_m2": 200.0, "fonte": "MAPA PVA_RESIDENCIAL BURITIS V.dwg"}}, {"type": "Feature", "geometry": {"type": "Polygon", "coordinates": [[[-54.34114708379247, -15.52862418310954], [-54.34123866757007, -15.528640706714462], [-54.34120458152661, -15.528818292206937], [-54.34111299767792, -15.5288017685762], [-54.34114708379247, -15.52862418310954]]]}, "properties": {"bairro": "Residencial Buritis V", "quadra": "43", "numero_lote": "13", "chave": "Residencial Buritis V|43|13", "area_gis_m2": 200.0, "fonte": "MAPA PVA_RESIDENCIAL BURITIS V.dwg"}}, {"type": "Feature", "geometry": {"type": "Polygon", "coordinates": [[[-54.34123866757007, -15.528640706714462], [-54.341330251368404, -15.52865723028356], [-54.34129616539606, -15.528834815801849], [-54.34120458152661, -15.528818292206937], [-54.34123866757007, -15.528640706714462]]]}, "properties": {"bairro": "Residencial Buritis V", "quadra": "43", "numero_lote": "12", "chave": "Residencial Buritis V|43|12", "area_gis_m2": 200.0, "fonte": "MAPA PVA_RESIDENCIAL BURITIS V.dwg"}}, {"type": "Feature", "geometry": {"type": "Polygon", "coordinates": [[[-54.341330251368404, -15.52865723028356], [-54.3414218351875, -15.528673753816864], [-54.34138774928625, -15.52885133936096], [-54.34129616539606, -15.528834815801849], [-54.341330251368404, -15.52865723028356]]]}, "properties": {"bairro": "Residencial Buritis V", "quadra": "43", "numero_lote": "11", "chave": "Residencial Buritis V|43|11", "area_gis_m2": 200.0, "fonte": "MAPA PVA_RESIDENCIAL BURITIS V.dwg"}}, {"type": "Feature", "geometry": {"type": "Polygon", "coordinates": [[[-54.3414218351875, -15.528673753816864], [-54.34151341902733, -15.528690277314348], [-54.34147933319718, -15.528867862884258], [-54.34138774928625, -15.52885133936096], [-54.3414218351875, -15.528673753816864]]]}, "properties": {"bairro": "Residencial Buritis V", "quadra": "43", "numero_lote": "10", "chave": "Residencial Buritis V|43|10", "area_gis_m2": 200.0, "fonte": "MAPA PVA_RESIDENCIAL BURITIS V.dwg"}}, {"type": "Feature", "geometry": {"type": "Polygon", "coordinates": [[[-54.34151341902733, -15.528690277314348], [-54.34160500288792, -15.528706800776014], [-54.341570917128855, -15.528884386371772], [-54.34147933319718, -15.528867862884258], [-54.34151341902733, -15.528690277314348]]]}, "properties": {"bairro": "Residencial Buritis V", "quadra": "43", "numero_lote": "9", "chave": "Residencial Buritis V|43|9", "area_gis_m2": 200.0, "fonte": "MAPA PVA_RESIDENCIAL BURITIS V.dwg"}}, {"type": "Feature", "geometry": {"type": "Polygon", "coordinates": [[[-54.34160500288792, -15.528706800776014], [-54.34169658676924, -15.528723324201883], [-54.34166250108128, -15.528900909823458], [-54.341570917128855, -15.528884386371772], [-54.34160500288792, -15.528706800776014]]]}, "properties": {"bairro": "Residencial Buritis V", "quadra": "43", "numero_lote": "8", "chave": "Residencial Buritis V|43|8", "area_gis_m2": 200.0, "fonte": "MAPA PVA_RESIDENCIAL BURITIS V.dwg"}}, {"type": "Feature", "geometry": {"type": "Polygon", "coordinates": [[[-54.34169658676924, -15.528723324201883], [-54.34178817067131, -15.528739847591961], [-54.34175408505445, -15.528917433239352], [-54.34166250108128, -15.528900909823458], [-54.34169658676924, -15.528723324201883]]]}, "properties": {"bairro": "Residencial Buritis V", "quadra": "43", "numero_lote": "7", "chave": "Residencial Buritis V|43|7", "area_gis_m2": 200.0, "fonte": "MAPA PVA_RESIDENCIAL BURITIS V.dwg"}}, {"type": "Feature", "geometry": {"type": "Polygon", "coordinates": [[[-54.34178817067131, -15.528739847591961], [-54.34187975459412, -15.52875637094622], [-54.34184566904836, -15.528933956619422], [-54.34175408505445, -15.528917433239352], [-54.34178817067131, -15.528739847591961]]]}, "properties": {"bairro": "Residencial Buritis V", "quadra": "43", "numero_lote": "6", "chave": "Residencial Buritis V|43|6", "area_gis_m2": 200.0, "fonte": "MAPA PVA_RESIDENCIAL BURITIS V.dwg"}}, {"type": "Feature", "geometry": {"type": "Polygon", "coordinates": [[[-54.34187975459412, -15.52875637094622], [-54.34197133853768, -15.528772894264689], [-54.34193725306302, -15.528950479963703], [-54.34184566904836, -15.528933956619422], [-54.34187975459412, -15.52875637094622]]]}, "properties": {"bairro": "Residencial Buritis V", "quadra": "43", "numero_lote": "5", "chave": "Residencial Buritis V|43|5", "area_gis_m2": 200.0, "fonte": "MAPA PVA_RESIDENCIAL BURITIS V.dwg"}}, {"type": "Feature", "geometry": {"type": "Polygon", "coordinates": [[[-54.34197133853768, -15.528772894264689], [-54.34206292250198, -15.528789417547328], [-54.34202883709842, -15.528967003272165], [-54.34193725306302, -15.528950479963703], [-54.34197133853768, -15.528772894264689]]]}, "properties": {"bairro": "Residencial Buritis V", "quadra": "43", "numero_lote": "4", "chave": "Residencial Buritis V|43|4", "area_gis_m2": 200.0, "fonte": "MAPA PVA_RESIDENCIAL BURITIS V.dwg"}}, {"type": "Feature", "geometry": {"type": "Polygon", "coordinates": [[[-54.34206292250198, -15.528789417547328], [-54.34215450648703, -15.528805940794175], [-54.34212042115457, -15.528983526544822], [-54.34202883709842, -15.528967003272165], [-54.34206292250198, -15.528789417547328]]]}, "properties": {"bairro": "Residencial Buritis V", "quadra": "43", "numero_lote": "3", "chave": "Residencial Buritis V|43|3", "area_gis_m2": 200.0, "fonte": "MAPA PVA_RESIDENCIAL BURITIS V.dwg"}}, {"type": "Feature", "geometry": {"type": "Polygon", "coordinates": [[[-54.34215450648703, -15.528805940794175], [-54.342246090492814, -15.5288224640052], [-54.34221200523146, -15.529000049781661], [-54.34212042115457, -15.528983526544822], [-54.34215450648703, -15.528805940794175]]]}, "properties": {"bairro": "Residencial Buritis V", "quadra": "43", "numero_lote": "2", "chave": "Residencial Buritis V|43|2", "area_gis_m2": 200.0, "fonte": "MAPA PVA_RESIDENCIAL BURITIS V.dwg"}}, {"type": "Feature", "geometry": {"type": "Polygon", "coordinates": [[[-54.34092983004277, -15.528768721207332], [-54.341021413849965, -15.528785244909685], [-54.34098732758134, -15.528962830333546], [-54.34089574370304, -15.528946306605375], [-54.34092983004277, -15.528768721207332]]]}, "properties": {"bairro": "Residencial Buritis V", "quadra": "43", "numero_lote": "16", "chave": "Residencial Buritis V|43|16", "area_gis_m2": 200.0, "fonte": "MAPA PVA_RESIDENCIAL BURITIS V.dwg"}}, {"type": "Feature", "geometry": {"type": "Polygon", "coordinates": [[[-54.341021413849965, -15.528785244909685], [-54.34111299767792, -15.5288017685762], [-54.34107891148038, -15.528979354025898], [-54.34098732758134, -15.528962830333546], [-54.341021413849965, -15.528785244909685]]]}, "properties": {"bairro": "Residencial Buritis V", "quadra": "43", "numero_lote": "17", "chave": "Residencial Buritis V|43|17", "area_gis_m2": 200.0, "fonte": "MAPA PVA_RESIDENCIAL BURITIS V.dwg"}}, {"type": "Feature", "geometry": {"type": "Polygon", "coordinates": [[[-54.34111299767792, -15.5288017685762], [-54.34120458152661, -15.528818292206937], [-54.341170495400185, -15.528995877682439], [-54.34107891148038, -15.528979354025898], [-54.34111299767792, -15.5288017685762]]]}, "properties": {"bairro": "Residencial Buritis V", "quadra": "43", "numero_lote": "18", "chave": "Residencial Buritis V|43|18", "area_gis_m2": 200.0, "fonte": "MAPA PVA_RESIDENCIAL BURITIS V.dwg"}}, {"type": "Feature", "geometry": {"type": "Polygon", "coordinates": [[[-54.34120458152661, -15.528818292206937], [-54.34129616539606, -15.528834815801849], [-54.341262079340716, -15.529012401303175], [-54.341170495400185, -15.528995877682439], [-54.34120458152661, -15.528818292206937]]]}, "properties": {"bairro": "Residencial Buritis V", "quadra": "43", "numero_lote": "19", "chave": "Residencial Buritis V|43|19", "area_gis_m2": 200.0, "fonte": "MAPA PVA_RESIDENCIAL BURITIS V.dwg"}}, {"type": "Feature", "geometry": {"type": "Polygon", "coordinates": [[[-54.34129616539606, -15.528834815801849], [-54.34138774928625, -15.52885133936096], [-54.341353663302, -15.529028924888113], [-54.341262079340716, -15.529012401303175], [-54.34129616539606, -15.528834815801849]]]}, "properties": {"bairro": "Residencial Buritis V", "quadra": "43", "numero_lote": "20", "chave": "Residencial Buritis V|43|20", "area_gis_m2": 200.0, "fonte": "MAPA PVA_RESIDENCIAL BURITIS V.dwg"}}, {"type": "Feature", "geometry": {"type": "Polygon", "coordinates": [[[-54.34138774928625, -15.52885133936096], [-54.34147933319718, -15.528867862884258], [-54.341445247284035, -15.529045448437225], [-54.341353663302, -15.529028924888113], [-54.34138774928625, -15.52885133936096]]]}, "properties": {"bairro": "Residencial Buritis V", "quadra": "43", "numero_lote": "21", "chave": "Residencial Buritis V|43|21", "area_gis_m2": 200.0, "fonte": "MAPA PVA_RESIDENCIAL BURITIS V.dwg"}}, {"type": "Feature", "geometry": {"type": "Polygon", "coordinates": [[[-54.34147933319718, -15.528867862884258], [-54.341570917128855, -15.528884386371772], [-54.34153683128682, -15.529061971950537], [-54.341445247284035, -15.529045448437225], [-54.34147933319718, -15.528867862884258]]]}, "properties": {"bairro": "Residencial Buritis V", "quadra": "43", "numero_lote": "22", "chave": "Residencial Buritis V|43|22", "area_gis_m2": 200.0, "fonte": "MAPA PVA_RESIDENCIAL BURITIS V.dwg"}}, {"type": "Feature", "geometry": {"type": "Polygon", "coordinates": [[[-54.341570917128855, -15.528884386371772], [-54.34166250108128, -15.528900909823458], [-54.34162841531034, -15.529078495428044], [-54.34153683128682, -15.529061971950537], [-54.341570917128855, -15.528884386371772]]]}, "properties": {"bairro": "Residencial Buritis V", "quadra": "43", "numero_lote": "23", "chave": "Residencial Buritis V|43|23", "area_gis_m2": 200.0, "fonte": "MAPA PVA_RESIDENCIAL BURITIS V.dwg"}}, {"type": "Feature", "geometry": {"type": "Polygon", "coordinates": [[[-54.34166250108128, -15.528900909823458], [-54.34175408505445, -15.528917433239352], [-54.341719999354616, -15.529095018869764], [-54.34162841531034, -15.529078495428044], [-54.34166250108128, -15.528900909823458]]]}, "properties": {"bairro": "Residencial Buritis V", "quadra": "43", "numero_lote": "24", "chave": "Residencial Buritis V|43|24", "area_gis_m2": 200.0, "fonte": "MAPA PVA_RESIDENCIAL BURITIS V.dwg"}}, {"type": "Feature", "geometry": {"type": "Polygon", "coordinates": [[[-54.34175408505445, -15.528917433239352], [-54.34184566904836, -15.528933956619422], [-54.34181158341963, -15.529111542275658], [-54.341719999354616, -15.529095018869764], [-54.34175408505445, -15.528917433239352]]]}, "properties": {"bairro": "Residencial Buritis V", "quadra": "43", "numero_lote": "25", "chave": "Residencial Buritis V|43|25", "area_gis_m2": 200.0, "fonte": "MAPA PVA_RESIDENCIAL BURITIS V.dwg"}}, {"type": "Feature", "geometry": {"type": "Polygon", "coordinates": [[[-54.34184566904836, -15.528933956619422], [-54.34193725306302, -15.528950479963703], [-54.341903167505386, -15.529128065645756], [-54.34181158341963, -15.529111542275658], [-54.34184566904836, -15.528933956619422]]]}, "properties": {"bairro": "Residencial Buritis V", "quadra": "43", "numero_lote": "26", "chave": "Residencial Buritis V|43|26", "area_gis_m2": 200.0, "fonte": "MAPA PVA_RESIDENCIAL BURITIS V.dwg"}}, {"type": "Feature", "geometry": {"type": "Polygon", "coordinates": [[[-54.34193725306302, -15.528950479963703], [-54.34202883709842, -15.528967003272165], [-54.34199475161189, -15.529144588980017], [-54.341903167505386, -15.529128065645756], [-54.34193725306302, -15.528950479963703]]]}, "properties": {"bairro": "Residencial Buritis V", "quadra": "43", "numero_lote": "27", "chave": "Residencial Buritis V|43|27", "area_gis_m2": 200.0, "fonte": "MAPA PVA_RESIDENCIAL BURITIS V.dwg"}}, {"type": "Feature", "geometry": {"type": "Polygon", "coordinates": [[[-54.34202883709842, -15.528967003272165], [-54.34212042115457, -15.528983526544822], [-54.34208633573913, -15.529161112278505], [-54.34199475161189, -15.529144588980017], [-54.34202883709842, -15.528967003272165]]]}, "properties": {"bairro": "Residencial Buritis V", "quadra": "43", "numero_lote": "28", "chave": "Residencial Buritis V|43|28", "area_gis_m2": 200.0, "fonte": "MAPA PVA_RESIDENCIAL BURITIS V.dwg"}}, {"type": "Feature", "geometry": {"type": "Polygon", "coordinates": [[[-54.34212042115457, -15.528983526544822], [-54.34221200523146, -15.529000049781661], [-54.34217791988712, -15.529177635541169], [-54.34208633573913, -15.529161112278505], [-54.34212042115457, -15.528983526544822]]]}, "properties": {"bairro": "Residencial Buritis V", "quadra": "43", "numero_lote": "29", "chave": "Residencial Buritis V|43|29", "area_gis_m2": 200.0, "fonte": "MAPA PVA_RESIDENCIAL BURITIS V.dwg"}}, {"type": "Feature", "geometry": {"type": "Polygon", "coordinates": [[[-54.34087529185936, -15.529052857836053], [-54.340966875780325, -15.52906938157971], [-54.34093278937891, -15.529246966976403], [-54.34084120538685, -15.529230443206933], [-54.34087529185936, -15.529052857836053]]]}, "properties": {"bairro": "Residencial Buritis V", "quadra": "41", "numero_lote": "15", "chave": "Residencial Buritis V|41|15", "area_gis_m2": 200.0, "fonte": "MAPA PVA_RESIDENCIAL BURITIS V.dwg"}}, {"type": "Feature", "geometry": {"type": "Polygon", "coordinates": [[[-54.340966875780325, -15.52906938157971], [-54.341058459722035, -15.52908590528755], [-54.34102437339171, -15.52926349071006], [-54.34093278937891, -15.529246966976403], [-54.340966875780325, -15.52906938157971]]]}, "properties": {"bairro": "Residencial Buritis V", "quadra": "41", "numero_lote": "14", "chave": "Residencial Buritis V|41|14", "area_gis_m2": 200.0, "fonte": "MAPA PVA_RESIDENCIAL BURITIS V.dwg"}}, {"type": "Feature", "geometry": {"type": "Polygon", "coordinates": [[[-54.341058459722035, -15.52908590528755], [-54.341150043684486, -15.529102428959597], [-54.34111595742527, -15.52928001440792], [-54.34102437339171, -15.52926349071006], [-54.341058459722035, -15.52908590528755]]]}, "properties": {"bairro": "Residencial Buritis V", "quadra": "41", "numero_lote": "13", "chave": "Residencial Buritis V|41|13", "area_gis_m2": 200.0, "fonte": "MAPA PVA_RESIDENCIAL BURITIS V.dwg"}}, {"type": "Feature", "geometry": {"type": "Polygon", "coordinates": [[[-54.341150043684486, -15.529102428959597], [-54.341241627667685, -15.529118952595814], [-54.34120754147957, -15.52929653806997], [-54.34111595742527, -15.52928001440792], [-54.341150043684486, -15.529102428959597]]]}, "properties": {"bairro": "Residencial Buritis V", "quadra": "41", "numero_lote": "12", "chave": "Residencial Buritis V|41|12", "area_gis_m2": 200.0, "fonte": "MAPA PVA_RESIDENCIAL BURITIS V.dwg"}}, {"type": "Feature", "geometry": {"type": "Polygon", "coordinates": [[[-54.341241627667685, -15.529118952595814], [-54.341333211671625, -15.529135476196235], [-54.34129912555461, -15.529313061696206], [-54.34120754147957, -15.52929653806997], [-54.341241627667685, -15.529118952595814]]]}, "properties": {"bairro": "Residencial Buritis V", "quadra": "41", "numero_lote": "11", "chave": "Residencial Buritis V|41|11", "area_gis_m2": 200.0, "fonte": "MAPA PVA_RESIDENCIAL BURITIS V.dwg"}}, {"type": "Feature", "geometry": {"type": "Polygon", "coordinates": [[[-54.341333211671625, -15.529135476196235], [-54.34142479569632, -15.529151999760845], [-54.34139070965041, -15.52932958528664], [-54.34129912555461, -15.529313061696206], [-54.341333211671625, -15.529135476196235]]]}, "properties": {"bairro": "Residencial Buritis V", "quadra": "41", "numero_lote": "10", "chave": "Residencial Buritis V|41|10", "area_gis_m2": 200.0, "fonte": "MAPA PVA_RESIDENCIAL BURITIS V.dwg"}}, {"type": "Feature", "geometry": {"type": "Polygon", "coordinates": [[[-54.34142479569632, -15.529151999760845], [-54.34151637974176, -15.529168523289664], [-54.34148229376695, -15.529346108841276], [-54.34139070965041, -15.52932958528664], [-54.34142479569632, -15.529151999760845]]]}, "properties": {"bairro": "Residencial Buritis V", "quadra": "41", "numero_lote": "9", "chave": "Residencial Buritis V|41|9", "area_gis_m2": 200.0, "fonte": "MAPA PVA_RESIDENCIAL BURITIS V.dwg"}}, {"type": "Feature", "geometry": {"type": "Polygon", "coordinates": [[[-54.34151637974176, -15.529168523289664], [-54.341607963807945, -15.529185046782668], [-54.34157387790424, -15.529362632360083], [-54.34148229376695, -15.529346108841276], [-54.34151637974176, -15.529168523289664]]]}, "properties": {"bairro": "Residencial Buritis V", "quadra": "41", "numero_lote": "8", "chave": "Residencial Buritis V|41|8", "area_gis_m2": 200.0, "fonte": "MAPA PVA_RESIDENCIAL BURITIS V.dwg"}}, {"type": "Feature", "geometry": {"type": "Polygon", "coordinates": [[[-54.341607963807945, -15.529185046782668], [-54.34169954789487, -15.529201570239858], [-54.34166546206227, -15.529379155843099], [-54.34157387790424, -15.529362632360083], [-54.341607963807945, -15.529185046782668]]]}, "properties": {"bairro": "Residencial Buritis V", "quadra": "41", "numero_lote": "7", "chave": "Residencial Buritis V|41|7", "area_gis_m2": 200.0, "fonte": "MAPA PVA_RESIDENCIAL BURITIS V.dwg"}}, {"type": "Feature", "geometry": {"type": "Polygon", "coordinates": [[[-54.34169954789487, -15.529201570239858], [-54.34179113200255, -15.529218093661251], [-54.34175704624105, -15.529395679290309], [-54.34166546206227, -15.529379155843099], [-54.34169954789487, -15.529201570239858]]]}, "properties": {"bairro": "Residencial Buritis V", "quadra": "41", "numero_lote": "6", "chave": "Residencial Buritis V|41|6", "area_gis_m2": 200.0, "fonte": "MAPA PVA_RESIDENCIAL BURITIS V.dwg"}}, {"type": "Feature", "geometry": {"type": "Polygon", "coordinates": [[[-54.34179113200255, -15.529218093661251], [-54.341882716130975, -15.529234617046829], [-54.341848630440566, -15.52941220270172], [-54.34175704624105, -15.529395679290309], [-54.34179113200255, -15.529218093661251]]]}, "properties": {"bairro": "Residencial Buritis V", "quadra": "41", "numero_lote": "5", "chave": "Residencial Buritis V|41|5", "area_gis_m2": 200.0, "fonte": "MAPA PVA_RESIDENCIAL BURITIS V.dwg"}}, {"type": "Feature", "geometry": {"type": "Polygon", "coordinates": [[[-54.341882716130975, -15.529234617046829], [-54.341974300280135, -15.529251140396589], [-54.34194021466083, -15.529428726077299], [-54.341848630440566, -15.52941220270172], [-54.341882716130975, -15.529234617046829]]]}, "properties": {"bairro": "Residencial Buritis V", "quadra": "41", "numero_lote": "4", "chave": "Residencial Buritis V|41|4", "area_gis_m2": 200.0, "fonte": "MAPA PVA_RESIDENCIAL BURITIS V.dwg"}}, {"type": "Feature", "geometry": {"type": "Polygon", "coordinates": [[[-54.341974300280135, -15.529251140396589], [-54.342065884450044, -15.52926766371056], [-54.34203179890184, -15.529445249417076], [-54.34194021466083, -15.529428726077299], [-54.341974300280135, -15.529251140396589]]]}, "properties": {"bairro": "Residencial Buritis V", "quadra": "41", "numero_lote": "3", "chave": "Residencial Buritis V|41|3", "area_gis_m2": 200.0, "fonte": "MAPA PVA_RESIDENCIAL BURITIS V.dwg"}}, {"type": "Feature", "geometry": {"type": "Polygon", "coordinates": [[[-54.342065884450044, -15.52926766371056], [-54.34215746864069, -15.529284186988706], [-54.3421233831636, -15.529461772721032], [-54.34203179890184, -15.529445249417076], [-54.342065884450044, -15.52926766371056]]]}, "properties": {"bairro": "Residencial Buritis V", "quadra": "41", "numero_lote": "2", "chave": "Residencial Buritis V|41|2", "area_gis_m2": 200.0, "fonte": "MAPA PVA_RESIDENCIAL BURITIS V.dwg"}}, {"type": "Feature", "geometry": {"type": "Polygon", "coordinates": [[[-54.34084120538685, -15.529230443206933], [-54.34093278937891, -15.529246966976403], [-54.34089870289451, -15.529424552356096], [-54.34080711883135, -15.529408028560809], [-54.34084120538685, -15.529230443206933]]]}, "properties": {"bairro": "Residencial Buritis V", "quadra": "41", "numero_lote": "16", "chave": "Residencial Buritis V|41|16", "area_gis_m2": 200.0, "fonte": "MAPA PVA_RESIDENCIAL BURITIS V.dwg"}}, {"type": "Feature", "geometry": {"type": "Polygon", "coordinates": [[[-54.34093278937891, -15.529246966976403], [-54.34102437339172, -15.52926349071006], [-54.34099028697842, -15.52944107611558], [-54.34089870289451, -15.529424552356096], [-54.34093278937891, -15.529246966976403]]]}, "properties": {"bairro": "Residencial Buritis V", "quadra": "41", "numero_lote": "17", "chave": "Residencial Buritis V|41|17", "area_gis_m2": 200.0, "fonte": "MAPA PVA_RESIDENCIAL BURITIS V.dwg"}}, {"type": "Feature", "geometry": {"type": "Polygon", "coordinates": [[[-54.34102437339172, -15.52926349071006], [-54.34111595742527, -15.52928001440792], [-54.34108187108307, -15.529457599839258], [-54.34099028697842, -15.52944107611558], [-54.34102437339172, -15.52926349071006]]]}, "properties": {"bairro": "Residencial Buritis V", "quadra": "41", "numero_lote": "18", "chave": "Residencial Buritis V|41|18", "area_gis_m2": 200.0, "fonte": "MAPA PVA_RESIDENCIAL BURITIS V.dwg"}}, {"type": "Feature", "geometry": {"type": "Polygon", "coordinates": [[[-54.34111595742527, -15.52928001440792], [-54.34120754147957, -15.52929653806997], [-54.34117345520847, -15.529474123527113], [-54.34108187108307, -15.529457599839258], [-54.34111595742527, -15.52928001440792]]]}, "properties": {"bairro": "Residencial Buritis V", "quadra": "41", "numero_lote": "19", "chave": "Residencial Buritis V|41|19", "area_gis_m2": 200.0, "fonte": "MAPA PVA_RESIDENCIAL BURITIS V.dwg"}}, {"type": "Feature", "geometry": {"type": "Polygon", "coordinates": [[[-54.34120754147957, -15.52929653806997], [-54.34129912555461, -15.529313061696206], [-54.34126503935462, -15.529490647179195], [-54.34117345520847, -15.529474123527113], [-54.34120754147957, -15.52929653806997]]]}, "properties": {"bairro": "Residencial Buritis V", "quadra": "41", "numero_lote": "20", "chave": "Residencial Buritis V|41|20", "area_gis_m2": 200.0, "fonte": "MAPA PVA_RESIDENCIAL BURITIS V.dwg"}}, {"type": "Feature", "geometry": {"type": "Polygon", "coordinates": [[[-54.34129912555461, -15.529313061696206], [-54.34139070965041, -15.52932958528664], [-54.34135662352151, -15.529507170795444], [-54.34126503935462, -15.529490647179195], [-54.34129912555461, -15.529313061696206]]]}, "properties": {"bairro": "Residencial Buritis V", "quadra": "41", "numero_lote": "21", "chave": "Residencial Buritis V|41|21", "area_gis_m2": 200.0, "fonte": "MAPA PVA_RESIDENCIAL BURITIS V.dwg"}}, {"type": "Feature", "geometry": {"type": "Polygon", "coordinates": [[[-54.34139070965041, -15.52932958528664], [-54.34148229376695, -15.529346108841276], [-54.341448207709156, -15.529523694375884], [-54.34135662352151, -15.529507170795444], [-54.34139070965041, -15.52932958528664]]]}, "properties": {"bairro": "Residencial Buritis V", "quadra": "41", "numero_lote": "22", "chave": "Residencial Buritis V|41|22", "area_gis_m2": 200.0, "fonte": "MAPA PVA_RESIDENCIAL BURITIS V.dwg"}}, {"type": "Feature", "geometry": {"type": "Polygon", "coordinates": [[[-54.34148229376695, -15.529346108841276], [-54.34157387790424, -15.529362632360083], [-54.34153979191755, -15.529540217920527], [-54.341448207709156, -15.529523694375884], [-54.34148229376695, -15.529346108841276]]]}, "properties": {"bairro": "Residencial Buritis V", "quadra": "41", "numero_lote": "23", "chave": "Residencial Buritis V|41|23", "area_gis_m2": 200.0, "fonte": "MAPA PVA_RESIDENCIAL BURITIS V.dwg"}}, {"type": "Feature", "geometry": {"type": "Polygon", "coordinates": [[[-54.34157387790424, -15.529362632360083], [-54.34166546206227, -15.529379155843099], [-54.34163137614668, -15.529556741429372], [-54.34153979191755, -15.529540217920527], [-54.34157387790424, -15.529362632360083]]]}, "properties": {"bairro": "Residencial Buritis V", "quadra": "41", "numero_lote": "24", "chave": "Residencial Buritis V|41|24", "area_gis_m2": 200.0, "fonte": "MAPA PVA_RESIDENCIAL BURITIS V.dwg"}}, {"type": "Feature", "geometry": {"type": "Polygon", "coordinates": [[[-54.34166546206227, -15.529379155843099], [-54.34175704624105, -15.529395679290309], [-54.34172296039656, -15.52957326490238], [-54.34163137614668, -15.529556741429372], [-54.34166546206227, -15.529379155843099]]]}, "properties": {"bairro": "Residencial Buritis V", "quadra": "41", "numero_lote": "25", "chave": "Residencial Buritis V|41|25", "area_gis_m2": 200.0, "fonte": "MAPA PVA_RESIDENCIAL BURITIS V.dwg"}}, {"type": "Feature", "geometry": {"type": "Polygon", "coordinates": [[[-54.34175704624105, -15.529395679290309], [-54.341848630440566, -15.52941220270172], [-54.34181454466719, -15.529589788339596], [-54.34172296039656, -15.52957326490238], [-54.34175704624105, -15.529395679290309]]]}, "properties": {"bairro": "Residencial Buritis V", "quadra": "41", "numero_lote": "26", "chave": "Residencial Buritis V|41|26", "area_gis_m2": 200.0, "fonte": "MAPA PVA_RESIDENCIAL BURITIS V.dwg"}}, {"type": "Feature", "geometry": {"type": "Polygon", "coordinates": [[[-54.341848630440566, -15.52941220270172], [-54.34194021466084, -15.529428726077299], [-54.341906128958556, -15.529606311740993], [-54.34181454466719, -15.529589788339596], [-54.341848630440566, -15.52941220270172]]]}, "properties": {"bairro": "Residencial Buritis V", "quadra": "41", "numero_lote": "27", "chave": "Residencial Buritis V|41|27", "area_gis_m2": 200.0, "fonte": "MAPA PVA_RESIDENCIAL BURITIS V.dwg"}}, {"type": "Feature", "geometry": {"type": "Polygon", "coordinates": [[[-54.34194021466084, -15.529428726077299], [-54.34203179890184, -15.529445249417076], [-54.34199771327067, -15.529622835106606], [-54.341906128958556, -15.529606311740993], [-54.34194021466084, -15.529428726077299]]]}, "properties": {"bairro": "Residencial Buritis V", "quadra": "41", "numero_lote": "28", "chave": "Residencial Buritis V|41|28", "area_gis_m2": 200.0, "fonte": "MAPA PVA_RESIDENCIAL BURITIS V.dwg"}}, {"type": "Feature", "geometry": {"type": "Polygon", "coordinates": [[[-54.34203179890184, -15.529445249417076], [-54.3421233831636, -15.529461772721032], [-54.34208929760353, -15.529639358436384], [-54.34199771327067, -15.529622835106606], [-54.34203179890184, -15.529445249417076]]]}, "properties": {"bairro": "Residencial Buritis V", "quadra": "41", "numero_lote": "29", "chave": "Residencial Buritis V|41|29", "area_gis_m2": 200.0, "fonte": "MAPA PVA_RESIDENCIAL BURITIS V.dwg"}}, {"type": "Feature", "geometry": {"type": "Polygon", "coordinates": [[[-54.340786666858214, -15.52951457976498], [-54.34087825096404, -15.529531103575765], [-54.34084160784721, -15.529722007829069], [-54.34075002366495, -15.529705483990506], [-54.340786666858214, -15.52951457976498]]]}, "properties": {"bairro": "Residencial Buritis V", "quadra": "40", "numero_lote": "15", "chave": "Residencial Buritis V|40|15", "area_gis_m2": 215.0, "fonte": "MAPA PVA_RESIDENCIAL BURITIS V.dwg"}}, {"type": "Feature", "geometry": {"type": "Polygon", "coordinates": [[[-54.34087825096404, -15.529531103575765], [-54.340969835090604, -15.529547627350745], [-54.340933192050215, -15.529738531631796], [-54.34084160784721, -15.529722007829069], [-54.34087825096404, -15.529531103575765]]]}, "properties": {"bairro": "Residencial Buritis V", "quadra": "40", "numero_lote": "14", "chave": "Residencial Buritis V|40|14", "area_gis_m2": 215.0, "fonte": "MAPA PVA_RESIDENCIAL BURITIS V.dwg"}}, {"type": "Feature", "geometry": {"type": "Polygon", "coordinates": [[[-54.340969835090604, -15.529547627350745], [-54.34106141923792, -15.529564151089925], [-54.34102477627396, -15.529755055398722], [-54.340933192050215, -15.529738531631796], [-54.340969835090604, -15.529547627350745]]]}, "properties": {"bairro": "Residencial Buritis V", "quadra": "40", "numero_lote": "13", "chave": "Residencial Buritis V|40|13", "area_gis_m2": 215.0, "fonte": "MAPA PVA_RESIDENCIAL BURITIS V.dwg"}}, {"type": "Feature", "geometry": {"type": "Polygon", "coordinates": [[[-54.34106141923792, -15.529564151089925], [-54.341153003405985, -15.529580674793275], [-54.34111636051846, -15.529771579129841], [-54.34102477627396, -15.529755055398722], [-54.34106141923792, -15.529564151089925]]]}, "properties": {"bairro": "Residencial Buritis V", "quadra": "40", "numero_lote": "12", "chave": "Residencial Buritis V|40|12", "area_gis_m2": 215.0, "fonte": "MAPA PVA_RESIDENCIAL BURITIS V.dwg"}}, {"type": "Feature", "geometry": {"type": "Polygon", "coordinates": [[[-54.341153003405985, -15.529580674793275], [-54.34124458759479, -15.529597198460827], [-54.34120794478371, -15.529788102825165], [-54.34111636051846, -15.529771579129841], [-54.341153003405985, -15.529580674793275]]]}, "properties": {"bairro": "Residencial Buritis V", "quadra": "40", "numero_lote": "11", "chave": "Residencial Buritis V|40|11", "area_gis_m2": 215.0, "fonte": "MAPA PVA_RESIDENCIAL BURITIS V.dwg"}}, {"type": "Feature", "geometry": {"type": "Polygon", "coordinates": [[[-54.34124458759479, -15.529597198460827], [-54.34133617180435, -15.529613722092574], [-54.3412995290697, -15.529804626484662], [-54.34120794478371, -15.529788102825165], [-54.34124458759479, -15.529597198460827]]]}, "properties": {"bairro": "Residencial Buritis V", "quadra": "40", "numero_lote": "10", "chave": "Residencial Buritis V|40|10", "area_gis_m2": 215.0, "fonte": "MAPA PVA_RESIDENCIAL BURITIS V.dwg"}}, {"type": "Feature", "geometry": {"type": "Polygon", "coordinates": [[[-54.34133617180435, -15.529613722092574], [-54.341427756034655, -15.529630245688525], [-54.34139111337644, -15.529821150108377], [-54.3412995290697, -15.529804626484662], [-54.34133617180435, -15.529613722092574]]]}, "properties": {"bairro": "Residencial Buritis V", "quadra": "40", "numero_lote": "9", "chave": "Residencial Buritis V|40|9", "area_gis_m2": 215.0, "fonte": "MAPA PVA_RESIDENCIAL BURITIS V.dwg"}}, {"type": "Feature", "geometry": {"type": "Polygon", "coordinates": [[[-54.341427756034655, -15.529630245688525], [-54.3415193402857, -15.52964676924865], [-54.341482697703924, -15.529837673696246], [-54.34139111337644, -15.529821150108377], [-54.341427756034655, -15.529630245688525]]]}, "properties": {"bairro": "Residencial Buritis V", "quadra": "40", "numero_lote": "8", "chave": "Residencial Buritis V|40|8", "area_gis_m2": 215.0, "fonte": "MAPA PVA_RESIDENCIAL BURITIS V.dwg"}}, {"type": "Feature", "geometry": {"type": "Polygon", "coordinates": [[[-54.3415193402857, -15.52964676924865], [-54.34161092455749, -15.52966329277299], [-54.34157428205216, -15.529854197248323], [-54.341482697703924, -15.529837673696246], [-54.3415193402857, -15.52964676924865]]]}, "properties": {"bairro": "Residencial Buritis V", "quadra": "40", "numero_lote": "7", "chave": "Residencial Buritis V|40|7", "area_gis_m2": 215.0, "fonte": "MAPA PVA_RESIDENCIAL BURITIS V.dwg"}}, {"type": "Feature", "geometry": {"type": "Polygon", "coordinates": [[[-54.34161092455749, -15.52966329277299], [-54.34170250885004, -15.529679816261496], [-54.34166586642114, -15.529870720764585], [-54.34157428205216, -15.529854197248323], [-54.34161092455749, -15.52966329277299]]]}, "properties": {"bairro": "Residencial Buritis V", "quadra": "40", "numero_lote": "6", "chave": "Residencial Buritis V|40|6", "area_gis_m2": 215.0, "fonte": "MAPA PVA_RESIDENCIAL BURITIS V.dwg"}}, {"type": "Feature", "geometry": {"type": "Polygon", "coordinates": [[[-54.34170250885004, -15.529679816261496], [-54.34179409316332, -15.52969633971419], [-54.34175745081086, -15.52988724424506], [-54.34166586642114, -15.529870720764585], [-54.34170250885004, -15.529679816261496]]]}, "properties": {"bairro": "Residencial Buritis V", "quadra": "40", "numero_lote": "5", "chave": "Residencial Buritis V|40|5", "area_gis_m2": 215.0, "fonte": "MAPA PVA_RESIDENCIAL BURITIS V.dwg"}}, {"type": "Feature", "geometry": {"type": "Polygon", "coordinates": [[[-54.34179409316332, -15.52969633971419], [-54.34188567749735, -15.529712863131083], [-54.34184903522133, -15.529903767689703], [-54.34175745081086, -15.52988724424506], [-54.34179409316332, -15.52969633971419]]]}, "properties": {"bairro": "Residencial Buritis V", "quadra": "40", "numero_lote": "4", "chave": "Residencial Buritis V|40|4", "area_gis_m2": 215.0, "fonte": "MAPA PVA_RESIDENCIAL BURITIS V.dwg"}}, {"type": "Feature", "geometry": {"type": "Polygon", "coordinates": [[[-54.34188567749735, -15.529712863131083], [-54.34197726185213, -15.529729386512166], [-54.34194061965255, -15.529920291098549], [-54.34184903522133, -15.529903767689703], [-54.34188567749735, -15.529712863131083]]]}, "properties": {"bairro": "Residencial Buritis V", "quadra": "40", "numero_lote": "3", "chave": "Residencial Buritis V|40|3", "area_gis_m2": 215.0, "fonte": "MAPA PVA_RESIDENCIAL BURITIS V.dwg"}}, {"type": "Feature", "geometry": {"type": "Polygon", "coordinates": [[[-54.34197726185213, -15.529729386512166], [-54.34206884622766, -15.52974590985744], [-54.342032204104505, -15.529936814471576], [-54.34194061965255, -15.529920291098549], [-54.34197726185213, -15.529729386512166]]]}, "properties": {"bairro": "Residencial Buritis V", "quadra": "40", "numero_lote": "2", "chave": "Residencial Buritis V|40|2", "area_gis_m2": 215.0, "fonte": "MAPA PVA_RESIDENCIAL BURITIS V.dwg"}}, {"type": "Feature", "geometry": {"type": "Polygon", "coordinates": [[[-54.34075002366495, -15.529705483990506], [-54.34084160784721, -15.529722007829069], [-54.340804964634486, -15.529912912062708], [-54.340713380375796, -15.529896388196402], [-54.34075002366495, -15.529705483990506]]]}, "properties": {"bairro": "Residencial Buritis V", "quadra": "40", "numero_lote": "16", "chave": "Residencial Buritis V|40|16", "area_gis_m2": 215.0, "fonte": "MAPA PVA_RESIDENCIAL BURITIS V.dwg"}}, {"type": "Feature", "geometry": {"type": "Polygon", "coordinates": [[[-54.34084160784721, -15.529722007829069], [-54.340933192050215, -15.529738531631796], [-54.340896548913925, -15.529929435893207], [-54.340804964634486, -15.529912912062708], [-54.34084160784721, -15.529722007829069]]]}, "properties": {"bairro": "Residencial Buritis V", "quadra": "40", "numero_lote": "17", "chave": "Residencial Buritis V|40|17", "area_gis_m2": 215.0, "fonte": "MAPA PVA_RESIDENCIAL BURITIS V.dwg"}}, {"type": "Feature", "geometry": {"type": "Polygon", "coordinates": [[[-54.340933192050215, -15.529738531631796], [-54.34102477627396, -15.529755055398722], [-54.34098813321411, -15.529945959687907], [-54.340896548913925, -15.529929435893207], [-54.340933192050215, -15.529738531631796]]]}, "properties": {"bairro": "Residencial Buritis V", "quadra": "40", "numero_lote": "18", "chave": "Residencial Buritis V|40|18", "area_gis_m2": 215.0, "fonte": "MAPA PVA_RESIDENCIAL BURITIS V.dwg"}}, {"type": "Feature", "geometry": {"type": "Polygon", "coordinates": [[[-54.34102477627396, -15.529755055398722], [-54.34111636051846, -15.529771579129841], [-54.34107971753504, -15.529962483446774], [-54.34098813321411, -15.529945959687907], [-54.34102477627396, -15.529755055398722]]]}, "properties": {"bairro": "Residencial Buritis V", "quadra": "40", "numero_lote": "19", "chave": "Residencial Buritis V|40|19", "area_gis_m2": 215.0, "fonte": "MAPA PVA_RESIDENCIAL BURITIS V.dwg"}}, {"type": "Feature", "geometry": {"type": "Polygon", "coordinates": [[[-54.34111636051846, -15.529771579129841], [-54.341207944783704, -15.529788102825165], [-54.34117130187673, -15.529979007169842], [-54.34107971753504, -15.529962483446774], [-54.34111636051846, -15.529771579129841]]]}, "properties": {"bairro": "Residencial Buritis V", "quadra": "40", "numero_lote": "20", "chave": "Residencial Buritis V|40|20", "area_gis_m2": 215.0, "fonte": "MAPA PVA_RESIDENCIAL BURITIS V.dwg"}}, {"type": "Feature", "geometry": {"type": "Polygon", "coordinates": [[[-54.341207944783704, -15.529788102825165], [-54.3412995290697, -15.529804626484662], [-54.34126288623915, -15.529995530857102], [-54.34117130187673, -15.529979007169842], [-54.341207944783704, -15.529788102825165]]]}, "properties": {"bairro": "Residencial Buritis V", "quadra": "40", "numero_lote": "21", "chave": "Residencial Buritis V|40|21", "area_gis_m2": 215.0, "fonte": "MAPA PVA_RESIDENCIAL BURITIS V.dwg"}}, {"type": "Feature", "geometry": {"type": "Polygon", "coordinates": [[[-54.3412995290697, -15.529804626484662], [-54.34139111337643, -15.529821150108377], [-54.34135447062233, -15.530012054508566], [-54.34126288623915, -15.529995530857102], [-54.3412995290697, -15.529804626484662]]]}, "properties": {"bairro": "Residencial Buritis V", "quadra": "40", "numero_lote": "22", "chave": "Residencial Buritis V|40|22", "area_gis_m2": 215.0, "fonte": "MAPA PVA_RESIDENCIAL BURITIS V.dwg"}}, {"type": "Feature", "geometry": {"type": "Polygon", "coordinates": [[[-54.34139111337643, -15.529821150108377], [-54.341482697703924, -15.529837673696246], [-54.34144605502625, -15.530028578124215], [-54.34135447062233, -15.530012054508566], [-54.34139111337643, -15.529821150108377]]]}, "properties": {"bairro": "Residencial Buritis V", "quadra": "40", "numero_lote": "23", "chave": "Residencial Buritis V|40|23", "area_gis_m2": 215.0, "fonte": "MAPA PVA_RESIDENCIAL BURITIS V.dwg"}}, {"type": "Feature", "geometry": {"type": "Polygon", "coordinates": [[[-54.341482697703924, -15.529837673696246], [-54.34157428205216, -15.529854197248323], [-54.34153763945093, -15.530045101704042], [-54.34144605502625, -15.530028578124215], [-54.341482697703924, -15.529837673696246]]]}, "properties": {"bairro": "Residencial Buritis V", "quadra": "40", "numero_lote": "24", "chave": "Residencial Buritis V|40|24", "area_gis_m2": 215.0, "fonte": "MAPA PVA_RESIDENCIAL BURITIS V.dwg"}}, {"type": "Feature", "geometry": {"type": "Polygon", "coordinates": [[[-54.34157428205216, -15.529854197248323], [-54.34166586642114, -15.529870720764585], [-54.34162922389634, -15.530061625248054], [-54.34153763945093, -15.530045101704042], [-54.34157428205216, -15.529854197248323]]]}, "properties": {"bairro": "Residencial Buritis V", "quadra": "40", "numero_lote": "25", "chave": "Residencial Buritis V|40|25", "area_gis_m2": 215.0, "fonte": "MAPA PVA_RESIDENCIAL BURITIS V.dwg"}}, {"type": "Feature", "geometry": {"type": "Polygon", "coordinates": [[[-54.34166586642114, -15.529870720764585], [-54.34175745081086, -15.52988724424506], [-54.3417208083625, -15.530078148756283], [-54.34162922389634, -15.530061625248054], [-54.34166586642114, -15.529870720764585]]]}, "properties": {"bairro": "Residencial Buritis V", "quadra": "40", "numero_lote": "26", "chave": "Residencial Buritis V|40|26", "area_gis_m2": 215.0, "fonte": "MAPA PVA_RESIDENCIAL BURITIS V.dwg"}}, {"type": "Feature", "geometry": {"type": "Polygon", "coordinates": [[[-54.34175745081086, -15.52988724424506], [-54.34184903522133, -15.529903767689703], [-54.34181239284941, -15.53009467222868], [-54.3417208083625, -15.530078148756283], [-54.34175745081086, -15.52988724424506]]]}, "properties": {"bairro": "Residencial Buritis V", "quadra": "40", "numero_lote": "27", "chave": "Residencial Buritis V|40|27", "area_gis_m2": 215.0, "fonte": "MAPA PVA_RESIDENCIAL BURITIS V.dwg"}}, {"type": "Feature", "geometry": {"type": "Polygon", "coordinates": [[[-54.340662250083874, -15.530162766132408], [-54.34075383444922, -15.530179290037465], [-54.340717190987114, -15.530370194220541], [-54.34062560654533, -15.530353670287745], [-54.340662250083874, -15.530162766132408]]]}, "properties": {"bairro": "Residencial Buritis V", "quadra": "34", "numero_lote": "15", "chave": "Residencial Buritis V|34|15", "area_gis_m2": 215.0, "fonte": "MAPA PVA_RESIDENCIAL BURITIS V.dwg"}}, {"type": "Feature", "geometry": {"type": "Polygon", "coordinates": [[[-54.34075383444922, -15.530179290037465], [-54.340845418835315, -15.530195813906687], [-54.340808775449645, -15.530386718117532], [-54.340717190987114, -15.530370194220541], [-54.34075383444922, -15.530179290037465]]]}, "properties": {"bairro": "Residencial Buritis V", "quadra": "34", "numero_lote": "14", "chave": "Residencial Buritis V|34|14", "area_gis_m2": 215.0, "fonte": "MAPA PVA_RESIDENCIAL BURITIS V.dwg"}}, {"type": "Feature", "geometry": {"type": "Polygon", "coordinates": [[[-54.340845418835315, -15.530195813906687], [-54.34093700324215, -15.530212337740105], [-54.340900359932924, -15.530403241978723], [-54.340808775449645, -15.530386718117532], [-54.340845418835315, -15.530195813906687]]]}, "properties": {"bairro": "Residencial Buritis V", "quadra": "34", "numero_lote": "13", "chave": "Residencial Buritis V|34|13", "area_gis_m2": 215.0, "fonte": "MAPA PVA_RESIDENCIAL BURITIS V.dwg"}}, {"type": "Feature", "geometry": {"type": "Polygon", "coordinates": [[[-54.34093700324215, -15.530212337740105], [-54.34102858766975, -15.530228861537733], [-54.34099194443695, -15.53041976580409], [-54.340900359932924, -15.530403241978723], [-54.34093700324215, -15.530212337740105]]]}, "properties": {"bairro": "Residencial Buritis V", "quadra": "34", "numero_lote": "12", "chave": "Residencial Buritis V|34|12", "area_gis_m2": 215.0, "fonte": "MAPA PVA_RESIDENCIAL BURITIS V.dwg"}}, {"type": "Feature", "geometry": {"type": "Polygon", "coordinates": [[[-54.34102858766975, -15.530228861537733], [-54.34112017211809, -15.530245385299533], [-54.34108352896173, -15.530436289593661], [-54.34099194443695, -15.53041976580409], [-54.34102858766975, -15.530228861537733]]]}, "properties": {"bairro": "Residencial Buritis V", "quadra": "34", "numero_lote": "11", "chave": "Residencial Buritis V|34|11", "area_gis_m2": 215.0, "fonte": "MAPA PVA_RESIDENCIAL BURITIS V.dwg"}}, {"type": "Feature", "geometry": {"type": "Polygon", "coordinates": [[[-54.34112017211809, -15.530245385299533], [-54.34121175658718, -15.530261909025532], [-54.341175113507255, -15.53045281334741], [-54.34108352896173, -15.530436289593661], [-54.34112017211809, -15.530245385299533]]]}, "properties": {"bairro": "Residencial Buritis V", "quadra": "34", "numero_lote": "10", "chave": "Residencial Buritis V|34|10", "area_gis_m2": 215.0, "fonte": "MAPA PVA_RESIDENCIAL BURITIS V.dwg"}}, {"type": "Feature", "geometry": {"type": "Polygon", "coordinates": [[[-54.34121175658718, -15.530261909025532], [-54.34130334107701, -15.530278432715708], [-54.34126669807353, -15.530469337065348], [-54.341175113507255, -15.53045281334741], [-54.34121175658718, -15.530261909025532]]]}, "properties": {"bairro": "Residencial Buritis V", "quadra": "34", "numero_lote": "9", "chave": "Residencial Buritis V|34|9", "area_gis_m2": 215.0, "fonte": "MAPA PVA_RESIDENCIAL BURITIS V.dwg"}}, {"type": "Feature", "geometry": {"type": "Polygon", "coordinates": [[[-54.34130334107701, -15.530278432715708], [-54.341394925587586, -15.53029495637007], [-54.34135828266056, -15.53048586074749], [-54.34126669807353, -15.530469337065348], [-54.34130334107701, -15.530278432715708]]]}, "properties": {"bairro": "Residencial Buritis V", "quadra": "34", "numero_lote": "8", "chave": "Residencial Buritis V|34|8", "area_gis_m2": 215.0, "fonte": "MAPA PVA_RESIDENCIAL BURITIS V.dwg"}}, {"type": "Feature", "geometry": {"type": "Polygon", "coordinates": [[[-54.341394925587586, -15.53029495637007], [-54.34148651011892, -15.530311479988645], [-54.341449867268324, -15.53050238439381], [-54.34135828266056, -15.53048586074749], [-54.341394925587586, -15.53029495637007]]]}, "properties": {"bairro": "Residencial Buritis V", "quadra": "34", "numero_lote": "7", "chave": "Residencial Buritis V|34|7", "area_gis_m2": 215.0, "fonte": "MAPA PVA_RESIDENCIAL BURITIS V.dwg"}}, {"type": "Feature", "geometry": {"type": "Polygon", "coordinates": [[[-54.34148651011892, -15.530311479988645], [-54.34157809467099, -15.530328003571396], [-54.34154145189684, -15.530518908004318], [-54.341449867268324, -15.53050238439381], [-54.34148651011892, -15.530311479988645]]]}, "properties": {"bairro": "Residencial Buritis V", "quadra": "34", "numero_lote": "6", "chave": "Residencial Buritis V|34|6", "area_gis_m2": 215.0, "fonte": "MAPA PVA_RESIDENCIAL BURITIS V.dwg"}}, {"type": "Feature", "geometry": {"type": "Polygon", "coordinates": [[[-54.34157809467099, -15.530328003571396], [-54.34166967924382, -15.530344527118332], [-54.341633036546106, -15.530535431579015], [-54.34154145189684, -15.530518908004318], [-54.34157809467099, -15.530328003571396]]]}, "properties": {"bairro": "Residencial Buritis V", "quadra": "34", "numero_lote": "5", "chave": "Residencial Buritis V|34|5", "area_gis_m2": 215.0, "fonte": "MAPA PVA_RESIDENCIAL BURITIS V.dwg"}}, {"type": "Feature", "geometry": {"type": "Polygon", "coordinates": [[[-54.34166967924382, -15.530344527118332], [-54.341761263837384, -15.530361050629475], [-54.341724621216116, -15.530551955117897], [-54.341633036546106, -15.530535431579015], [-54.34166967924382, -15.530344527118332]]]}, "properties": {"bairro": "Residencial Buritis V", "quadra": "34", "numero_lote": "4", "chave": "Residencial Buritis V|34|4", "area_gis_m2": 215.0, "fonte": "MAPA PVA_RESIDENCIAL BURITIS V.dwg"}}, {"type": "Feature", "geometry": {"type": "Polygon", "coordinates": [[[-54.34062560654533, -15.530353670287745], [-54.340717190987114, -15.530370194220541], [-54.34068054742909, -15.530561098384018], [-54.340588962910864, -15.530544574423454], [-54.34062560654533, -15.530353670287745]]]}, "properties": {"bairro": "Residencial Buritis V", "quadra": "34", "numero_lote": "16", "chave": "Residencial Buritis V|34|16", "area_gis_m2": 215.0, "fonte": "MAPA PVA_RESIDENCIAL BURITIS V.dwg"}}, {"type": "Feature", "geometry": {"type": "Polygon", "coordinates": [[[-54.340717190987114, -15.530370194220541], [-54.340808775449645, -15.530386718117532], [-54.34077213196806, -15.530577622308769], [-54.34068054742909, -15.530561098384018], [-54.340717190987114, -15.530370194220541]]]}, "properties": {"bairro": "Residencial Buritis V", "quadra": "34", "numero_lote": "17", "chave": "Residencial Buritis V|34|17", "area_gis_m2": 215.0, "fonte": "MAPA PVA_RESIDENCIAL BURITIS V.dwg"}}, {"type": "Feature", "geometry": {"type": "Polygon", "coordinates": [[[-54.340808775449645, -15.530386718117532], [-54.340900359932924, -15.530403241978723], [-54.34086371652778, -15.530594146197728], [-54.34077213196806, -15.530577622308769], [-54.340808775449645, -15.530386718117532]]]}, "properties": {"bairro": "Residencial Buritis V", "quadra": "34", "numero_lote": "18", "chave": "Residencial Buritis V|34|18", "area_gis_m2": 215.0, "fonte": "MAPA PVA_RESIDENCIAL BURITIS V.dwg"}}, {"type": "Feature", "geometry": {"type": "Polygon", "coordinates": [[[-54.340900359932924, -15.530403241978723], [-54.34099194443695, -15.53041976580409], [-54.340955301108245, -15.53061067005085], [-54.34086371652778, -15.530594146197728], [-54.340900359932924, -15.530403241978723]]]}, "properties": {"bairro": "Residencial Buritis V", "quadra": "34", "numero_lote": "19", "chave": "Residencial Buritis V|34|19", "area_gis_m2": 215.0, "fonte": "MAPA PVA_RESIDENCIAL BURITIS V.dwg"}}, {"type": "Feature", "geometry": {"type": "Polygon", "coordinates": [[[-54.34099194443695, -15.53041976580409], [-54.34108352896173, -15.530436289593661], [-54.34104688570947, -15.530627193868165], [-54.340955301108245, -15.53061067005085], [-54.34099194443695, -15.53041976580409]]]}, "properties": {"bairro": "Residencial Buritis V", "quadra": "34", "numero_lote": "20", "chave": "Residencial Buritis V|34|20", "area_gis_m2": 215.0, "fonte": "MAPA PVA_RESIDENCIAL BURITIS V.dwg"}}, {"type": "Feature", "geometry": {"type": "Polygon", "coordinates": [[[-54.34108352896173, -15.530436289593661], [-54.341175113507255, -15.53045281334741], [-54.34113847033143, -15.530643717649676], [-54.34104688570947, -15.530627193868165], [-54.34108352896173, -15.530436289593661]]]}, "properties": {"bairro": "Residencial Buritis V", "quadra": "34", "numero_lote": "21", "chave": "Residencial Buritis V|34|21", "area_gis_m2": 215.0, "fonte": "MAPA PVA_RESIDENCIAL BURITIS V.dwg"}}, {"type": "Feature", "geometry": {"type": "Polygon", "coordinates": [[[-54.341175113507255, -15.53045281334741], [-54.34126669807353, -15.530469337065348], [-54.341230054974154, -15.530660241395381], [-54.34113847033143, -15.530643717649676], [-54.341175113507255, -15.53045281334741]]]}, "properties": {"bairro": "Residencial Buritis V", "quadra": "34", "numero_lote": "22", "chave": "Residencial Buritis V|34|22", "area_gis_m2": 215.0, "fonte": "MAPA PVA_RESIDENCIAL BURITIS V.dwg"}}, {"type": "Feature", "geometry": {"type": "Polygon", "coordinates": [[[-54.34126669807353, -15.530469337065348], [-54.34135828266056, -15.53048586074749], [-54.34132163963761, -15.530676765105264], [-54.341230054974154, -15.530660241395381], [-54.34126669807353, -15.530469337065348]]]}, "properties": {"bairro": "Residencial Buritis V", "quadra": "34", "numero_lote": "23", "chave": "Residencial Buritis V|34|23", "area_gis_m2": 215.0, "fonte": "MAPA PVA_RESIDENCIAL BURITIS V.dwg"}}, {"type": "Feature", "geometry": {"type": "Polygon", "coordinates": [[[-54.34135828266056, -15.53048586074749], [-54.341449867268324, -15.53050238439381], [-54.341413224321826, -15.530693288779343], [-54.34132163963761, -15.530676765105264], [-54.34135828266056, -15.53048586074749]]]}, "properties": {"bairro": "Residencial Buritis V", "quadra": "34", "numero_lote": "24", "chave": "Residencial Buritis V|34|24", "area_gis_m2": 215.0, "fonte": "MAPA PVA_RESIDENCIAL BURITIS V.dwg"}}, {"type": "Feature", "geometry": {"type": "Polygon", "coordinates": [[[-54.341449867268324, -15.53050238439381], [-54.34154145189684, -15.530518908004318], [-54.34150480902678, -15.530709812417614], [-54.341413224321826, -15.530693288779343], [-54.341449867268324, -15.53050238439381]]]}, "properties": {"bairro": "Residencial Buritis V", "quadra": "34", "numero_lote": "25", "chave": "Residencial Buritis V|34|25", "area_gis_m2": 215.0, "fonte": "MAPA PVA_RESIDENCIAL BURITIS V.dwg"}}, {"type": "Feature", "geometry": {"type": "Polygon", "coordinates": [[[-54.34154145189684, -15.530518908004318], [-54.341633036546106, -15.530535431579015], [-54.34159639375248, -15.530726336020077], [-54.34150480902678, -15.530709812417614], [-54.34154145189684, -15.530518908004318]]]}, "properties": {"bairro": "Residencial Buritis V", "quadra": "34", "numero_lote": "26", "chave": "Residencial Buritis V|34|26", "area_gis_m2": 215.0, "fonte": "MAPA PVA_RESIDENCIAL BURITIS V.dwg"}}, {"type": "Feature", "geometry": {"type": "Polygon", "coordinates": [[[-54.341633036546106, -15.530535431579015], [-54.341724621216116, -15.530551955117897], [-54.34168797849894, -15.530742859586708], [-54.34159639375248, -15.530726336020077], [-54.341633036546106, -15.530535431579015]]]}, "properties": {"bairro": "Residencial Buritis V", "quadra": "34", "numero_lote": "27", "chave": "Residencial Buritis V|34|27", "area_gis_m2": 215.0, "fonte": "MAPA PVA_RESIDENCIAL BURITIS V.dwg"}}, {"type": "Feature", "geometry": {"type": "Polygon", "coordinates": [[[-54.341724621216116, -15.530551955117897], [-54.34181620590687, -15.530568478620976], [-54.34177956326614, -15.530759383117523], [-54.34168797849894, -15.530742859586708], [-54.341724621216116, -15.530551955117897]]]}, "properties": {"bairro": "Residencial Buritis V", "quadra": "34", "numero_lote": "28", "chave": "Residencial Buritis V|34|28", "area_gis_m2": 215.0, "fonte": "MAPA PVA_RESIDENCIAL BURITIS V.dwg"}}, {"type": "Feature", "geometry": {"type": "Polygon", "coordinates": [[[-54.34181620590687, -15.530568478620976], [-54.34190779059873, -15.53058500208469], [-54.34187114805409, -15.53077590661255], [-54.34177956326614, -15.530759383117523], [-54.34181620590687, -15.530568478620976]]]}, "properties": {"bairro": "Residencial Buritis V", "quadra": "34", "numero_lote": "29", "chave": "Residencial Buritis V|34|29", "area_gis_m2": 215.0, "fonte": "MAPA PVA_RESIDENCIAL BURITIS V.dwg"}}, {"type": "Feature", "geometry": {"type": "Polygon", "coordinates": [[[-54.341759111528944, -15.530865934457914], [-54.34185069635956, -15.53088245796842], [-54.34181661013563, -15.53106004354793], [-54.341725025233906, -15.531043520011604], [-54.341759111528944, -15.530865934457914]]]}, "properties": {"bairro": "Residencial Buritis V", "quadra": "33", "numero_lote": "2", "chave": "Residencial Buritis V|33|2", "area_gis_m2": 200.0, "fonte": "MAPA PVA_RESIDENCIAL BURITIS V.dwg"}}, {"type": "Feature", "geometry": {"type": "Polygon", "coordinates": [[[-54.34166752671908, -15.530849410911596], [-54.341759111528944, -15.530865934457914], [-54.341725025233906, -15.531043520011604], [-54.34163344035293, -15.531026996439449], [-54.34166752671908, -15.530849410911596]]]}, "properties": {"bairro": "Residencial Buritis V", "quadra": "33", "numero_lote": "3", "chave": "Residencial Buritis V|33|3", "area_gis_m2": 200.0, "fonte": "MAPA PVA_RESIDENCIAL BURITIS V.dwg"}}, {"type": "Feature", "geometry": {"type": "Polygon", "coordinates": [[[-54.34157594192996, -15.530832887329463], [-54.34166752671908, -15.530849410911596], [-54.34163344035293, -15.531026996439449], [-54.34154185549269, -15.531010472831516], [-54.34157594192996, -15.530832887329463]]]}, "properties": {"bairro": "Residencial Buritis V", "quadra": "33", "numero_lote": "4", "chave": "Residencial Buritis V|33|4", "area_gis_m2": 200.0, "fonte": "MAPA PVA_RESIDENCIAL BURITIS V.dwg"}}, {"type": "Feature", "geometry": {"type": "Polygon", "coordinates": [[[-54.34148435716159, -15.530816363711505], [-54.34157594192996, -15.530832887329463], [-54.34154185549269, -15.531010472831516], [-54.34145027065321, -15.530993949187739], [-54.34148435716159, -15.530816363711505]]]}, "properties": {"bairro": "Residencial Buritis V", "quadra": "33", "numero_lote": "5", "chave": "Residencial Buritis V|33|5", "area_gis_m2": 200.0, "fonte": "MAPA PVA_RESIDENCIAL BURITIS V.dwg"}}, {"type": "Feature", "geometry": {"type": "Polygon", "coordinates": [[[-54.34139277241396, -15.530799840057751], [-54.34148435716159, -15.530816363711505], [-54.34145027065321, -15.530993949187739], [-54.34135868583448, -15.530977425508164], [-54.34139277241396, -15.530799840057751]]]}, "properties": {"bairro": "Residencial Buritis V", "quadra": "33", "numero_lote": "6", "chave": "Residencial Buritis V|33|6", "area_gis_m2": 200.0, "fonte": "MAPA PVA_RESIDENCIAL BURITIS V.dwg"}}, {"type": "Feature", "geometry": {"type": "Polygon", "coordinates": [[[-54.341301187687094, -15.530783316368167], [-54.34139277241396, -15.530799840057751], [-54.34135868583448, -15.530977425508164], [-54.3412671010365, -15.530960901792763], [-54.341301187687094, -15.530783316368167]]]}, "properties": {"bairro": "Residencial Buritis V", "quadra": "33", "numero_lote": "7", "chave": "Residencial Buritis V|33|7", "area_gis_m2": 200.0, "fonte": "MAPA PVA_RESIDENCIAL BURITIS V.dwg"}}, {"type": "Feature", "geometry": {"type": "Polygon", "coordinates": [[[-54.34120960298096, -15.5307667926428], [-54.341301187687094, -15.530783316368167], [-54.3412671010365, -15.530960901792763], [-54.341175516259256, -15.530944378041566], [-54.34120960298096, -15.5307667926428]]]}, "properties": {"bairro": "Residencial Buritis V", "quadra": "33", "numero_lote": "8", "chave": "Residencial Buritis V|33|8", "area_gis_m2": 200.0, "fonte": "MAPA PVA_RESIDENCIAL BURITIS V.dwg"}}, {"type": "Feature", "geometry": {"type": "Polygon", "coordinates": [[[-54.34111801829558, -15.530750268881608], [-54.34120960298096, -15.5307667926428], [-54.341175516259256, -15.530944378041566], [-54.341083931502766, -15.530927854254536], [-54.34111801829558, -15.530750268881608]]]}, "properties": {"bairro": "Residencial Buritis V", "quadra": "33", "numero_lote": "9", "chave": "Residencial Buritis V|33|9", "area_gis_m2": 200.0, "fonte": "MAPA PVA_RESIDENCIAL BURITIS V.dwg"}}, {"type": "Feature", "geometry": {"type": "Polygon", "coordinates": [[[-54.34102643363095, -15.530733745084603], [-54.34111801829558, -15.530750268881608], [-54.341083931502766, -15.530927854254536], [-54.34099234676703, -15.530911330431712], [-54.34102643363095, -15.530733745084603]]]}, "properties": {"bairro": "Residencial Buritis V", "quadra": "33", "numero_lote": "10", "chave": "Residencial Buritis V|33|10", "area_gis_m2": 200.0, "fonte": "MAPA PVA_RESIDENCIAL BURITIS V.dwg"}}, {"type": "Feature", "geometry": {"type": "Polygon", "coordinates": [[[-54.34093484898707, -15.530717221251777], [-54.34102643363095, -15.530733745084603], [-54.34099234676703, -15.530911330431712], [-54.34090076205204, -15.530894806573079], [-54.34093484898707, -15.530717221251777]]]}, "properties": {"bairro": "Residencial Buritis V", "quadra": "33", "numero_lote": "11", "chave": "Residencial Buritis V|33|11", "area_gis_m2": 200.0, "fonte": "MAPA PVA_RESIDENCIAL BURITIS V.dwg"}}, {"type": "Feature", "geometry": {"type": "Polygon", "coordinates": [[[-54.34084326436393, -15.53070069738316], [-54.34093484898707, -15.530717221251777], [-54.34090076205204, -15.530894806573079], [-54.3408091773578, -15.530878282678644], [-54.34084326436393, -15.53070069738316]]]}, "properties": {"bairro": "Residencial Buritis V", "quadra": "33", "numero_lote": "12", "chave": "Residencial Buritis V|33|12", "area_gis_m2": 200.0, "fonte": "MAPA PVA_RESIDENCIAL BURITIS V.dwg"}}, {"type": "Feature", "geometry": {"type": "Polygon", "coordinates": [[[-54.340751679761546, -15.530684173478708], [-54.34084326436393, -15.53070069738316], [-54.3408091773578, -15.530878282678644], [-54.3407175926843, -15.530861758748365], [-54.340751679761546, -15.530684173478708]]]}, "properties": {"bairro": "Residencial Buritis V", "quadra": "33", "numero_lote": "13", "chave": "Residencial Buritis V|33|13", "area_gis_m2": 200.0, "fonte": "MAPA PVA_RESIDENCIAL BURITIS V.dwg"}}, {"type": "Feature", "geometry": {"type": "Polygon", "coordinates": [[[-54.34066009517991, -15.53066764953847], [-54.340751679761546, -15.530684173478708], [-54.3407175926843, -15.530861758748365], [-54.34062600803156, -15.5308452347823], [-54.34066009517991, -15.53066764953847]]]}, "properties": {"bairro": "Residencial Buritis V", "quadra": "33", "numero_lote": "14", "chave": "Residencial Buritis V|33|14", "area_gis_m2": 200.0, "fonte": "MAPA PVA_RESIDENCIAL BURITIS V.dwg"}}, {"type": "Feature", "geometry": {"type": "Polygon", "coordinates": [[[-54.34056851061903, -15.530651125562404], [-54.34066009517991, -15.53066764953847], [-54.34062600803156, -15.5308452347823], [-54.34053442339957, -15.530828710780407], [-54.34056851061903, -15.530651125562404]]]}, "properties": {"bairro": "Residencial Buritis V", "quadra": "33", "numero_lote": "15", "chave": "Residencial Buritis V|33|15", "area_gis_m2": 200.0, "fonte": "MAPA PVA_RESIDENCIAL BURITIS V.dwg"}}, {"type": "Feature", "geometry": {"type": "Polygon", "coordinates": [[[-54.341725025233906, -15.531043520011604], [-54.34181661013563, -15.53106004354793], [-54.341782523828705, -15.531237629110457], [-54.34169093885587, -15.531221105548308], [-54.341725025233906, -15.531043520011604]]]}, "properties": {"bairro": "Residencial Buritis V", "quadra": "33", "numero_lote": "29", "chave": "Residencial Buritis V|33|29", "area_gis_m2": 200.0, "fonte": "MAPA PVA_RESIDENCIAL BURITIS V.dwg"}}, {"type": "Feature", "geometry": {"type": "Polygon", "coordinates": [[[-54.34163344035293, -15.531026996439449], [-54.341725025233906, -15.531043520011604], [-54.34169093885587, -15.531221105548308], [-54.34159935390378, -15.531204581950364], [-54.34163344035293, -15.531026996439449]]]}, "properties": {"bairro": "Residencial Buritis V", "quadra": "33", "numero_lote": "28", "chave": "Residencial Buritis V|33|28", "area_gis_m2": 200.0, "fonte": "MAPA PVA_RESIDENCIAL BURITIS V.dwg"}}, {"type": "Feature", "geometry": {"type": "Polygon", "coordinates": [[[-54.34154185549269, -15.531010472831516], [-54.34163344035293, -15.531026996439449], [-54.34159935390378, -15.531204581950364], [-54.34150776897244, -15.531188058316587], [-54.34154185549269, -15.531010472831516]]]}, "properties": {"bairro": "Residencial Buritis V", "quadra": "33", "numero_lote": "27", "chave": "Residencial Buritis V|33|27", "area_gis_m2": 200.0, "fonte": "MAPA PVA_RESIDENCIAL BURITIS V.dwg"}}, {"type": "Feature", "geometry": {"type": "Polygon", "coordinates": [[[-54.34145027065321, -15.530993949187739], [-54.34154185549269, -15.531010472831516], [-54.34150776897244, -15.531188058316587], [-54.34141618406185, -15.531171534646987], [-54.34145027065321, -15.530993949187739]]]}, "properties": {"bairro": "Residencial Buritis V", "quadra": "33", "numero_lote": "26", "chave": "Residencial Buritis V|33|26", "area_gis_m2": 200.0, "fonte": "MAPA PVA_RESIDENCIAL BURITIS V.dwg"}}, {"type": "Feature", "geometry": {"type": "Polygon", "coordinates": [[[-54.34135868583448, -15.530977425508164], [-54.34145027065321, -15.530993949187739], [-54.34141618406185, -15.531171534646987], [-54.341324599172005, -15.531155010941589], [-54.34135868583448, -15.530977425508164]]]}, "properties": {"bairro": "Residencial Buritis V", "quadra": "33", "numero_lote": "25", "chave": "Residencial Buritis V|33|25", "area_gis_m2": 200.0, "fonte": "MAPA PVA_RESIDENCIAL BURITIS V.dwg"}}, {"type": "Feature", "geometry": {"type": "Polygon", "coordinates": [[[-54.3412671010365, -15.530960901792763], [-54.34135868583448, -15.530977425508164], [-54.341324599172005, -15.531155010941589], [-54.3412330143029, -15.531138487200382], [-54.3412671010365, -15.530960901792763]]]}, "properties": {"bairro": "Residencial Buritis V", "quadra": "33", "numero_lote": "24", "chave": "Residencial Buritis V|33|24", "area_gis_m2": 200.0, "fonte": "MAPA PVA_RESIDENCIAL BURITIS V.dwg"}}, {"type": "Feature", "geometry": {"type": "Polygon", "coordinates": [[[-54.341175516259256, -15.530944378041566], [-54.3412671010365, -15.530960901792763], [-54.3412330143029, -15.531138487200382], [-54.34114142945456, -15.531121963423349], [-54.341175516259256, -15.530944378041566]]]}, "properties": {"bairro": "Residencial Buritis V", "quadra": "33", "numero_lote": "23", "chave": "Residencial Buritis V|33|23", "area_gis_m2": 200.0, "fonte": "MAPA PVA_RESIDENCIAL BURITIS V.dwg"}}, {"type": "Feature", "geometry": {"type": "Polygon", "coordinates": [[[-54.341083931502766, -15.530927854254536], [-54.341175516259256, -15.530944378041566], [-54.34114142945456, -15.531121963423349], [-54.34104984462696, -15.531105439610492], [-54.341083931502766, -15.530927854254536]]]}, "properties": {"bairro": "Residencial Buritis V", "quadra": "33", "numero_lote": "22", "chave": "Residencial Buritis V|33|22", "area_gis_m2": 200.0, "fonte": "MAPA PVA_RESIDENCIAL BURITIS V.dwg"}}, {"type": "Feature", "geometry": {"type": "Polygon", "coordinates": [[[-54.34099234676703, -15.530911330431712], [-54.341083931502766, -15.530927854254536], [-54.34104984462696, -15.531105439610492], [-54.34095825982011, -15.531088915761845], [-54.34099234676703, -15.530911330431712]]]}, "properties": {"bairro": "Residencial Buritis V", "quadra": "33", "numero_lote": "21", "chave": "Residencial Buritis V|33|21", "area_gis_m2": 200.0, "fonte": "MAPA PVA_RESIDENCIAL BURITIS V.dwg"}}, {"type": "Feature", "geometry": {"type": "Polygon", "coordinates": [[[-54.34090076205204, -15.530894806573079], [-54.34099234676703, -15.530911330431712], [-54.34095825982011, -15.531088915761845], [-54.34086667503401, -15.531072391877398], [-54.34090076205204, -15.530894806573079]]]}, "properties": {"bairro": "Residencial Buritis V", "quadra": "33", "numero_lote": "20", "chave": "Residencial Buritis V|33|20", "area_gis_m2": 200.0, "fonte": "MAPA PVA_RESIDENCIAL BURITIS V.dwg"}}, {"type": "Feature", "geometry": {"type": "Polygon", "coordinates": [[[-54.3408091773578, -15.530878282678644], [-54.34090076205204, -15.530894806573079], [-54.34086667503401, -15.531072391877398], [-54.34077509026866, -15.531055867957132], [-54.3408091773578, -15.530878282678644]]]}, "properties": {"bairro": "Residencial Buritis V", "quadra": "33", "numero_lote": "19", "chave": "Residencial Buritis V|33|19", "area_gis_m2": 200.0, "fonte": "MAPA PVA_RESIDENCIAL BURITIS V.dwg"}}, {"type": "Feature", "geometry": {"type": "Polygon", "coordinates": [[[-54.3407175926843, -15.530861758748365], [-54.3408091773578, -15.530878282678644], [-54.34077509026866, -15.531055867957132], [-54.340683505524055, -15.531039344001034], [-54.3407175926843, -15.530861758748365]]]}, "properties": {"bairro": "Residencial Buritis V", "quadra": "33", "numero_lote": "18", "chave": "Residencial Buritis V|33|18", "area_gis_m2": 200.0, "fonte": "MAPA PVA_RESIDENCIAL BURITIS V.dwg"}}, {"type": "Feature", "geometry": {"type": "Polygon", "coordinates": [[[-54.34062600803156, -15.5308452347823], [-54.3407175926843, -15.530861758748365], [-54.340683505524055, -15.531039344001034], [-54.34059192080021, -15.531022820009138], [-54.34062600803156, -15.5308452347823]]]}, "properties": {"bairro": "Residencial Buritis V", "quadra": "33", "numero_lote": "17", "chave": "Residencial Buritis V|33|17", "area_gis_m2": 200.0, "fonte": "MAPA PVA_RESIDENCIAL BURITIS V.dwg"}}, {"type": "Feature", "geometry": {"type": "Polygon", "coordinates": [[[-54.34053442339957, -15.530828710780407], [-54.34062600803156, -15.5308452347823], [-54.34059192080021, -15.531022820009138], [-54.3405003360971, -15.531006295981438], [-54.34053442339957, -15.530828710780407]]]}, "properties": {"bairro": "Residencial Buritis V", "quadra": "33", "numero_lote": "16", "chave": "Residencial Buritis V|33|16", "area_gis_m2": 200.0, "fonte": "MAPA PVA_RESIDENCIAL BURITIS V.dwg"}}, {"type": "Feature", "geometry": {"type": "Polygon", "coordinates": [[[-54.340396369311954, -15.53154793073964], [-54.34048795423194, -15.531564454846126], [-54.34045386666443, -15.531742040004177], [-54.34036228167333, -15.531725515871873], [-54.340396369311954, -15.53154793073964]]]}, "properties": {"bairro": "Residencial Buritis V", "quadra": "25", "numero_lote": "15", "chave": "Residencial Buritis V|25|15", "area_gis_m2": 200.0, "fonte": "MAPA PVA_RESIDENCIAL BURITIS V.dwg"}}, {"type": "Feature", "geometry": {"type": "Polygon", "coordinates": [[[-54.34048795423194, -15.531564454846126], [-54.34057953917268, -15.53158097891678], [-54.34054545167628, -15.531758564100661], [-54.34045386666443, -15.531742040004177], [-54.34048795423194, -15.531564454846126]]]}, "properties": {"bairro": "Residencial Buritis V", "quadra": "25", "numero_lote": "14", "chave": "Residencial Buritis V|25|14", "area_gis_m2": 200.0, "fonte": "MAPA PVA_RESIDENCIAL BURITIS V.dwg"}}, {"type": "Feature", "geometry": {"type": "Polygon", "coordinates": [[[-54.34057953917268, -15.53158097891678], [-54.34067112413417, -15.531597502951636], [-54.34063703670888, -15.531775088161343], [-54.34054545167628, -15.531758564100661], [-54.34057953917268, -15.53158097891678]]]}, "properties": {"bairro": "Residencial Buritis V", "quadra": "25", "numero_lote": "13", "chave": "Residencial Buritis V|25|13", "area_gis_m2": 200.0, "fonte": "MAPA PVA_RESIDENCIAL BURITIS V.dwg"}}, {"type": "Feature", "geometry": {"type": "Polygon", "coordinates": [[[-54.34067112413417, -15.531597502951636], [-54.340762709116404, -15.53161402695067], [-54.34072862176223, -15.53179161218618], [-54.34063703670888, -15.531775088161343], [-54.34067112413417, -15.531597502951636]]]}, "properties": {"bairro": "Residencial Buritis V", "quadra": "25", "numero_lote": "12", "chave": "Residencial Buritis V|25|12", "area_gis_m2": 200.0, "fonte": "MAPA PVA_RESIDENCIAL BURITIS V.dwg"}}, {"type": "Feature", "geometry": {"type": "Polygon", "coordinates": [[[-54.340762709116404, -15.53161402695067], [-54.340854294119396, -15.531630550913894], [-54.340820206836334, -15.531808136175245], [-54.34072862176223, -15.53179161218618], [-54.340762709116404, -15.53161402695067]]]}, "properties": {"bairro": "Residencial Buritis V", "quadra": "25", "numero_lote": "11", "chave": "Residencial Buritis V|25|11", "area_gis_m2": 200.0, "fonte": "MAPA PVA_RESIDENCIAL BURITIS V.dwg"}}, {"type": "Feature", "geometry": {"type": "Polygon", "coordinates": [[[-54.340854294119396, -15.531630550913894], [-54.34094587914313, -15.5316470748413], [-54.34091179193119, -15.531824660128478], [-54.340820206836334, -15.531808136175245], [-54.340854294119396, -15.531630550913894]]]}, "properties": {"bairro": "Residencial Buritis V", "quadra": "25", "numero_lote": "10", "chave": "Residencial Buritis V|25|10", "area_gis_m2": 200.0, "fonte": "MAPA PVA_RESIDENCIAL BURITIS V.dwg"}}, {"type": "Feature", "geometry": {"type": "Polygon", "coordinates": [[[-54.34094587914313, -15.5316470748413], [-54.34103746418763, -15.531663598732903], [-54.341003377046796, -15.531841184045911], [-54.34091179193119, -15.531824660128478], [-54.34094587914313, -15.5316470748413]]]}, "properties": {"bairro": "Residencial Buritis V", "quadra": "25", "numero_lote": "9", "chave": "Residencial Buritis V|25|9", "area_gis_m2": 200.0, "fonte": "MAPA PVA_RESIDENCIAL BURITIS V.dwg"}}, {"type": "Feature", "geometry": {"type": "Polygon", "coordinates": [[[-54.34103746418763, -15.531663598732903], [-54.341129049252864, -15.531680122588691], [-54.34109496218314, -15.531857707927514], [-54.341003377046796, -15.531841184045911], [-54.34103746418763, -15.531663598732903]]]}, "properties": {"bairro": "Residencial Buritis V", "quadra": "25", "numero_lote": "8", "chave": "Residencial Buritis V|25|8", "area_gis_m2": 200.0, "fonte": "MAPA PVA_RESIDENCIAL BURITIS V.dwg"}}, {"type": "Feature", "geometry": {"type": "Polygon", "coordinates": [[[-54.341129049252864, -15.531680122588691], [-54.34122063433885, -15.53169664640867], [-54.34118654734025, -15.531874231773317], [-54.34109496218314, -15.531857707927514], [-54.341129049252864, -15.531680122588691]]]}, "properties": {"bairro": "Residencial Buritis V", "quadra": "25", "numero_lote": "7", "chave": "Residencial Buritis V|25|7", "area_gis_m2": 200.0, "fonte": "MAPA PVA_RESIDENCIAL BURITIS V.dwg"}}, {"type": "Feature", "geometry": {"type": "Polygon", "coordinates": [[[-54.34122063433885, -15.53169664640867], [-54.34131221944559, -15.531713170192823], [-54.3412781325181, -15.531890755583294], [-54.34118654734025, -15.531874231773317], [-54.34122063433885, -15.53169664640867]]]}, "properties": {"bairro": "Residencial Buritis V", "quadra": "25", "numero_lote": "6", "chave": "Residencial Buritis V|25|6", "area_gis_m2": 200.0, "fonte": "MAPA PVA_RESIDENCIAL BURITIS V.dwg"}}, {"type": "Feature", "geometry": {"type": "Polygon", "coordinates": [[[-54.34131221944559, -15.531713170192823], [-54.341403804573076, -15.531729693941173], [-54.3413697177167, -15.53190727935745], [-54.3412781325181, -15.531890755583294], [-54.34131221944559, -15.531713170192823]]]}, "properties": {"bairro": "Residencial Buritis V", "quadra": "25", "numero_lote": "5", "chave": "Residencial Buritis V|25|5", "area_gis_m2": 200.0, "fonte": "MAPA PVA_RESIDENCIAL BURITIS V.dwg"}}, {"type": "Feature", "geometry": {"type": "Polygon", "coordinates": [[[-54.341403804573076, -15.531729693941173], [-54.34149538972132, -15.5317462176537], [-54.341461302936054, -15.531923803095797], [-54.3413697177167, -15.53190727935745], [-54.341403804573076, -15.531729693941173]]]}, "properties": {"bairro": "Residencial Buritis V", "quadra": "25", "numero_lote": "4", "chave": "Residencial Buritis V|25|4", "area_gis_m2": 200.0, "fonte": "MAPA PVA_RESIDENCIAL BURITIS V.dwg"}}, {"type": "Feature", "geometry": {"type": "Polygon", "coordinates": [[[-54.34149538972132, -15.5317462176537], [-54.3415869748903, -15.531762741330407], [-54.34155288817615, -15.531940326798345], [-54.341461302936054, -15.531923803095797], [-54.34149538972132, -15.5317462176537]]]}, "properties": {"bairro": "Residencial Buritis V", "quadra": "25", "numero_lote": "3", "chave": "Residencial Buritis V|25|3", "area_gis_m2": 200.0, "fonte": "MAPA PVA_RESIDENCIAL BURITIS V.dwg"}}, {"type": "Feature", "geometry": {"type": "Polygon", "coordinates": [[[-54.3415869748903, -15.531762741330407], [-54.34167856008003, -15.531779264971311], [-54.341644473437, -15.531956850465068], [-54.34155288817615, -15.531940326798345], [-54.3415869748903, -15.531762741330407]]]}, "properties": {"bairro": "Residencial Buritis V", "quadra": "25", "numero_lote": "2", "chave": "Residencial Buritis V|25|2", "area_gis_m2": 200.0, "fonte": "MAPA PVA_RESIDENCIAL BURITIS V.dwg"}}, {"type": "Feature", "geometry": {"type": "Polygon", "coordinates": [[[-54.34036228167333, -15.531725515871873], [-54.34045386666443, -15.531742040004177], [-54.34041977901391, -15.531919625145239], [-54.3403281939517, -15.53190310098712], [-54.34036228167333, -15.531725515871873]]]}, "properties": {"bairro": "Residencial Buritis V", "quadra": "25", "numero_lote": "16", "chave": "Residencial Buritis V|25|16", "area_gis_m2": 200.0, "fonte": "MAPA PVA_RESIDENCIAL BURITIS V.dwg"}}, {"type": "Feature", "geometry": {"type": "Polygon", "coordinates": [[[-54.34045386666443, -15.531742040004177], [-54.34054545167628, -15.531758564100661], [-54.340511364096876, -15.53193614926755], [-54.34041977901391, -15.531919625145239], [-54.34045386666443, -15.531742040004177]]]}, "properties": {"bairro": "Residencial Buritis V", "quadra": "25", "numero_lote": "17", "chave": "Residencial Buritis V|25|17", "area_gis_m2": 200.0, "fonte": "MAPA PVA_RESIDENCIAL BURITIS V.dwg"}}, {"type": "Feature", "geometry": {"type": "Polygon", "coordinates": [[[-54.34054545167628, -15.531758564100661], [-54.34063703670888, -15.531775088161343], [-54.34060294920059, -15.531952673354064], [-54.340511364096876, -15.53193614926755], [-54.34054545167628, -15.531758564100661]]]}, "properties": {"bairro": "Residencial Buritis V", "quadra": "25", "numero_lote": "18", "chave": "Residencial Buritis V|25|18", "area_gis_m2": 200.0, "fonte": "MAPA PVA_RESIDENCIAL BURITIS V.dwg"}}, {"type": "Feature", "geometry": {"type": "Polygon", "coordinates": [[[-54.34063703670888, -15.531775088161343], [-54.34072862176223, -15.53179161218618], [-54.34069453432505, -15.531969197404752], [-54.34060294920059, -15.531952673354064], [-54.34063703670888, -15.531775088161343]]]}, "properties": {"bairro": "Residencial Buritis V", "quadra": "25", "numero_lote": "19", "chave": "Residencial Buritis V|25|19", "area_gis_m2": 200.0, "fonte": "MAPA PVA_RESIDENCIAL BURITIS V.dwg"}}, {"type": "Feature", "geometry": {"type": "Polygon", "coordinates": [[[-54.34072862176223, -15.53179161218618], [-54.340820206836334, -15.531808136175245], [-54.340786119470266, -15.531985721419614], [-54.34069453432505, -15.531969197404752], [-54.34072862176223, -15.53179161218618]]]}, "properties": {"bairro": "Residencial Buritis V", "quadra": "25", "numero_lote": "20", "chave": "Residencial Buritis V|25|20", "area_gis_m2": 200.0, "fonte": "MAPA PVA_RESIDENCIAL BURITIS V.dwg"}}, {"type": "Feature", "geometry": {"type": "Polygon", "coordinates": [[[-54.340820206836334, -15.531808136175245], [-54.34091179193119, -15.531824660128478], [-54.340877704636235, -15.53200224539867], [-54.340786119470266, -15.531985721419614], [-54.340820206836334, -15.531808136175245]]]}, "properties": {"bairro": "Residencial Buritis V", "quadra": "25", "numero_lote": "21", "chave": "Residencial Buritis V|25|21", "area_gis_m2": 200.0, "fonte": "MAPA PVA_RESIDENCIAL BURITIS V.dwg"}}, {"type": "Feature", "geometry": {"type": "Polygon", "coordinates": [[[-54.34091179193119, -15.531824660128478], [-54.34100337704679, -15.531841184045911], [-54.34096928982295, -15.532018769341922], [-54.340877704636235, -15.53200224539867], [-54.34091179193119, -15.531824660128478]]]}, "properties": {"bairro": "Residencial Buritis V", "quadra": "25", "numero_lote": "22", "chave": "Residencial Buritis V|25|22", "area_gis_m2": 200.0, "fonte": "MAPA PVA_RESIDENCIAL BURITIS V.dwg"}}, {"type": "Feature", "geometry": {"type": "Polygon", "coordinates": [[[-54.34100337704679, -15.531841184045911], [-54.34109496218314, -15.531857707927514], [-54.34106087503042, -15.532035293249349], [-54.34096928982295, -15.532018769341922], [-54.34100337704679, -15.531841184045911]]]}, "properties": {"bairro": "Residencial Buritis V", "quadra": "25", "numero_lote": "23", "chave": "Residencial Buritis V|25|23", "area_gis_m2": 200.0, "fonte": "MAPA PVA_RESIDENCIAL BURITIS V.dwg"}}, {"type": "Feature", "geometry": {"type": "Polygon", "coordinates": [[[-54.34109496218314, -15.531857707927514], [-54.34118654734025, -15.531874231773317], [-54.34115246025864, -15.532051817120976], [-54.34106087503042, -15.532035293249349], [-54.34109496218314, -15.531857707927514]]]}, "properties": {"bairro": "Residencial Buritis V", "quadra": "25", "numero_lote": "24", "chave": "Residencial Buritis V|25|24", "area_gis_m2": 200.0, "fonte": "MAPA PVA_RESIDENCIAL BURITIS V.dwg"}}, {"type": "Feature", "geometry": {"type": "Polygon", "coordinates": [[[-54.34118654734025, -15.531874231773317], [-54.3412781325181, -15.531890755583294], [-54.34124404550761, -15.532068340956782], [-54.34115246025864, -15.532051817120976], [-54.34118654734025, -15.531874231773317]]]}, "properties": {"bairro": "Residencial Buritis V", "quadra": "25", "numero_lote": "25", "chave": "Residencial Buritis V|25|25", "area_gis_m2": 200.0, "fonte": "MAPA PVA_RESIDENCIAL BURITIS V.dwg"}}, {"type": "Feature", "geometry": {"type": "Polygon", "coordinates": [[[-54.3412781325181, -15.531890755583294], [-54.3413697177167, -15.53190727935745], [-54.34133563077733, -15.532084864756776], [-54.34124404550761, -15.532068340956782], [-54.3412781325181, -15.531890755583294]]]}, "properties": {"bairro": "Residencial Buritis V", "quadra": "25", "numero_lote": "26", "chave": "Residencial Buritis V|25|26", "area_gis_m2": 200.0, "fonte": "MAPA PVA_RESIDENCIAL BURITIS V.dwg"}}, {"type": "Feature", "geometry": {"type": "Polygon", "coordinates": [[[-54.3413697177167, -15.53190727935745], [-54.341461302936054, -15.531923803095797], [-54.34142721606779, -15.532101388520948], [-54.34133563077733, -15.532084864756776], [-54.3413697177167, -15.53190727935745]]]}, "properties": {"bairro": "Residencial Buritis V", "quadra": "25", "numero_lote": "27", "chave": "Residencial Buritis V|25|27", "area_gis_m2": 200.0, "fonte": "MAPA PVA_RESIDENCIAL BURITIS V.dwg"}}, {"type": "Feature", "geometry": {"type": "Polygon", "coordinates": [[[-54.341461302936054, -15.531923803095797], [-54.34155288817615, -15.531940326798345], [-54.34151880137901, -15.532117912249305], [-54.34142721606779, -15.532101388520948], [-54.341461302936054, -15.531923803095797]]]}, "properties": {"bairro": "Residencial Buritis V", "quadra": "25", "numero_lote": "28", "chave": "Residencial Buritis V|25|28", "area_gis_m2": 200.0, "fonte": "MAPA PVA_RESIDENCIAL BURITIS V.dwg"}}, {"type": "Feature", "geometry": {"type": "Polygon", "coordinates": [[[-54.34155288817615, -15.531940326798345], [-54.341644473437, -15.531956850465068], [-54.341610386710975, -15.532134435941838], [-54.34151880137901, -15.532117912249305], [-54.34155288817615, -15.531940326798345]]]}, "properties": {"bairro": "Residencial Buritis V", "quadra": "25", "numero_lote": "29", "chave": "Residencial Buritis V|25|29", "area_gis_m2": 200.0, "fonte": "MAPA PVA_RESIDENCIAL BURITIS V.dwg"}}, {"type": "Feature", "geometry": {"type": "Polygon", "coordinates": [[[-54.34030774127888, -15.532009652048123], [-54.34039932638375, -15.532026176221752], [-54.34036523860043, -15.532203761335627], [-54.34027365342443, -15.532187237136178], [-54.34030774127888, -15.532009652048123]]]}, "properties": {"bairro": "Residencial Buritis V", "quadra": "19", "numero_lote": "15", "chave": "Residencial Buritis V|19|15", "area_gis_m2": 200.0, "fonte": "MAPA PVA_RESIDENCIAL BURITIS V.dwg"}}, {"type": "Feature", "geometry": {"type": "Polygon", "coordinates": [[[-54.340490911509384, -15.532042700359556], [-54.34058249665576, -15.532059224461547], [-54.34054840901467, -15.532236809627092], [-54.340456823797176, -15.53222028549926], [-54.340490911509384, -15.532042700359556]]]}, "properties": {"bairro": "Residencial Buritis V", "quadra": "19", "numero_lote": "13", "chave": "Residencial Buritis V|19|13", "area_gis_m2": 200.0, "fonte": "MAPA PVA_RESIDENCIAL BURITIS V.dwg"}}, {"type": "Feature", "geometry": {"type": "Polygon", "coordinates": [[[-54.34039932638375, -15.532026176221752], [-54.340490911509384, -15.532042700359556], [-54.340456823797176, -15.53222028549926], [-54.34036523860043, -15.532203761335627], [-54.34039932638375, -15.532026176221752]]]}, "properties": {"bairro": "Residencial Buritis V", "quadra": "19", "numero_lote": "14", "chave": "Residencial Buritis V|19|14", "area_gis_m2": 200.0, "fonte": "MAPA PVA_RESIDENCIAL BURITIS V.dwg"}}, {"type": "Feature", "geometry": {"type": "Polygon", "coordinates": [[[-54.34058249665576, -15.532059224461547], [-54.340674081822904, -15.53207574852773], [-54.34063999425292, -15.532253333719092], [-54.34054840901467, -15.532236809627092], [-54.34058249665576, -15.532059224461547]]]}, "properties": {"bairro": "Residencial Buritis V", "quadra": "19", "numero_lote": "12", "chave": "Residencial Buritis V|19|12", "area_gis_m2": 200.0, "fonte": "MAPA PVA_RESIDENCIAL BURITIS V.dwg"}}, {"type": "Feature", "geometry": {"type": "Polygon", "coordinates": [[[-54.340674081822904, -15.53207574852773], [-54.34076566701079, -15.532092272558094], [-54.340731579511925, -15.532269857775283], [-54.34063999425292, -15.532253333719092], [-54.340674081822904, -15.53207574852773]]]}, "properties": {"bairro": "Residencial Buritis V", "quadra": "19", "numero_lote": "11", "chave": "Residencial Buritis V|19|11", "area_gis_m2": 200.0, "fonte": "MAPA PVA_RESIDENCIAL BURITIS V.dwg"}}, {"type": "Feature", "geometry": {"type": "Polygon", "coordinates": [[[-54.34076566701079, -15.532092272558094], [-54.34085725221943, -15.532108796552652], [-54.34082316479167, -15.532286381795673], [-54.340731579511925, -15.532269857775283], [-54.34076566701079, -15.532092272558094]]]}, "properties": {"bairro": "Residencial Buritis V", "quadra": "19", "numero_lote": "10", "chave": "Residencial Buritis V|19|10", "area_gis_m2": 200.0, "fonte": "MAPA PVA_RESIDENCIAL BURITIS V.dwg"}}, {"type": "Feature", "geometry": {"type": "Polygon", "coordinates": [[[-54.34085725221943, -15.532108796552652], [-54.34094883744881, -15.532125320511382], [-54.340914750092175, -15.532302905780234], [-54.34082316479167, -15.532286381795673], [-54.34085725221943, -15.532108796552652]]]}, "properties": {"bairro": "Residencial Buritis V", "quadra": "19", "numero_lote": "9", "chave": "Residencial Buritis V|19|9", "area_gis_m2": 200.0, "fonte": "MAPA PVA_RESIDENCIAL BURITIS V.dwg"}}, {"type": "Feature", "geometry": {"type": "Polygon", "coordinates": [[[-54.34094883744881, -15.532125320511382], [-54.34104042269895, -15.532141844434316], [-54.341006335413425, -15.532319429728977], [-54.340914750092175, -15.532302905780234], [-54.34094883744881, -15.532125320511382]]]}, "properties": {"bairro": "Residencial Buritis V", "quadra": "19", "numero_lote": "8", "chave": "Residencial Buritis V|19|8", "area_gis_m2": 200.0, "fonte": "MAPA PVA_RESIDENCIAL BURITIS V.dwg"}}, {"type": "Feature", "geometry": {"type": "Polygon", "coordinates": [[[-54.34104042269895, -15.532141844434316], [-54.34113200796983, -15.532158368321422], [-54.34109792075543, -15.532335953641908], [-54.341006335413425, -15.532319429728977], [-54.34104042269895, -15.532141844434316]]]}, "properties": {"bairro": "Residencial Buritis V", "quadra": "19", "numero_lote": "7", "chave": "Residencial Buritis V|19|7", "area_gis_m2": 200.0, "fonte": "MAPA PVA_RESIDENCIAL BURITIS V.dwg"}}, {"type": "Feature", "geometry": {"type": "Polygon", "coordinates": [[[-54.34113200796983, -15.532158368321422], [-54.34122359326148, -15.532174892172721], [-54.341189506118184, -15.53235247751902], [-54.34109792075543, -15.532335953641908], [-54.34113200796983, -15.532158368321422]]]}, "properties": {"bairro": "Residencial Buritis V", "quadra": "19", "numero_lote": "6", "chave": "Residencial Buritis V|19|6", "area_gis_m2": 200.0, "fonte": "MAPA PVA_RESIDENCIAL BURITIS V.dwg"}}, {"type": "Feature", "geometry": {"type": "Polygon", "coordinates": [[[-54.34122359326148, -15.532174892172721], [-54.34131517857386, -15.532191415988194], [-54.34128109150169, -15.532369001360328], [-54.341189506118184, -15.53235247751902], [-54.34122359326148, -15.532174892172721]]]}, "properties": {"bairro": "Residencial Buritis V", "quadra": "19", "numero_lote": "5", "chave": "Residencial Buritis V|19|5", "area_gis_m2": 200.0, "fonte": "MAPA PVA_RESIDENCIAL BURITIS V.dwg"}}, {"type": "Feature", "geometry": {"type": "Polygon", "coordinates": [[[-54.34131517857386, -15.532191415988194], [-54.341406763907, -15.532207939767861], [-54.34137267690595, -15.53238552516582], [-54.34128109150169, -15.532369001360328], [-54.34131517857386, -15.532191415988194]]]}, "properties": {"bairro": "Residencial Buritis V", "quadra": "19", "numero_lote": "4", "chave": "Residencial Buritis V|19|4", "area_gis_m2": 200.0, "fonte": "MAPA PVA_RESIDENCIAL BURITIS V.dwg"}}, {"type": "Feature", "geometry": {"type": "Polygon", "coordinates": [[[-54.341406763907, -15.532207939767861], [-54.34149834926089, -15.532224463511724], [-54.34146426233095, -15.532402048935504], [-54.34137267690595, -15.53238552516582], [-54.341406763907, -15.532207939767861]]]}, "properties": {"bairro": "Residencial Buritis V", "quadra": "19", "numero_lote": "3", "chave": "Residencial Buritis V|19|3", "area_gis_m2": 200.0, "fonte": "MAPA PVA_RESIDENCIAL BURITIS V.dwg"}}, {"type": "Feature", "geometry": {"type": "Polygon", "coordinates": [[[-54.34149834926089, -15.532224463511724], [-54.34158993463552, -15.53224098721975], [-54.341555847776704, -15.532418572669354], [-54.34146426233095, -15.532402048935504], [-54.34149834926089, -15.532224463511724]]]}, "properties": {"bairro": "Residencial Buritis V", "quadra": "19", "numero_lote": "2", "chave": "Residencial Buritis V|19|2", "area_gis_m2": 200.0, "fonte": "MAPA PVA_RESIDENCIAL BURITIS V.dwg"}}, {"type": "Feature", "geometry": {"type": "Polygon", "coordinates": [[[-54.34027365342443, -15.532187237136178], [-54.34036523860043, -15.532203761335627], [-54.34033115073409, -15.532381346432528], [-54.34023956548698, -15.53236482220725], [-54.34027365342443, -15.532187237136178]]]}, "properties": {"bairro": "Residencial Buritis V", "quadra": "19", "numero_lote": "16", "chave": "Residencial Buritis V|19|16", "area_gis_m2": 200.0, "fonte": "MAPA PVA_RESIDENCIAL BURITIS V.dwg"}}, {"type": "Feature", "geometry": {"type": "Polygon", "coordinates": [[[-54.34036523860043, -15.532203761335627], [-54.340456823797176, -15.53222028549926], [-54.34042273600195, -15.532397870621987], [-54.34033115073409, -15.532381346432528], [-54.34036523860043, -15.532203761335627]]]}, "properties": {"bairro": "Residencial Buritis V", "quadra": "19", "numero_lote": "17", "chave": "Residencial Buritis V|19|17", "area_gis_m2": 200.0, "fonte": "MAPA PVA_RESIDENCIAL BURITIS V.dwg"}}, {"type": "Feature", "geometry": {"type": "Polygon", "coordinates": [[[-54.340456823797176, -15.53222028549926], [-54.34054840901467, -15.532236809627092], [-54.34051432129056, -15.532414394775648], [-54.34042273600195, -15.532397870621987], [-54.340456823797176, -15.53222028549926]]]}, "properties": {"bairro": "Residencial Buritis V", "quadra": "19", "numero_lote": "18", "chave": "Residencial Buritis V|19|18", "area_gis_m2": 200.0, "fonte": "MAPA PVA_RESIDENCIAL BURITIS V.dwg"}}, {"type": "Feature", "geometry": {"type": "Polygon", "coordinates": [[[-54.34054840901467, -15.532236809627092], [-54.34063999425292, -15.532253333719092], [-54.340605906599926, -15.532430918893475], [-54.34051432129056, -15.532414394775648], [-54.34054840901467, -15.532236809627092]]]}, "properties": {"bairro": "Residencial Buritis V", "quadra": "19", "numero_lote": "19", "chave": "Residencial Buritis V|19|19", "area_gis_m2": 200.0, "fonte": "MAPA PVA_RESIDENCIAL BURITIS V.dwg"}}, {"type": "Feature", "geometry": {"type": "Polygon", "coordinates": [[[-54.34063999425292, -15.532253333719092], [-54.340731579511925, -15.532269857775283], [-54.340697491930044, -15.532447442975517], [-54.340605906599926, -15.532430918893475], [-54.34063999425292, -15.532253333719092]]]}, "properties": {"bairro": "Residencial Buritis V", "quadra": "19", "numero_lote": "20", "chave": "Residencial Buritis V|19|20", "area_gis_m2": 200.0, "fonte": "MAPA PVA_RESIDENCIAL BURITIS V.dwg"}}, {"type": "Feature", "geometry": {"type": "Polygon", "coordinates": [[[-54.340731579511925, -15.532269857775283], [-54.34082316479167, -15.532286381795673], [-54.34078907728092, -15.532463967021702], [-54.340697491930044, -15.532447442975517], [-54.340731579511925, -15.532269857775283]]]}, "properties": {"bairro": "Residencial Buritis V", "quadra": "19", "numero_lote": "21", "chave": "Residencial Buritis V|19|21", "area_gis_m2": 200.0, "fonte": "MAPA PVA_RESIDENCIAL BURITIS V.dwg"}}, {"type": "Feature", "geometry": {"type": "Polygon", "coordinates": [[[-54.34082316479167, -15.532286381795673], [-54.340914750092175, -15.532302905780234], [-54.34088066265254, -15.53248049103209], [-54.34078907728092, -15.532463967021702], [-54.34082316479167, -15.532286381795673]]]}, "properties": {"bairro": "Residencial Buritis V", "quadra": "19", "numero_lote": "22", "chave": "Residencial Buritis V|19|22", "area_gis_m2": 200.0, "fonte": "MAPA PVA_RESIDENCIAL BURITIS V.dwg"}}, {"type": "Feature", "geometry": {"type": "Polygon", "coordinates": [[[-54.340914750092175, -15.532302905780234], [-54.341006335413425, -15.532319429728977], [-54.340972248044906, -15.532497015006673], [-54.34088066265254, -15.53248049103209], [-54.340914750092175, -15.532302905780234]]]}, "properties": {"bairro": "Residencial Buritis V", "quadra": "19", "numero_lote": "23", "chave": "Residencial Buritis V|19|23", "area_gis_m2": 200.0, "fonte": "MAPA PVA_RESIDENCIAL BURITIS V.dwg"}}, {"type": "Feature", "geometry": {"type": "Polygon", "coordinates": [[[-54.341006335413425, -15.532319429728977], [-54.34109792075543, -15.532335953641908], [-54.34106383345803, -15.532513538945434], [-54.340972248044906, -15.532497015006673], [-54.341006335413425, -15.532319429728977]]]}, "properties": {"bairro": "Residencial Buritis V", "quadra": "19", "numero_lote": "24", "chave": "Residencial Buritis V|19|24", "area_gis_m2": 200.0, "fonte": "MAPA PVA_RESIDENCIAL BURITIS V.dwg"}}, {"type": "Feature", "geometry": {"type": "Polygon", "coordinates": [[[-54.34109792075543, -15.532335953641908], [-54.341189506118184, -15.53235247751902], [-54.3411554188919, -15.532530062848373], [-54.34106383345803, -15.532513538945434], [-54.34109792075543, -15.532335953641908]]]}, "properties": {"bairro": "Residencial Buritis V", "quadra": "19", "numero_lote": "25", "chave": "Residencial Buritis V|19|25", "area_gis_m2": 200.0, "fonte": "MAPA PVA_RESIDENCIAL BURITIS V.dwg"}}, {"type": "Feature", "geometry": {"type": "Polygon", "coordinates": [[[-54.341189506118184, -15.53235247751902], [-54.34128109150169, -15.532369001360328], [-54.34124700434652, -15.5325465867155], [-54.3411554188919, -15.532530062848373], [-54.341189506118184, -15.53235247751902]]]}, "properties": {"bairro": "Residencial Buritis V", "quadra": "19", "numero_lote": "26", "chave": "Residencial Buritis V|19|26", "area_gis_m2": 200.0, "fonte": "MAPA PVA_RESIDENCIAL BURITIS V.dwg"}}, {"type": "Feature", "geometry": {"type": "Polygon", "coordinates": [[[-54.34128109150169, -15.532369001360328], [-54.34137267690595, -15.53238552516582], [-54.34133858982189, -15.532563110546805], [-54.34124700434652, -15.5325465867155], [-54.34128109150169, -15.532369001360328]]]}, "properties": {"bairro": "Residencial Buritis V", "quadra": "19", "numero_lote": "27", "chave": "Residencial Buritis V|19|27", "area_gis_m2": 200.0, "fonte": "MAPA PVA_RESIDENCIAL BURITIS V.dwg"}}, {"type": "Feature", "geometry": {"type": "Polygon", "coordinates": [[[-54.34137267690595, -15.53238552516582], [-54.34146426233095, -15.532402048935504], [-54.34143017531802, -15.532579634342298], [-54.34133858982189, -15.532563110546805], [-54.34137267690595, -15.53238552516582]]]}, "properties": {"bairro": "Residencial Buritis V", "quadra": "19", "numero_lote": "28", "chave": "Residencial Buritis V|19|28", "area_gis_m2": 200.0, "fonte": "MAPA PVA_RESIDENCIAL BURITIS V.dwg"}}, {"type": "Feature", "geometry": {"type": "Polygon", "coordinates": [[[-54.34146426233095, -15.532402048935504], [-54.341555847776704, -15.532418572669354], [-54.34152176083489, -15.532596158101972], [-54.34143017531802, -15.532579634342298], [-54.34146426233095, -15.532402048935504]]]}, "properties": {"bairro": "Residencial Buritis V", "quadra": "19", "numero_lote": "29", "chave": "Residencial Buritis V|19|29", "area_gis_m2": 200.0, "fonte": "MAPA PVA_RESIDENCIAL BURITIS V.dwg"}}, {"type": "Feature", "geometry": {"type": "Polygon", "coordinates": [[[-54.340219112684665, -15.532471373241737], [-54.34031069797444, -15.532487897482527], [-54.340274053372006, -15.532678801431803], [-54.34018246800578, -15.53266227716325], [-54.340219112684665, -15.532471373241737]]]}, "properties": {"bairro": "Residencial Buritis V", "quadra": "18", "numero_lote": "15", "chave": "Residencial Buritis V|18|15", "area_gis_m2": 215.0, "fonte": "MAPA PVA_RESIDENCIAL BURITIS V.dwg"}}, {"type": "Feature", "geometry": {"type": "Polygon", "coordinates": [[[-54.34031069797444, -15.532487897482527], [-54.34040228328497, -15.532504421687484], [-54.34036563875899, -15.532695325664525], [-54.340274053372006, -15.532678801431803], [-54.34031069797444, -15.532487897482527]]]}, "properties": {"bairro": "Residencial Buritis V", "quadra": "18", "numero_lote": "14", "chave": "Residencial Buritis V|18|14", "area_gis_m2": 215.0, "fonte": "MAPA PVA_RESIDENCIAL BURITIS V.dwg"}}, {"type": "Feature", "geometry": {"type": "Polygon", "coordinates": [[[-54.34040228328497, -15.532504421687484], [-54.34049386861625, -15.532520945856627], [-54.34045722416672, -15.532711849861448], [-54.34036563875899, -15.532695325664525], [-54.34040228328497, -15.532504421687484]]]}, "properties": {"bairro": "Residencial Buritis V", "quadra": "18", "numero_lote": "13", "chave": "Residencial Buritis V|18|13", "area_gis_m2": 215.0, "fonte": "MAPA PVA_RESIDENCIAL BURITIS V.dwg"}}, {"type": "Feature", "geometry": {"type": "Polygon", "coordinates": [[[-54.34049386861625, -15.532520945856627], [-54.34058545396829, -15.532537469989956], [-54.34054880959521, -15.532728374022527], [-54.34045722416672, -15.532711849861448], [-54.34049386861625, -15.532520945856627]]]}, "properties": {"bairro": "Residencial Buritis V", "quadra": "18", "numero_lote": "12", "chave": "Residencial Buritis V|18|12", "area_gis_m2": 215.0, "fonte": "MAPA PVA_RESIDENCIAL BURITIS V.dwg"}}, {"type": "Feature", "geometry": {"type": "Polygon", "coordinates": [[[-54.34058545396829, -15.532537469989956], [-54.34067703934108, -15.532553994087484], [-54.34064039504444, -15.532744898147806], [-54.34054880959521, -15.532728374022527], [-54.34058545396829, -15.532537469989956]]]}, "properties": {"bairro": "Residencial Buritis V", "quadra": "18", "numero_lote": "11", "chave": "Residencial Buritis V|18|11", "area_gis_m2": 215.0, "fonte": "MAPA PVA_RESIDENCIAL BURITIS V.dwg"}}, {"type": "Feature", "geometry": {"type": "Polygon", "coordinates": [[[-54.34067703934108, -15.532553994087484], [-54.340768624734615, -15.532570518149193], [-54.34073198051444, -15.532761422237265], [-54.34064039504444, -15.532744898147806], [-54.34067703934108, -15.532553994087484]]]}, "properties": {"bairro": "Residencial Buritis V", "quadra": "18", "numero_lote": "10", "chave": "Residencial Buritis V|18|10", "area_gis_m2": 215.0, "fonte": "MAPA PVA_RESIDENCIAL BURITIS V.dwg"}}, {"type": "Feature", "geometry": {"type": "Polygon", "coordinates": [[[-54.340768624734615, -15.532570518149193], [-54.340860210148904, -15.532587042175066], [-54.34082356600518, -15.532777946290908], [-54.34073198051444, -15.532761422237265], [-54.340768624734615, -15.532570518149193]]]}, "properties": {"bairro": "Residencial Buritis V", "quadra": "18", "numero_lote": "9", "chave": "Residencial Buritis V|18|9", "area_gis_m2": 215.0, "fonte": "MAPA PVA_RESIDENCIAL BURITIS V.dwg"}}, {"type": "Feature", "geometry": {"type": "Polygon", "coordinates": [[[-54.340860210148904, -15.532587042175066], [-54.34095179558395, -15.532603566165136], [-54.340915151516676, -15.532794470308751], [-54.34082356600518, -15.532777946290908], [-54.340860210148904, -15.532587042175066]]]}, "properties": {"bairro": "Residencial Buritis V", "quadra": "18", "numero_lote": "8", "chave": "Residencial Buritis V|18|8", "area_gis_m2": 215.0, "fonte": "MAPA PVA_RESIDENCIAL BURITIS V.dwg"}}, {"type": "Feature", "geometry": {"type": "Polygon", "coordinates": [[[-54.34095179558395, -15.532603566165136], [-54.34104338103974, -15.532620090119384], [-54.341006737048914, -15.532810994290754], [-54.340915151516676, -15.532794470308751], [-54.34095179558395, -15.532603566165136]]]}, "properties": {"bairro": "Residencial Buritis V", "quadra": "18", "numero_lote": "7", "chave": "Residencial Buritis V|18|7", "area_gis_m2": 215.0, "fonte": "MAPA PVA_RESIDENCIAL BURITIS V.dwg"}}, {"type": "Feature", "geometry": {"type": "Polygon", "coordinates": [[[-54.34104338103974, -15.532620090119384], [-54.34113496651628, -15.532636614037818], [-54.341098322601916, -15.53282751823695], [-54.341006737048914, -15.532810994290754], [-54.34104338103974, -15.532620090119384]]]}, "properties": {"bairro": "Residencial Buritis V", "quadra": "18", "numero_lote": "6", "chave": "Residencial Buritis V|18|6", "area_gis_m2": 215.0, "fonte": "MAPA PVA_RESIDENCIAL BURITIS V.dwg"}}, {"type": "Feature", "geometry": {"type": "Polygon", "coordinates": [[[-54.34113496651628, -15.532636614037818], [-54.34122655201357, -15.532653137920448], [-54.34118990817566, -15.532844042147339], [-54.341098322601916, -15.53282751823695], [-54.34113496651628, -15.532636614037818]]]}, "properties": {"bairro": "Residencial Buritis V", "quadra": "18", "numero_lote": "5", "chave": "Residencial Buritis V|18|5", "area_gis_m2": 215.0, "fonte": "MAPA PVA_RESIDENCIAL BURITIS V.dwg"}}, {"type": "Feature", "geometry": {"type": "Polygon", "coordinates": [[[-54.34122655201357, -15.532653137920448], [-54.341318137531616, -15.532669661767248], [-54.34128149377016, -15.532860566021904], [-54.34118990817566, -15.532844042147339], [-54.34122655201357, -15.532653137920448]]]}, "properties": {"bairro": "Residencial Buritis V", "quadra": "18", "numero_lote": "4", "chave": "Residencial Buritis V|18|4", "area_gis_m2": 215.0, "fonte": "MAPA PVA_RESIDENCIAL BURITIS V.dwg"}}, {"type": "Feature", "geometry": {"type": "Polygon", "coordinates": [[[-54.341318137531616, -15.532669661767248], [-54.34140972307041, -15.53268618557823], [-54.341373079385406, -15.532877089860666], [-54.34128149377016, -15.532860566021904], [-54.341318137531616, -15.532669661767248]]]}, "properties": {"bairro": "Residencial Buritis V", "quadra": "18", "numero_lote": "3", "chave": "Residencial Buritis V|18|3", "area_gis_m2": 215.0, "fonte": "MAPA PVA_RESIDENCIAL BURITIS V.dwg"}}, {"type": "Feature", "geometry": {"type": "Polygon", "coordinates": [[[-54.34140972307041, -15.53268618557823], [-54.34150130862996, -15.53270270935342], [-54.3414646650214, -15.532893613663598], [-54.341373079385406, -15.532877089860666], [-54.34140972307041, -15.53268618557823]]]}, "properties": {"bairro": "Residencial Buritis V", "quadra": "18", "numero_lote": "2", "chave": "Residencial Buritis V|18|2", "area_gis_m2": 215.0, "fonte": "MAPA PVA_RESIDENCIAL BURITIS V.dwg"}}, {"type": "Feature", "geometry": {"type": "Polygon", "coordinates": [[[-54.34018246800578, -15.53266227716325], [-54.340274053372006, -15.532678801431803], [-54.340237408673644, -15.53286970536143], [-54.34014582323096, -15.53285318106512], [-54.34018246800578, -15.53266227716325]]]}, "properties": {"bairro": "Residencial Buritis V", "quadra": "18", "numero_lote": "16", "chave": "Residencial Buritis V|18|16", "area_gis_m2": 215.0, "fonte": "MAPA PVA_RESIDENCIAL BURITIS V.dwg"}}, {"type": "Feature", "geometry": {"type": "Polygon", "coordinates": [[[-54.340274053372006, -15.532678801431803], [-54.34036563875899, -15.532695325664525], [-54.340328994137074, -15.532886229621914], [-54.340237408673644, -15.53286970536143], [-54.340274053372006, -15.532678801431803]]]}, "properties": {"bairro": "Residencial Buritis V", "quadra": "18", "numero_lote": "17", "chave": "Residencial Buritis V|18|17", "area_gis_m2": 215.0, "fonte": "MAPA PVA_RESIDENCIAL BURITIS V.dwg"}}, {"type": "Feature", "geometry": {"type": "Polygon", "coordinates": [[[-54.34036563875899, -15.532695325664525], [-54.34045722416672, -15.532711849861448], [-54.34042057962125, -15.532902753846605], [-54.340328994137074, -15.532886229621914], [-54.34036563875899, -15.532695325664525]]]}, "properties": {"bairro": "Residencial Buritis V", "quadra": "18", "numero_lote": "18", "chave": "Residencial Buritis V|18|18", "area_gis_m2": 215.0, "fonte": "MAPA PVA_RESIDENCIAL BURITIS V.dwg"}}, {"type": "Feature", "geometry": {"type": "Polygon", "coordinates": [[[-54.34045722416672, -15.532711849861448], [-54.34054880959521, -15.532728374022527], [-54.3405121651262, -15.53291927803546], [-54.34042057962125, -15.532902753846605], [-54.34045722416672, -15.532711849861448]]]}, "properties": {"bairro": "Residencial Buritis V", "quadra": "18", "numero_lote": "19", "chave": "Residencial Buritis V|18|19", "area_gis_m2": 215.0, "fonte": "MAPA PVA_RESIDENCIAL BURITIS V.dwg"}}, {"type": "Feature", "geometry": {"type": "Polygon", "coordinates": [[[-54.34054880959521, -15.532728374022527], [-54.34064039504444, -15.532744898147806], [-54.340603750651894, -15.53293580218851], [-54.3405121651262, -15.53291927803546], [-54.34054880959521, -15.532728374022527]]]}, "properties": {"bairro": "Residencial Buritis V", "quadra": "18", "numero_lote": "20", "chave": "Residencial Buritis V|18|20", "area_gis_m2": 215.0, "fonte": "MAPA PVA_RESIDENCIAL BURITIS V.dwg"}}, {"type": "Feature", "geometry": {"type": "Polygon", "coordinates": [[[-54.34064039504444, -15.532744898147806], [-54.34073198051444, -15.532761422237265], [-54.34069533619833, -15.532952326305722], [-54.340603750651894, -15.53293580218851], [-54.34064039504444, -15.532744898147806]]]}, "properties": {"bairro": "Residencial Buritis V", "quadra": "18", "numero_lote": "21", "chave": "Residencial Buritis V|18|21", "area_gis_m2": 215.0, "fonte": "MAPA PVA_RESIDENCIAL BURITIS V.dwg"}}, {"type": "Feature", "geometry": {"type": "Polygon", "coordinates": [[[-54.34073198051444, -15.532761422237265], [-54.34082356600518, -15.532777946290908], [-54.34078692176553, -15.532968850387148], [-54.34069533619833, -15.532952326305722], [-54.34073198051444, -15.532761422237265]]]}, "properties": {"bairro": "Residencial Buritis V", "quadra": "18", "numero_lote": "22", "chave": "Residencial Buritis V|18|22", "area_gis_m2": 215.0, "fonte": "MAPA PVA_RESIDENCIAL BURITIS V.dwg"}}, {"type": "Feature", "geometry": {"type": "Polygon", "coordinates": [[[-54.34082356600518, -15.532777946290908], [-54.340915151516676, -15.532794470308751], [-54.34087850735348, -15.532985374432737], [-54.34078692176553, -15.532968850387148], [-54.34082356600518, -15.532777946290908]]]}, "properties": {"bairro": "Residencial Buritis V", "quadra": "18", "numero_lote": "23", "chave": "Residencial Buritis V|18|23", "area_gis_m2": 215.0, "fonte": "MAPA PVA_RESIDENCIAL BURITIS V.dwg"}}, {"type": "Feature", "geometry": {"type": "Polygon", "coordinates": [[[-54.340915151516676, -15.532794470308751], [-54.341006737048914, -15.532810994290754], [-54.34097009296217, -15.533001898442514], [-54.34087850735348, -15.532985374432737], [-54.340915151516676, -15.532794470308751]]]}, "properties": {"bairro": "Residencial Buritis V", "quadra": "18", "numero_lote": "24", "chave": "Residencial Buritis V|18|24", "area_gis_m2": 215.0, "fonte": "MAPA PVA_RESIDENCIAL BURITIS V.dwg"}}, {"type": "Feature", "geometry": {"type": "Polygon", "coordinates": [[[-54.341006737048914, -15.532810994290754], [-54.341098322601916, -15.53282751823695], [-54.34106167859162, -15.533018422416468], [-54.34097009296217, -15.533001898442514], [-54.341006737048914, -15.532810994290754]]]}, "properties": {"bairro": "Residencial Buritis V", "quadra": "18", "numero_lote": "25", "chave": "Residencial Buritis V|18|25", "area_gis_m2": 215.0, "fonte": "MAPA PVA_RESIDENCIAL BURITIS V.dwg"}}, {"type": "Feature", "geometry": {"type": "Polygon", "coordinates": [[[-54.341098322601916, -15.53282751823695], [-54.34118990817566, -15.532844042147339], [-54.341153264241825, -15.533034946354626], [-54.34106167859162, -15.533018422416468], [-54.341098322601916, -15.53282751823695]]]}, "properties": {"bairro": "Residencial Buritis V", "quadra": "18", "numero_lote": "26", "chave": "Residencial Buritis V|18|26", "area_gis_m2": 215.0, "fonte": "MAPA PVA_RESIDENCIAL BURITIS V.dwg"}}, {"type": "Feature", "geometry": {"type": "Polygon", "coordinates": [[[-54.34118990817566, -15.532844042147339], [-54.34128149377016, -15.532860566021904], [-54.341244849912776, -15.533051470256947], [-54.341153264241825, -15.533034946354626], [-54.34118990817566, -15.532844042147339]]]}, "properties": {"bairro": "Residencial Buritis V", "quadra": "18", "numero_lote": "27", "chave": "Residencial Buritis V|18|27", "area_gis_m2": 215.0, "fonte": "MAPA PVA_RESIDENCIAL BURITIS V.dwg"}}, {"type": "Feature", "geometry": {"type": "Polygon", "coordinates": [[[-54.34009469082671, -15.533119558569833], [-54.340186276376066, -15.533136082904878], [-54.34015133586531, -15.533318107537553], [-54.34005975024305, -15.533301583176033], [-54.34009469082671, -15.533119558569833]]]}, "properties": {"bairro": "Residencial Buritis V", "quadra": "9", "numero_lote": "15", "chave": "Residencial Buritis V|9|15", "area_gis_m2": 205.0, "fonte": "MAPA PVA_RESIDENCIAL BURITIS V.dwg"}}, {"type": "Feature", "geometry": {"type": "Polygon", "coordinates": [[[-54.340186276376066, -15.533136082904878], [-54.340277861946184, -15.533152607204105], [-54.34024292150832, -15.533334631863251], [-54.34015133586531, -15.533318107537553], [-54.340186276376066, -15.533136082904878]]]}, "properties": {"bairro": "Residencial Buritis V", "quadra": "9", "numero_lote": "14", "chave": "Residencial Buritis V|9|14", "area_gis_m2": 205.0, "fonte": "MAPA PVA_RESIDENCIAL BURITIS V.dwg"}}, {"type": "Feature", "geometry": {"type": "Polygon", "coordinates": [[[-54.340277861946184, -15.533152607204105], [-54.34036944753704, -15.533169131467508], [-54.34033450717208, -15.533351156153152], [-54.34024292150832, -15.533334631863251], [-54.340277861946184, -15.533152607204105]]]}, "properties": {"bairro": "Residencial Buritis V", "quadra": "9", "numero_lote": "13", "chave": "Residencial Buritis V|9|13", "area_gis_m2": 205.0, "fonte": "MAPA PVA_RESIDENCIAL BURITIS V.dwg"}}, {"type": "Feature", "geometry": {"type": "Polygon", "coordinates": [[[-54.34036944753704, -15.533169131467508], [-54.340461033148664, -15.533185655695108], [-54.340426092856596, -15.533367680407236], [-54.34033450717208, -15.533351156153152], [-54.34036944753704, -15.533169131467508]]]}, "properties": {"bairro": "Residencial Buritis V", "quadra": "9", "numero_lote": "12", "chave": "Residencial Buritis V|9|12", "area_gis_m2": 205.0, "fonte": "MAPA PVA_RESIDENCIAL BURITIS V.dwg"}}, {"type": "Feature", "geometry": {"type": "Polygon", "coordinates": [[[-54.340461033148664, -15.533185655695108], [-54.34055261878103, -15.533202179886903], [-54.340517678561866, -15.533384204625493], [-54.340426092856596, -15.533367680407236], [-54.340461033148664, -15.533185655695108]]]}, "properties": {"bairro": "Residencial Buritis V", "quadra": "9", "numero_lote": "11", "chave": "Residencial Buritis V|9|11", "area_gis_m2": 205.0, "fonte": "MAPA PVA_RESIDENCIAL BURITIS V.dwg"}}, {"type": "Feature", "geometry": {"type": "Polygon", "coordinates": [[[-54.34055261878103, -15.533202179886903], [-54.340644204434156, -15.533218704042866], [-54.340609264287885, -15.53340072880793], [-54.340517678561866, -15.533384204625493], [-54.34055261878103, -15.533202179886903]]]}, "properties": {"bairro": "Residencial Buritis V", "quadra": "9", "numero_lote": "10", "chave": "Residencial Buritis V|9|10", "area_gis_m2": 205.0, "fonte": "MAPA PVA_RESIDENCIAL BURITIS V.dwg"}}, {"type": "Feature", "geometry": {"type": "Polygon", "coordinates": [[[-54.340644204434156, -15.533218704042866], [-54.340735790108035, -15.53323522816301], [-54.34070085003466, -15.533417252954566], [-54.340609264287885, -15.53340072880793], [-54.340644204434156, -15.533218704042866]]]}, "properties": {"bairro": "Residencial Buritis V", "quadra": "9", "numero_lote": "9", "chave": "Residencial Buritis V|9|9", "area_gis_m2": 205.0, "fonte": "MAPA PVA_RESIDENCIAL BURITIS V.dwg"}}, {"type": "Feature", "geometry": {"type": "Polygon", "coordinates": [[[-54.340735790108035, -15.53323522816301], [-54.34082737580266, -15.533251752247354], [-54.34079243580219, -15.533433777065364], [-54.34070085003466, -15.533417252954566], [-54.340735790108035, -15.53323522816301]]]}, "properties": {"bairro": "Residencial Buritis V", "quadra": "9", "numero_lote": "8", "chave": "Residencial Buritis V|9|8", "area_gis_m2": 205.0, "fonte": "MAPA PVA_RESIDENCIAL BURITIS V.dwg"}}, {"type": "Feature", "geometry": {"type": "Polygon", "coordinates": [[[-54.34082737580266, -15.533251752247354], [-54.34091896151804, -15.533268276295885], [-54.34088402159047, -15.533450301140345], [-54.34079243580219, -15.533433777065364], [-54.34082737580266, -15.533251752247354]]]}, "properties": {"bairro": "Residencial Buritis V", "quadra": "9", "numero_lote": "7", "chave": "Residencial Buritis V|9|7", "area_gis_m2": 205.0, "fonte": "MAPA PVA_RESIDENCIAL BURITIS V.dwg"}}, {"type": "Feature", "geometry": {"type": "Polygon", "coordinates": [[[-54.34091896151804, -15.533268276295885], [-54.34101054725417, -15.533284800308554], [-54.3409756073995, -15.533466825179499], [-54.34088402159047, -15.533450301140345], [-54.34091896151804, -15.533268276295885]]]}, "properties": {"bairro": "Residencial Buritis V", "quadra": "9", "numero_lote": "6", "chave": "Residencial Buritis V|9|6", "area_gis_m2": 205.0, "fonte": "MAPA PVA_RESIDENCIAL BURITIS V.dwg"}}, {"type": "Feature", "geometry": {"type": "Polygon", "coordinates": [[[-54.34101054725417, -15.533284800308554], [-54.341102133011056, -15.533301324285446], [-54.34106719322928, -15.533483349182868], [-54.3409756073995, -15.533466825179499], [-54.34101054725417, -15.533284800308554]]]}, "properties": {"bairro": "Residencial Buritis V", "quadra": "9", "numero_lote": "5", "chave": "Residencial Buritis V|9|5", "area_gis_m2": 205.0, "fonte": "MAPA PVA_RESIDENCIAL BURITIS V.dwg"}}, {"type": "Feature", "geometry": {"type": "Polygon", "coordinates": [[[-54.341102133011056, -15.533301324285446], [-54.34119371878869, -15.533317848226508], [-54.34115877907982, -15.533499873150397], [-54.34106719322928, -15.533483349182868], [-54.341102133011056, -15.533301324285446]]]}, "properties": {"bairro": "Residencial Buritis V", "quadra": "9", "numero_lote": "4", "chave": "Residencial Buritis V|9|4", "area_gis_m2": 205.0, "fonte": "MAPA PVA_RESIDENCIAL BURITIS V.dwg"}}, {"type": "Feature", "geometry": {"type": "Polygon", "coordinates": [[[-54.3412503649511, -15.533516397082106], [-54.341341950843145, -15.53353292097801], [-54.34130701119287, -15.533714945936994], [-54.34121542522793, -15.533698422014625], [-54.3412503649511, -15.533516397082106]]]}, "properties": {"bairro": "Residencial Buritis V", "quadra": "9", "numero_lote": "29", "chave": "Residencial Buritis V|9|29", "area_gis_m2": 205.0, "fonte": "MAPA PVA_RESIDENCIAL BURITIS V.dwg"}}, {"type": "Feature", "geometry": {"type": "Polygon", "coordinates": [[[-54.34115877907982, -15.533499873150397], [-54.3412503649511, -15.533516397082106], [-54.34121542522793, -15.533698422014625], [-54.34112383928374, -15.533681898056447], [-54.34115877907982, -15.533499873150397]]]}, "properties": {"bairro": "Residencial Buritis V", "quadra": "9", "numero_lote": "28", "chave": "Residencial Buritis V|9|28", "area_gis_m2": 205.0, "fonte": "MAPA PVA_RESIDENCIAL BURITIS V.dwg"}}, {"type": "Feature", "geometry": {"type": "Polygon", "coordinates": [[[-54.34106719322928, -15.533483349182868], [-54.34115877907982, -15.533499873150397], [-54.34112383928374, -15.533681898056447], [-54.341032253360304, -15.533665374062439], [-54.34106719322928, -15.533483349182868]]]}, "properties": {"bairro": "Residencial Buritis V", "quadra": "9", "numero_lote": "27", "chave": "Residencial Buritis V|9|27", "area_gis_m2": 205.0, "fonte": "MAPA PVA_RESIDENCIAL BURITIS V.dwg"}}, {"type": "Feature", "geometry": {"type": "Polygon", "coordinates": [[[-54.3409756073995, -15.533466825179499], [-54.34106719322928, -15.533483349182868], [-54.341032253360304, -15.533665374062439], [-54.340940667457616, -15.533648850032625], [-54.3409756073995, -15.533466825179499]]]}, "properties": {"bairro": "Residencial Buritis V", "quadra": "9", "numero_lote": "26", "chave": "Residencial Buritis V|9|26", "area_gis_m2": 205.0, "fonte": "MAPA PVA_RESIDENCIAL BURITIS V.dwg"}}, {"type": "Feature", "geometry": {"type": "Polygon", "coordinates": [[[-54.34088402159047, -15.533450301140345], [-54.3409756073995, -15.533466825179499], [-54.340940667457616, -15.533648850032625], [-54.34084908157568, -15.533632325966991], [-54.34088402159047, -15.533450301140345]]]}, "properties": {"bairro": "Residencial Buritis V", "quadra": "9", "numero_lote": "25", "chave": "Residencial Buritis V|9|25", "area_gis_m2": 205.0, "fonte": "MAPA PVA_RESIDENCIAL BURITIS V.dwg"}}, {"type": "Feature", "geometry": {"type": "Polygon", "coordinates": [[[-54.34079243580219, -15.533433777065364], [-54.34088402159047, -15.533450301140345], [-54.34084908157568, -15.533632325966991], [-54.340757495714506, -15.533615801865519], [-54.34079243580219, -15.533433777065364]]]}, "properties": {"bairro": "Residencial Buritis V", "quadra": "9", "numero_lote": "24", "chave": "Residencial Buritis V|9|24", "area_gis_m2": 205.0, "fonte": "MAPA PVA_RESIDENCIAL BURITIS V.dwg"}}, {"type": "Feature", "geometry": {"type": "Polygon", "coordinates": [[[-54.34070085003466, -15.533417252954566], [-54.34079243580219, -15.533433777065364], [-54.340757495714506, -15.533615801865519], [-54.34066590987407, -15.533599277728246], [-54.34070085003466, -15.533417252954566]]]}, "properties": {"bairro": "Residencial Buritis V", "quadra": "9", "numero_lote": "23", "chave": "Residencial Buritis V|9|23", "area_gis_m2": 205.0, "fonte": "MAPA PVA_RESIDENCIAL BURITIS V.dwg"}}, {"type": "Feature", "geometry": {"type": "Polygon", "coordinates": [[[-54.340609264287885, -15.53340072880793], [-54.34070085003466, -15.533417252954566], [-54.34066590987407, -15.533599277728246], [-54.3405743240544, -15.533582753555155], [-54.340609264287885, -15.53340072880793]]]}, "properties": {"bairro": "Residencial Buritis V", "quadra": "9", "numero_lote": "22", "chave": "Residencial Buritis V|9|22", "area_gis_m2": 205.0, "fonte": "MAPA PVA_RESIDENCIAL BURITIS V.dwg"}}, {"type": "Feature", "geometry": {"type": "Polygon", "coordinates": [[[-54.340517678561866, -15.533384204625493], [-54.340609264287885, -15.53340072880793], [-54.3405743240544, -15.533582753555155], [-54.340482738255474, -15.53356622934625], [-54.340517678561866, -15.533384204625493]]]}, "properties": {"bairro": "Residencial Buritis V", "quadra": "9", "numero_lote": "21", "chave": "Residencial Buritis V|9|21", "area_gis_m2": 205.0, "fonte": "MAPA PVA_RESIDENCIAL BURITIS V.dwg"}}, {"type": "Feature", "geometry": {"type": "Polygon", "coordinates": [[[-54.340426092856596, -15.533367680407236], [-54.340517678561866, -15.533384204625493], [-54.340482738255474, -15.53356622934625], [-54.34039115247731, -15.533549705101503], [-54.340426092856596, -15.533367680407236]]]}, "properties": {"bairro": "Residencial Buritis V", "quadra": "9", "numero_lote": "20", "chave": "Residencial Buritis V|9|20", "area_gis_m2": 205.0, "fonte": "MAPA PVA_RESIDENCIAL BURITIS V.dwg"}}, {"type": "Feature", "geometry": {"type": "Polygon", "coordinates": [[[-54.34033450717208, -15.533351156153152], [-54.340426092856596, -15.533367680407236], [-54.34039115247731, -15.533549705101503], [-54.340299566719885, -15.533533180820966], [-54.34033450717208, -15.533351156153152]]]}, "properties": {"bairro": "Residencial Buritis V", "quadra": "9", "numero_lote": "19", "chave": "Residencial Buritis V|9|19", "area_gis_m2": 205.0, "fonte": "MAPA PVA_RESIDENCIAL BURITIS V.dwg"}}, {"type": "Feature", "geometry": {"type": "Polygon", "coordinates": [[[-54.34024292150832, -15.533334631863251], [-54.34033450717208, -15.533351156153152], [-54.340299566719885, -15.533533180820966], [-54.34020798098323, -15.53351665650459], [-54.34024292150832, -15.533334631863251]]]}, "properties": {"bairro": "Residencial Buritis V", "quadra": "9", "numero_lote": "18", "chave": "Residencial Buritis V|9|18", "area_gis_m2": 205.0, "fonte": "MAPA PVA_RESIDENCIAL BURITIS V.dwg"}}, {"type": "Feature", "geometry": {"type": "Polygon", "coordinates": [[[-54.34015133586531, -15.533318107537553], [-54.34024292150832, -15.533334631863251], [-54.34020798098323, -15.53351665650459], [-54.340116395267316, -15.533500132152412], [-54.34015133586531, -15.533318107537553]]]}, "properties": {"bairro": "Residencial Buritis V", "quadra": "9", "numero_lote": "17", "chave": "Residencial Buritis V|9|17", "area_gis_m2": 205.0, "fonte": "MAPA PVA_RESIDENCIAL BURITIS V.dwg"}}, {"type": "Feature", "geometry": {"type": "Polygon", "coordinates": [[[-54.34005975024305, -15.533301583176033], [-54.34015133586531, -15.533318107537553], [-54.340116395267316, -15.533500132152412], [-54.340024809572164, -15.533483607764419], [-54.34005975024305, -15.533301583176033]]]}, "properties": {"bairro": "Residencial Buritis V", "quadra": "9", "numero_lote": "16", "chave": "Residencial Buritis V|9|16", "area_gis_m2": 205.0, "fonte": "MAPA PVA_RESIDENCIAL BURITIS V.dwg"}}, {"type": "Feature", "geometry": {"type": "Polygon", "coordinates": [[[-54.34116088499792, -15.533982558459009], [-54.341252471076665, -15.53399908242269], [-54.34121838339613, -15.53417666770416], [-54.34112679724626, -15.534160143714654], [-54.34116088499792, -15.533982558459009]]]}, "properties": {"bairro": "Residencial Buritis V", "quadra": "8", "numero_lote": "29", "chave": "Residencial Buritis V|8|29", "area_gis_m2": 200.0, "fonte": "MAPA PVA_RESIDENCIAL BURITIS V.dwg"}}, {"type": "Feature", "geometry": {"type": "Polygon", "coordinates": [[[-54.341069298939935, -15.5339660344595], [-54.34116088499792, -15.533982558459009], [-54.34112679724626, -15.534160143714654], [-54.34103521111714, -15.534143619689315], [-54.341069298939935, -15.5339660344595]]]}, "properties": {"bairro": "Residencial Buritis V", "quadra": "8", "numero_lote": "28", "chave": "Residencial Buritis V|8|28", "area_gis_m2": 200.0, "fonte": "MAPA PVA_RESIDENCIAL BURITIS V.dwg"}}, {"type": "Feature", "geometry": {"type": "Polygon", "coordinates": [[[-54.34097771290269, -15.533949510424192], [-54.341069298939935, -15.5339660344595], [-54.34103521111714, -15.534143619689315], [-54.340943625008784, -15.534127095628167], [-54.34097771290269, -15.533949510424192]]]}, "properties": {"bairro": "Residencial Buritis V", "quadra": "8", "numero_lote": "27", "chave": "Residencial Buritis V|8|27", "area_gis_m2": 200.0, "fonte": "MAPA PVA_RESIDENCIAL BURITIS V.dwg"}}, {"type": "Feature", "geometry": {"type": "Polygon", "coordinates": [[[-54.34088612688621, -15.533932986353024], [-54.34097771290269, -15.533949510424192], [-54.340943625008784, -15.534127095628167], [-54.34085203892117, -15.534110571531205], [-54.34088612688621, -15.533932986353024]]]}, "properties": {"bairro": "Residencial Buritis V", "quadra": "8", "numero_lote": "26", "chave": "Residencial Buritis V|8|26", "area_gis_m2": 200.0, "fonte": "MAPA PVA_RESIDENCIAL BURITIS V.dwg"}}, {"type": "Feature", "geometry": {"type": "Polygon", "coordinates": [[[-54.34079454089048, -15.533916462246063], [-54.34088612688621, -15.533932986353024], [-54.34085203892117, -15.534110571531205], [-54.34076045285432, -15.534094047398426], [-54.34079454089048, -15.533916462246063]]]}, "properties": {"bairro": "Residencial Buritis V", "quadra": "8", "numero_lote": "25", "chave": "Residencial Buritis V|8|25", "area_gis_m2": 200.0, "fonte": "MAPA PVA_RESIDENCIAL BURITIS V.dwg"}}, {"type": "Feature", "geometry": {"type": "Polygon", "coordinates": [[[-54.34070295491549, -15.533899938103282], [-54.34079454089048, -15.533916462246063], [-54.34076045285432, -15.534094047398426], [-54.34066886680821, -15.534077523229806], [-54.34070295491549, -15.533899938103282]]]}, "properties": {"bairro": "Residencial Buritis V", "quadra": "8", "numero_lote": "24", "chave": "Residencial Buritis V|8|24", "area_gis_m2": 200.0, "fonte": "MAPA PVA_RESIDENCIAL BURITIS V.dwg"}}, {"type": "Feature", "geometry": {"type": "Polygon", "coordinates": [[[-54.34061136896127, -15.533883413924684], [-54.34070295491549, -15.533899938103282], [-54.34066886680821, -15.534077523229806], [-54.34057728078285, -15.53406099902537], [-54.34061136896127, -15.533883413924684]]]}, "properties": {"bairro": "Residencial Buritis V", "quadra": "8", "numero_lote": "23", "chave": "Residencial Buritis V|8|23", "area_gis_m2": 200.0, "fonte": "MAPA PVA_RESIDENCIAL BURITIS V.dwg"}}, {"type": "Feature", "geometry": {"type": "Polygon", "coordinates": [[[-54.340519783027794, -15.533866889710268], [-54.34061136896127, -15.533883413924684], [-54.34057728078285, -15.53406099902537], [-54.34048569477826, -15.534044474785127], [-54.340519783027794, -15.533866889710268]]]}, "properties": {"bairro": "Residencial Buritis V", "quadra": "8", "numero_lote": "22", "chave": "Residencial Buritis V|8|22", "area_gis_m2": 200.0, "fonte": "MAPA PVA_RESIDENCIAL BURITIS V.dwg"}}, {"type": "Feature", "geometry": {"type": "Polygon", "coordinates": [[[-54.34042819711508, -15.533850365460038], [-54.340519783027794, -15.533866889710268], [-54.34048569477826, -15.534044474785127], [-54.34039410879441, -15.534027950509062], [-54.34042819711508, -15.533850365460038]]]}, "properties": {"bairro": "Residencial Buritis V", "quadra": "8", "numero_lote": "21", "chave": "Residencial Buritis V|8|21", "area_gis_m2": 200.0, "fonte": "MAPA PVA_RESIDENCIAL BURITIS V.dwg"}}, {"type": "Feature", "geometry": {"type": "Polygon", "coordinates": [[[-54.34033661122311, -15.533833841173982], [-54.34042819711508, -15.533850365460038], [-54.34039410879441, -15.534027950509062], [-54.34030252283132, -15.534011426197162], [-54.34033661122311, -15.533833841173982]]]}, "properties": {"bairro": "Residencial Buritis V", "quadra": "8", "numero_lote": "20", "chave": "Residencial Buritis V|8|20", "area_gis_m2": 200.0, "fonte": "MAPA PVA_RESIDENCIAL BURITIS V.dwg"}}, {"type": "Feature", "geometry": {"type": "Polygon", "coordinates": [[[-54.340245025351905, -15.53381731685211], [-54.34033661122311, -15.533833841173982], [-54.34030252283132, -15.534011426197162], [-54.34021093688899, -15.533994901849463], [-54.340245025351905, -15.53381731685211]]]}, "properties": {"bairro": "Residencial Buritis V", "quadra": "8", "numero_lote": "19", "chave": "Residencial Buritis V|8|19", "area_gis_m2": 200.0, "fonte": "MAPA PVA_RESIDENCIAL BURITIS V.dwg"}}, {"type": "Feature", "geometry": {"type": "Polygon", "coordinates": [[[-54.34015343950144, -15.533800792494404], [-54.340245025351905, -15.53381731685211], [-54.34021093688899, -15.533994901849463], [-54.340119350967406, -15.533978377465955], [-54.34015343950144, -15.533800792494404]]]}, "properties": {"bairro": "Residencial Buritis V", "quadra": "8", "numero_lote": "18", "chave": "Residencial Buritis V|8|18", "area_gis_m2": 200.0, "fonte": "MAPA PVA_RESIDENCIAL BURITIS V.dwg"}}, {"type": "Feature", "geometry": {"type": "Polygon", "coordinates": [[[-54.34006185367174, -15.533784268100886], [-54.34015343950144, -15.533800792494404], [-54.340119350967406, -15.533978377465955], [-54.34002776506658, -15.533961853046614], [-54.34006185367174, -15.533784268100886]]]}, "properties": {"bairro": "Residencial Buritis V", "quadra": "8", "numero_lote": "17", "chave": "Residencial Buritis V|8|17", "area_gis_m2": 200.0, "fonte": "MAPA PVA_RESIDENCIAL BURITIS V.dwg"}}, {"type": "Feature", "geometry": {"type": "Polygon", "coordinates": [[[-54.33997026786279, -15.533767743671563], [-54.34006185367174, -15.533784268100886], [-54.34002776506658, -15.533961853046614], [-54.33993617918651, -15.533945328591448], [-54.33997026786279, -15.533767743671563]]]}, "properties": {"bairro": "Residencial Buritis V", "quadra": "8", "numero_lote": "16", "chave": "Residencial Buritis V|8|16", "area_gis_m2": 200.0, "fonte": "MAPA PVA_RESIDENCIAL BURITIS V.dwg"}}, {"type": "Feature", "geometry": {"type": "Polygon", "coordinates": [[[-54.340004356456056, -15.533590158734691], [-54.340095942193884, -15.533606683138183], [-54.34006185367174, -15.533784268100886], [-54.33997026786279, -15.533767743671563], [-54.340004356456056, -15.533590158734691]]]}, "properties": {"bairro": "Residencial Buritis V", "quadra": "8", "numero_lote": "15", "chave": "Residencial Buritis V|8|15", "area_gis_m2": 200.0, "fonte": "MAPA PVA_RESIDENCIAL BURITIS V.dwg"}}, {"type": "Feature", "geometry": {"type": "Polygon", "coordinates": [[[-54.340095942193884, -15.533606683138183], [-54.340187527952466, -15.53362320750588], [-54.34015343950144, -15.533800792494404], [-54.34006185367174, -15.533784268100886], [-54.340095942193884, -15.533606683138183]]]}, "properties": {"bairro": "Residencial Buritis V", "quadra": "8", "numero_lote": "14", "chave": "Residencial Buritis V|8|14", "area_gis_m2": 200.0, "fonte": "MAPA PVA_RESIDENCIAL BURITIS V.dwg"}}, {"type": "Feature", "geometry": {"type": "Polygon", "coordinates": [[[-54.340187527952466, -15.53362320750588], [-54.340279113731796, -15.533639731837738], [-54.340245025351905, -15.53381731685211], [-54.34015343950144, -15.533800792494404], [-54.340187527952466, -15.53362320750588]]]}, "properties": {"bairro": "Residencial Buritis V", "quadra": "8", "numero_lote": "13", "chave": "Residencial Buritis V|8|13", "area_gis_m2": 200.0, "fonte": "MAPA PVA_RESIDENCIAL BURITIS V.dwg"}}, {"type": "Feature", "geometry": {"type": "Polygon", "coordinates": [[[-54.340279113731796, -15.533639731837738], [-54.34037069953189, -15.533656256133773], [-54.34033661122311, -15.533833841173982], [-54.340245025351905, -15.53381731685211], [-54.340279113731796, -15.533639731837738]]]}, "properties": {"bairro": "Residencial Buritis V", "quadra": "8", "numero_lote": "12", "chave": "Residencial Buritis V|8|12", "area_gis_m2": 200.0, "fonte": "MAPA PVA_RESIDENCIAL BURITIS V.dwg"}}, {"type": "Feature", "geometry": {"type": "Polygon", "coordinates": [[[-54.34037069953189, -15.533656256133773], [-54.34046228535273, -15.53367278039401], [-54.34042819711508, -15.533850365460038], [-54.34033661122311, -15.533833841173982], [-54.34037069953189, -15.533656256133773]]]}, "properties": {"bairro": "Residencial Buritis V", "quadra": "8", "numero_lote": "11", "chave": "Residencial Buritis V|8|11", "area_gis_m2": 200.0, "fonte": "MAPA PVA_RESIDENCIAL BURITIS V.dwg"}}, {"type": "Feature", "geometry": {"type": "Polygon", "coordinates": [[[-54.34046228535273, -15.53367278039401], [-54.340553871194324, -15.533689304618415], [-54.340519783027794, -15.533866889710268], [-54.34042819711508, -15.533850365460038], [-54.34046228535273, -15.53367278039401]]]}, "properties": {"bairro": "Residencial Buritis V", "quadra": "8", "numero_lote": "10", "chave": "Residencial Buritis V|8|10", "area_gis_m2": 200.0, "fonte": "MAPA PVA_RESIDENCIAL BURITIS V.dwg"}}, {"type": "Feature", "geometry": {"type": "Polygon", "coordinates": [[[-54.340553871194324, -15.533689304618415], [-54.34064545705668, -15.533705828807015], [-54.34061136896127, -15.533883413924684], [-54.340519783027794, -15.533866889710268], [-54.340553871194324, -15.533689304618415]]]}, "properties": {"bairro": "Residencial Buritis V", "quadra": "8", "numero_lote": "9", "chave": "Residencial Buritis V|8|9", "area_gis_m2": 200.0, "fonte": "MAPA PVA_RESIDENCIAL BURITIS V.dwg"}}, {"type": "Feature", "geometry": {"type": "Polygon", "coordinates": [[[-54.34064545705668, -15.533705828807015], [-54.34073704293978, -15.533722352959773], [-54.34070295491549, -15.533899938103282], [-54.34061136896127, -15.533883413924684], [-54.34064545705668, -15.533705828807015]]]}, "properties": {"bairro": "Residencial Buritis V", "quadra": "8", "numero_lote": "8", "chave": "Residencial Buritis V|8|8", "area_gis_m2": 200.0, "fonte": "MAPA PVA_RESIDENCIAL BURITIS V.dwg"}}, {"type": "Feature", "geometry": {"type": "Polygon", "coordinates": [[[-54.34073704293978, -15.533722352959773], [-54.34082862884363, -15.533738877076742], [-54.34079454089048, -15.533916462246063], [-54.34070295491549, -15.533899938103282], [-54.34073704293978, -15.533722352959773]]]}, "properties": {"bairro": "Residencial Buritis V", "quadra": "8", "numero_lote": "7", "chave": "Residencial Buritis V|8|7", "area_gis_m2": 200.0, "fonte": "MAPA PVA_RESIDENCIAL BURITIS V.dwg"}}, {"type": "Feature", "geometry": {"type": "Polygon", "coordinates": [[[-54.34082862884363, -15.533738877076742], [-54.340920214768246, -15.533755401157864], [-54.34088612688621, -15.533932986353024], [-54.34079454089048, -15.533916462246063], [-54.34082862884363, -15.533738877076742]]]}, "properties": {"bairro": "Residencial Buritis V", "quadra": "8", "numero_lote": "6", "chave": "Residencial Buritis V|8|6", "area_gis_m2": 200.0, "fonte": "MAPA PVA_RESIDENCIAL BURITIS V.dwg"}}, {"type": "Feature", "geometry": {"type": "Polygon", "coordinates": [[[-54.340920214768246, -15.533755401157864], [-54.3410118007136, -15.53377192520319], [-54.34097771290269, -15.533949510424192], [-54.34088612688621, -15.533932986353024], [-54.340920214768246, -15.533755401157864]]]}, "properties": {"bairro": "Residencial Buritis V", "quadra": "8", "numero_lote": "5", "chave": "Residencial Buritis V|8|5", "area_gis_m2": 200.0, "fonte": "MAPA PVA_RESIDENCIAL BURITIS V.dwg"}}, {"type": "Feature", "geometry": {"type": "Polygon", "coordinates": [[[-54.3410118007136, -15.53377192520319], [-54.34110338667971, -15.533788449212684], [-54.341069298939935, -15.5339660344595], [-54.34097771290269, -15.533949510424192], [-54.3410118007136, -15.53377192520319]]]}, "properties": {"bairro": "Residencial Buritis V", "quadra": "8", "numero_lote": "4", "chave": "Residencial Buritis V|8|4", "area_gis_m2": 200.0, "fonte": "MAPA PVA_RESIDENCIAL BURITIS V.dwg"}}, {"type": "Feature", "geometry": {"type": "Polygon", "coordinates": [[[-54.34110338667971, -15.533788449212684], [-54.34119497266658, -15.53380497318638], [-54.34116088499792, -15.533982558459009], [-54.341069298939935, -15.5339660344595], [-54.34110338667971, -15.533788449212684]]]}, "properties": {"bairro": "Residencial Buritis V", "quadra": "8", "numero_lote": "3", "chave": "Residencial Buritis V|8|3", "area_gis_m2": 200.0, "fonte": "MAPA PVA_RESIDENCIAL BURITIS V.dwg"}}, {"type": "Feature", "geometry": {"type": "Polygon", "coordinates": [[[-54.34119497266658, -15.53380497318638], [-54.34128655867419, -15.533821497124238], [-54.341252471076665, -15.53399908242269], [-54.34116088499792, -15.533982558459009], [-54.34119497266658, -15.53380497318638]]]}, "properties": {"bairro": "Residencial Buritis V", "quadra": "8", "numero_lote": "2", "chave": "Residencial Buritis V|8|2", "area_gis_m2": 200.0, "fonte": "MAPA PVA_RESIDENCIAL BURITIS V.dwg"}}, {"type": "Feature", "geometry": {"type": "Polygon", "coordinates": [[[-54.34160919188284, -15.531486553291773], [-54.34150386907277, -15.531467551092359], [-54.341535399140966, -15.531303284521927], [-54.341640721875386, -15.531322286693872], [-54.34160919188284, -15.531486553291773]]]}, "properties": {"bairro": "Residencial Buritis V", "quadra": "26", "numero_lote": "3", "chave": "Residencial Buritis V|26|3", "area_gis_m2": 212.75, "fonte": "MAPA PVA_RESIDENCIAL BURITIS V.dwg"}}, {"type": "Feature", "geometry": {"type": "Polygon", "coordinates": [[[-54.341503869072774, -15.531467551092359], [-54.341398546290144, -15.531448548845574], [-54.34143007643399, -15.531284282302616], [-54.34153539914097, -15.531303284521927], [-54.341503869072774, -15.531467551092359]]]}, "properties": {"bairro": "Residencial Buritis V", "quadra": "26", "numero_lote": "4", "chave": "Residencial Buritis V|26|4", "area_gis_m2": 212.75, "fonte": "MAPA PVA_RESIDENCIAL BURITIS V.dwg"}}, {"type": "Feature", "geometry": {"type": "Polygon", "coordinates": [[[-54.34139854629015, -15.531448548845574], [-54.341293223534954, -15.531429546551433], [-54.34132475375444, -15.531265280035928], [-54.34143007643399, -15.531284282302616], [-54.34139854629015, -15.531448548845574]]]}, "properties": {"bairro": "Residencial Buritis V", "quadra": "26", "numero_lote": "5", "chave": "Residencial Buritis V|26|5", "area_gis_m2": 212.75, "fonte": "MAPA PVA_RESIDENCIAL BURITIS V.dwg"}}, {"type": "Feature", "geometry": {"type": "Polygon", "coordinates": [[[-54.341293223534954, -15.531429546551445], [-54.341187900807206, -15.531410544209942], [-54.34121943110234, -15.531246277721907], [-54.34132475375445, -15.531265280035948], [-54.341293223534954, -15.531429546551445]]]}, "properties": {"bairro": "Residencial Buritis V", "quadra": "26", "numero_lote": "6", "chave": "Residencial Buritis V|26|6", "area_gis_m2": 212.75, "fonte": "MAPA PVA_RESIDENCIAL BURITIS V.dwg"}}, {"type": "Feature", "geometry": {"type": "Polygon", "coordinates": [[[-54.341187900807206, -15.531410544209942], [-54.3410825781069, -15.531391541821073], [-54.341114108477676, -15.531227275360528], [-54.341219431102346, -15.531246277721923], [-54.341187900807206, -15.531410544209942]]]}, "properties": {"bairro": "Residencial Buritis V", "quadra": "26", "numero_lote": "7", "chave": "Residencial Buritis V|26|7", "area_gis_m2": 212.75, "fonte": "MAPA PVA_RESIDENCIAL BURITIS V.dwg"}}, {"type": "Feature", "geometry": {"type": "Polygon", "coordinates": [[[-54.341082577958886, -15.531391542528699], [-54.34097725528601, -15.531372540092459], [-54.341008785732434, -15.531208273659352], [-54.34111410832966, -15.531227276068115], [-54.341082577958886, -15.531391542528699]]]}, "properties": {"bairro": "Residencial Buritis V", "quadra": "26", "numero_lote": "8", "chave": "Residencial Buritis V|26|8", "area_gis_m2": 212.75, "fonte": "MAPA PVA_RESIDENCIAL BURITIS V.dwg"}}, {"type": "Feature", "geometry": {"type": "Polygon", "coordinates": [[[-54.34097725542224, -15.531372539382742], [-54.34087193277682, -15.531353536899138], [-54.34090346329888, -15.531189270493522], [-54.341008785868674, -15.531208272949627], [-54.34097725542224, -15.531372539382742]]]}, "properties": {"bairro": "Residencial Buritis V", "quadra": "26", "numero_lote": "9", "chave": "Residencial Buritis V|26|9", "area_gis_m2": 212.75, "fonte": "MAPA PVA_RESIDENCIAL BURITIS V.dwg"}}, {"type": "Feature", "geometry": {"type": "Polygon", "coordinates": [[[-54.34087193277682, -15.531353536899148], [-54.34076661015884, -15.53133453436819], [-54.34079814075655, -15.531170267990042], [-54.340903463298886, -15.531189270493522], [-54.34087193277682, -15.531353536899148]]]}, "properties": {"bairro": "Residencial Buritis V", "quadra": "26", "numero_lote": "10", "chave": "Residencial Buritis V|26|10", "area_gis_m2": 212.75, "fonte": "MAPA PVA_RESIDENCIAL BURITIS V.dwg"}}, {"type": "Feature", "geometry": {"type": "Polygon", "coordinates": [[[-54.34076661015884, -15.53133453436819], [-54.340661287568295, -15.531315531789872], [-54.34069281824164, -15.531151265439197], [-54.340798140756554, -15.531170267990042], [-54.34076661015884, -15.53133453436819]]]}, "properties": {"bairro": "Residencial Buritis V", "quadra": "26", "numero_lote": "11", "chave": "Residencial Buritis V|26|11", "area_gis_m2": 212.75, "fonte": "MAPA PVA_RESIDENCIAL BURITIS V.dwg"}}, {"type": "Feature", "geometry": {"type": "Polygon", "coordinates": [[[-54.340661287568295, -15.531315531789872], [-54.340555965005194, -15.531296529164194], [-54.34058749575419, -15.53113226284098], [-54.34069281824165, -15.531151265439197], [-54.340661287568295, -15.531315531789872]]]}, "properties": {"bairro": "Residencial Buritis V", "quadra": "26", "numero_lote": "12", "chave": "Residencial Buritis V|26|12", "area_gis_m2": 212.75, "fonte": "MAPA PVA_RESIDENCIAL BURITIS V.dwg"}}, {"type": "Feature", "geometry": {"type": "Polygon", "coordinates": [[[-54.34157766181927, -15.531650819875143], [-54.341472338933556, -15.531631817648258], [-54.34150386907276, -15.531467551092359], [-54.34160919188283, -15.531486553291762], [-54.34157766181927, -15.531650819875143]]]}, "properties": {"bairro": "Residencial Buritis V", "quadra": "26", "numero_lote": "24", "chave": "Residencial Buritis V|26|24", "area_gis_m2": 212.75, "fonte": "MAPA PVA_RESIDENCIAL BURITIS V.dwg"}}, {"type": "Feature", "geometry": {"type": "Polygon", "coordinates": [[[-54.34147233893356, -15.531631817648258], [-54.34136701607528, -15.531612815374006], [-54.34139854629014, -15.531448548845574], [-54.34150386907277, -15.531467551092359], [-54.34147233893356, -15.531631817648258]]]}, "properties": {"bairro": "Residencial Buritis V", "quadra": "26", "numero_lote": "23", "chave": "Residencial Buritis V|26|23", "area_gis_m2": 212.75, "fonte": "MAPA PVA_RESIDENCIAL BURITIS V.dwg"}}, {"type": "Feature", "geometry": {"type": "Polygon", "coordinates": [[[-54.34136701607528, -15.531612815374006], [-54.34126169324445, -15.531593813052396], [-54.34129322353495, -15.531429546551433], [-54.341398546290144, -15.531448548845574], [-54.34136701607528, -15.531612815374006]]]}, "properties": {"bairro": "Residencial Buritis V", "quadra": "26", "numero_lote": "22", "chave": "Residencial Buritis V|26|22", "area_gis_m2": 212.75, "fonte": "MAPA PVA_RESIDENCIAL BURITIS V.dwg"}}, {"type": "Feature", "geometry": {"type": "Polygon", "coordinates": [[[-54.341261693244455, -15.531593813052416], [-54.341156370441055, -15.531574810683434], [-54.3411879008072, -15.531410544209926], [-54.341293223534954, -15.531429546551433], [-54.341261693244455, -15.531593813052416]]]}, "properties": {"bairro": "Residencial Buritis V", "quadra": "26", "numero_lote": "21", "chave": "Residencial Buritis V|26|21", "area_gis_m2": 212.75, "fonte": "MAPA PVA_RESIDENCIAL BURITIS V.dwg"}}, {"type": "Feature", "geometry": {"type": "Polygon", "coordinates": [[[-54.341156370441055, -15.531574810683434], [-54.341051047665104, -15.531555808267102], [-54.34108257810689, -15.531391541821073], [-54.341187900807206, -15.531410544209942], [-54.341156370441055, -15.531574810683434]]]}, "properties": {"bairro": "Residencial Buritis V", "quadra": "26", "numero_lote": "20", "chave": "Residencial Buritis V|26|20", "area_gis_m2": 212.75, "fonte": "MAPA PVA_RESIDENCIAL BURITIS V.dwg"}}, {"type": "Feature", "geometry": {"type": "Polygon", "coordinates": [[[-54.34105104751708, -15.531555808974705], [-54.34094572476857, -15.531536806511005], [-54.340977255286006, -15.531372540092445], [-54.34108257795888, -15.531391542528679], [-54.34105104751708, -15.531555808974705]]]}, "properties": {"bairro": "Residencial Buritis V", "quadra": "26", "numero_lote": "19", "chave": "Residencial Buritis V|26|19", "area_gis_m2": 212.75, "fonte": "MAPA PVA_RESIDENCIAL BURITIS V.dwg"}}, {"type": "Feature", "geometry": {"type": "Polygon", "coordinates": [[[-54.340945724904806, -15.531536805801283], [-54.34084040218373, -15.53151780329021], [-54.340871932776814, -15.531353536899138], [-54.34097725542224, -15.531372539382724], [-54.340945724904806, -15.531536805801283]]]}, "properties": {"bairro": "Residencial Buritis V", "quadra": "26", "numero_lote": "18", "chave": "Residencial Buritis V|26|18", "area_gis_m2": 212.75, "fonte": "MAPA PVA_RESIDENCIAL BURITIS V.dwg"}}, {"type": "Feature", "geometry": {"type": "Polygon", "coordinates": [[[-54.34084040218373, -15.53151780329021], [-54.3407350794901, -15.531498800731795], [-54.34076661015883, -15.531334534368177], [-54.34087193277682, -15.531353536899138], [-54.34084040218373, -15.53151780329021]]]}, "properties": {"bairro": "Residencial Buritis V", "quadra": "26", "numero_lote": "17", "chave": "Residencial Buritis V|26|17", "area_gis_m2": 212.75, "fonte": "MAPA PVA_RESIDENCIAL BURITIS V.dwg"}}, {"type": "Feature", "geometry": {"type": "Polygon", "coordinates": [[[-54.3407350794901, -15.531498800731795], [-54.340629756823915, -15.531479798126004], [-54.34066128756828, -15.531315531789856], [-54.34076661015884, -15.531334534368177], [-54.3407350794901, -15.531498800731795]]]}, "properties": {"bairro": "Residencial Buritis V", "quadra": "26", "numero_lote": "16", "chave": "Residencial Buritis V|26|16", "area_gis_m2": 212.75, "fonte": "MAPA PVA_RESIDENCIAL BURITIS V.dwg"}}, {"type": "Feature", "geometry": {"type": "Polygon", "coordinates": [[[-54.340629756823915, -15.531479798126004], [-54.34052443418518, -15.531460795472855], [-54.340555965005194, -15.531296529164178], [-54.340661287568295, -15.531315531789856], [-54.340629756823915, -15.531479798126004]]]}, "properties": {"bairro": "Residencial Buritis V", "quadra": "26", "numero_lote": "15", "chave": "Residencial Buritis V|26|15", "area_gis_m2": 212.75, "fonte": "MAPA PVA_RESIDENCIAL BURITIS V.dwg"}}, {"type": "Feature", "geometry": {"type": "Polygon", "coordinates": [[[-54.34184903522134, -15.529903767689682], [-54.34194061965255, -15.529920291098536], [-54.34190397735706, -15.530111195665269], [-54.34181239284941, -15.53009467222868], [-54.34184903522134, -15.529903767689682]]]}, "properties": {"bairro": "Residencial Buritis V", "quadra": "40", "numero_lote": "28", "chave": "Residencial Buritis V|40|28", "area_gis_m2": 215.0, "fonte": "MAPA PVA_RESIDENCIAL BURITIS V.dwg"}}, {"type": "Feature", "geometry": {"type": "Polygon", "coordinates": [[[-54.34194061965255, -15.529920291098536], [-54.34203220410451, -15.529936814471553], [-54.34199556188547, -15.53012771906605], [-54.34190397735706, -15.530111195665269], [-54.34194061965255, -15.529920291098536]]]}, "properties": {"bairro": "Residencial Buritis V", "quadra": "40", "numero_lote": "29", "chave": "Residencial Buritis V|40|29", "area_gis_m2": 215.0, "fonte": "MAPA PVA_RESIDENCIAL BURITIS V.dwg"}}, {"type": "Feature", "geometry": {"type": "Polygon", "coordinates": [[[-54.34128149377016, -15.532860566021904], [-54.341373079385406, -15.532877089860666], [-54.341336435604475, -15.533067994123442], [-54.341244849912776, -15.533051470256947], [-54.34128149377016, -15.532860566021904]]]}, "properties": {"bairro": "Residencial Buritis V", "quadra": "18", "numero_lote": "28", "chave": "Residencial Buritis V|18|28", "area_gis_m2": 215.0, "fonte": "MAPA PVA_RESIDENCIAL BURITIS V.dwg"}}, {"type": "Feature", "geometry": {"type": "Polygon", "coordinates": [[[-54.341373079385406, -15.532877089860666], [-54.3414646650214, -15.532893613663598], [-54.34142802131693, -15.533084517954142], [-54.341336435604475, -15.533067994123442], [-54.341373079385406, -15.532877089860666]]]}, "properties": {"bairro": "Residencial Buritis V", "quadra": "18", "numero_lote": "29", "chave": "Residencial Buritis V|18|29", "area_gis_m2": 215.0, "fonte": "MAPA PVA_RESIDENCIAL BURITIS V.dwg"}}, {"type": "Feature", "geometry": {"type": "Polygon", "coordinates": [[[-54.341285304587075, -15.533334372131765], [-54.34137689040621, -15.53335089600119], [-54.34134195084314, -15.533532920978024], [-54.3412503649511, -15.533516397082122], [-54.341285304587075, -15.533334372131765]]]}, "properties": {"bairro": "Residencial Buritis V", "quadra": "9", "numero_lote": "2", "chave": "Residencial Buritis V|9|2", "area_gis_m2": 205.0, "fonte": "MAPA PVA_RESIDENCIAL BURITIS V.dwg"}}, {"type": "Feature", "geometry": {"type": "Polygon", "coordinates": [[[-54.34119371878869, -15.533317848226508], [-54.341285304587075, -15.533334372131765], [-54.3412503649511, -15.533516397082122], [-54.34115877907982, -15.533499873150397], [-54.34119371878869, -15.533317848226508]]]}, "properties": {"bairro": "Residencial Buritis V", "quadra": "9", "numero_lote": "3", "chave": "Residencial Buritis V|9|3", "area_gis_m2": 205.0, "fonte": "MAPA PVA_RESIDENCIAL BURITIS V.dwg"}}, {"type": "Feature", "geometry": {"type": "Polygon", "coordinates": [[[-54.342480424345496, -15.527601561713265], [-54.342572007883234, -15.527618084711014], [-54.34253536691356, -15.527808989573256], [-54.342443783299395, -15.527792466547762], [-54.342480424345496, -15.527601561713265]]]}, "properties": {"bairro": "Residencial Buritis V", "quadra": "47", "numero_lote": "30", "chave": "Residencial Buritis V|47|30", "area_gis_m2": 215.0, "fonte": "MAPA PVA_RESIDENCIAL BURITIS V.dwg"}}, {"type": "Feature", "geometry": {"type": "Polygon", "coordinates": [[[-54.34251706529572, -15.527410656859153], [-54.342608648757036, -15.527427179829168], [-54.342572007883234, -15.527618084711014], [-54.342480424345496, -15.527601561713265], [-54.34251706529572, -15.527410656859153]]]}, "properties": {"bairro": "Residencial Buritis V", "quadra": "47", "numero_lote": "1", "chave": "Residencial Buritis V|47|1", "area_gis_m2": 215.0, "fonte": "MAPA PVA_RESIDENCIAL BURITIS V.dwg"}}, {"type": "Feature", "geometry": {"type": "Polygon", "coordinates": [[[-54.34238924761623, -15.52807660391412], [-54.342480831344155, -15.528093126980922], [-54.342446746502375, -15.528270712854498], [-54.342355162703356, -15.528254189761888], [-54.34238924761623, -15.52807660391412]]]}, "properties": {"bairro": "Residencial Buritis V", "quadra": "46", "numero_lote": "30", "chave": "Residencial Buritis V|46|30", "area_gis_m2": 200.0, "fonte": "MAPA PVA_RESIDENCIAL BURITIS V.dwg"}}, {"type": "Feature", "geometry": {"type": "Polygon", "coordinates": [[[-54.342423332446145, -15.527899018049371], [-54.342514916102964, -15.527915541090358], [-54.342480831344155, -15.528093126980922], [-54.34238924761623, -15.52807660391412], [-54.342423332446145, -15.527899018049371]]]}, "properties": {"bairro": "Residencial Buritis V", "quadra": "46", "numero_lote": "1", "chave": "Residencial Buritis V|46|1", "area_gis_m2": 200.0, "fonte": "MAPA PVA_RESIDENCIAL BURITIS V.dwg"}}, {"type": "Feature", "geometry": {"type": "Polygon", "coordinates": [[[-54.342334711779166, -15.528360740932303], [-54.34242629562084, -15.528377264040412], [-54.34239221064631, -15.528554849886845], [-54.34230062673353, -15.528538326752926], [-54.342334711779166, -15.528360740932303]]]}, "properties": {"bairro": "Residencial Buritis V", "quadra": "44", "numero_lote": "1", "chave": "Residencial Buritis V|44|1", "area_gis_m2": 200.0, "fonte": "MAPA PVA_RESIDENCIAL BURITIS V.dwg"}}, {"type": "Feature", "geometry": {"type": "Polygon", "coordinates": [[[-54.34230062673353, -15.528538326752926], [-54.34239221064631, -15.528554849886845], [-54.3423581255888, -15.528732435716295], [-54.342266541604936, -15.528715912556565], [-54.34230062673353, -15.528538326752926]]]}, "properties": {"bairro": "Residencial Buritis V", "quadra": "44", "numero_lote": "30", "chave": "Residencial Buritis V|44|30", "area_gis_m2": 200.0, "fonte": "MAPA PVA_RESIDENCIAL BURITIS V.dwg"}}, {"type": "Feature", "geometry": {"type": "Polygon", "coordinates": [[[-54.34224609048794, -15.52882246403059], [-54.342337674514475, -15.528838987205814], [-54.342303589324224, -15.529016573008095], [-54.342212005226585, -15.529000049807067], [-54.34224609048794, -15.52882246403059]]]}, "properties": {"bairro": "Residencial Buritis V", "quadra": "43", "numero_lote": "1", "chave": "Residencial Buritis V|43|1", "area_gis_m2": 200.0, "fonte": "MAPA PVA_RESIDENCIAL BURITIS V.dwg"}}, {"type": "Feature", "geometry": {"type": "Polygon", "coordinates": [[[-54.342212005226585, -15.529000049807067], [-54.342303589324224, -15.529016573008095], [-54.34226950405098, -15.529194158793407], [-54.34217791988225, -15.529177635566557], [-54.342212005226585, -15.529000049807067]]]}, "properties": {"bairro": "Residencial Buritis V", "quadra": "43", "numero_lote": "30", "chave": "Residencial Buritis V|43|30", "area_gis_m2": 200.0, "fonte": "MAPA PVA_RESIDENCIAL BURITIS V.dwg"}}, {"type": "Feature", "geometry": {"type": "Polygon", "coordinates": [[[-54.34215746864069, -15.529284186988706], [-54.3422490528521, -15.529300710231057], [-54.342214967446104, -15.529478295989191], [-54.3421233831636, -15.529461772721032], [-54.34215746864069, -15.529284186988706]]]}, "properties": {"bairro": "Residencial Buritis V", "quadra": "41", "numero_lote": "1", "chave": "Residencial Buritis V|41|1", "area_gis_m2": 200.0, "fonte": "MAPA PVA_RESIDENCIAL BURITIS V.dwg"}}, {"type": "Feature", "geometry": {"type": "Polygon", "coordinates": [[[-54.3421233831636, -15.529461772721032], [-54.342214967446104, -15.529478295989191], [-54.342180881957134, -15.52965588173036], [-54.34208929760353, -15.529639358436384], [-54.3421233831636, -15.529461772721032]]]}, "properties": {"bairro": "Residencial Buritis V", "quadra": "41", "numero_lote": "30", "chave": "Residencial Buritis V|41|30", "area_gis_m2": 200.0, "fonte": "MAPA PVA_RESIDENCIAL BURITIS V.dwg"}}, {"type": "Feature", "geometry": {"type": "Polygon", "coordinates": [[[-54.34206884622766, -15.52974590985744], [-54.342160430623935, -15.529762433166903], [-54.34212378857722, -15.529953337808774], [-54.34203220410451, -15.529936814471576], [-54.34206884622766, -15.52974590985744]]]}, "properties": {"bairro": "Residencial Buritis V", "quadra": "40", "numero_lote": "1", "chave": "Residencial Buritis V|40|1", "area_gis_m2": 215.0, "fonte": "MAPA PVA_RESIDENCIAL BURITIS V.dwg"}}, {"type": "Feature", "geometry": {"type": "Polygon", "coordinates": [[[-54.34203220410451, -15.529936814471538], [-54.34212378857722, -15.529953337808754], [-54.34208714643462, -15.53014424243102], [-54.34199556188547, -15.53012771906605], [-54.34203220410451, -15.529936814471538]]]}, "properties": {"bairro": "Residencial Buritis V", "quadra": "40", "numero_lote": "30", "chave": "Residencial Buritis V|40|30", "area_gis_m2": 215.0, "fonte": "MAPA PVA_RESIDENCIAL BURITIS V.dwg"}}, {"type": "Feature", "geometry": {"type": "Polygon", "coordinates": [[[-54.341761263837384, -15.530361050629475], [-54.3418528484517, -15.530377574104792], [-54.341816205906866, -15.530568478620976], [-54.341724621216116, -15.530551955117897], [-54.341761263837384, -15.530361050629475]]]}, "properties": {"bairro": "Residencial Buritis V", "quadra": "34", "numero_lote": "3", "chave": "Residencial Buritis V|34|3", "area_gis_m2": 215.0, "fonte": "MAPA PVA_RESIDENCIAL BURITIS V.dwg"}}, {"type": "Feature", "geometry": {"type": "Polygon", "coordinates": [[[-54.3418528484517, -15.530377574104792], [-54.34194443306712, -15.530394097540777], [-54.34190779061838, -15.530585002088248], [-54.341816205906866, -15.530568478620976], [-54.3418528484517, -15.530377574104792]]]}, "properties": {"bairro": "Residencial Buritis V", "quadra": "34", "numero_lote": "2", "chave": "Residencial Buritis V|34|2", "area_gis_m2": 215.0, "fonte": "MAPA PVA_RESIDENCIAL BURITIS V.dwg"}}, {"type": "Feature", "geometry": {"type": "Polygon", "coordinates": [[[-54.34190779061838, -15.530585002088234], [-54.34199937533098, -15.530601525516156], [-54.34196273286278, -15.53079243007176], [-54.34187114805409, -15.53077590661254], [-54.34190779061838, -15.530585002088234]]]}, "properties": {"bairro": "Residencial Buritis V", "quadra": "34", "numero_lote": "30", "chave": "Residencial Buritis V|34|30", "area_gis_m2": 215.0, "fonte": "MAPA PVA_RESIDENCIAL BURITIS V.dwg"}}, {"type": "Feature", "geometry": {"type": "Polygon", "coordinates": [[[-54.34194443308676, -15.530394097544296], [-54.34203601772293, -15.530410620944462], [-54.341999375350625, -15.5306015255197], [-54.34190779061838, -15.530585002088234], [-54.34194443308676, -15.530394097544296]]]}, "properties": {"bairro": "Residencial Buritis V", "quadra": "34", "numero_lote": "1", "chave": "Residencial Buritis V|34|1", "area_gis_m2": 215.0, "fonte": "MAPA PVA_RESIDENCIAL BURITIS V.dwg"}}, {"type": "Feature", "geometry": {"type": "Polygon", "coordinates": [[[-54.34185069635956, -15.53088245796844], [-54.34194228121092, -15.530898981443126], [-54.341908195058096, -15.53107656704846], [-54.34181661013562, -15.531060043547946], [-54.34185069635956, -15.53088245796844]]]}, "properties": {"bairro": "Residencial Buritis V", "quadra": "33", "numero_lote": "1", "chave": "Residencial Buritis V|33|1", "area_gis_m2": 200.0, "fonte": "MAPA PVA_RESIDENCIAL BURITIS V.dwg"}}, {"type": "Feature", "geometry": {"type": "Polygon", "coordinates": [[[-54.34181661013562, -15.531060043547946], [-54.341908195058096, -15.53107656704846], [-54.34187410882229, -15.53125415263681], [-54.341782523828705, -15.531237629110475], [-54.34181661013562, -15.531060043547946]]]}, "properties": {"bairro": "Residencial Buritis V", "quadra": "33", "numero_lote": "30", "chave": "Residencial Buritis V|33|30", "area_gis_m2": 200.0, "fonte": "MAPA PVA_RESIDENCIAL BURITIS V.dwg"}}, {"type": "Feature", "geometry": {"type": "Polygon", "coordinates": [[[-54.34167856008003, -15.531779264971323], [-54.34177014529051, -15.53179578857641], [-54.341736058718595, -15.531973374095983], [-54.341644473437, -15.531956850465084], [-54.34167856008003, -15.531779264971323]]]}, "properties": {"bairro": "Residencial Buritis V", "quadra": "25", "numero_lote": "1", "chave": "Residencial Buritis V|25|1", "area_gis_m2": 200.0, "fonte": "MAPA PVA_RESIDENCIAL BURITIS V.dwg"}}, {"type": "Feature", "geometry": {"type": "Polygon", "coordinates": [[[-54.341644473437, -15.531956850465084], [-54.341736058718595, -15.531973374095983], [-54.34170197206368, -15.532150959598576], [-54.341610386710975, -15.532134435941838], [-54.341644473437, -15.531956850465084]]]}, "properties": {"bairro": "Residencial Buritis V", "quadra": "25", "numero_lote": "30", "chave": "Residencial Buritis V|25|30", "area_gis_m2": 200.0, "fonte": "MAPA PVA_RESIDENCIAL BURITIS V.dwg"}}, {"type": "Feature", "geometry": {"type": "Polygon", "coordinates": [[[-54.34158993463552, -15.532240987219765], [-54.3416815200309, -15.532257510891977], [-54.3416474332432, -15.532435096367411], [-54.341555847776704, -15.532418572669354], [-54.34158993463552, -15.532240987219765]]]}, "properties": {"bairro": "Residencial Buritis V", "quadra": "19", "numero_lote": "1", "chave": "Residencial Buritis V|19|1", "area_gis_m2": 200.0, "fonte": "MAPA PVA_RESIDENCIAL BURITIS V.dwg"}}, {"type": "Feature", "geometry": {"type": "Polygon", "coordinates": [[[-54.3415558477767, -15.532418572669354], [-54.3416474332432, -15.532435096367411], [-54.341613346372505, -15.532612681825851], [-54.34152176083489, -15.532596158101992], [-54.3415558477767, -15.532418572669354]]]}, "properties": {"bairro": "Residencial Buritis V", "quadra": "19", "numero_lote": "30", "chave": "Residencial Buritis V|19|30", "area_gis_m2": 200.0, "fonte": "MAPA PVA_RESIDENCIAL BURITIS V.dwg"}}, {"type": "Feature", "geometry": {"type": "Polygon", "coordinates": [[[-54.34150130862996, -15.53270270935342], [-54.34159289421025, -15.532719233092768], [-54.34155625067815, -15.532910137430708], [-54.3414646650214, -15.532893613663598], [-54.34150130862996, -15.53270270935342]]]}, "properties": {"bairro": "Residencial Buritis V", "quadra": "18", "numero_lote": "1", "chave": "Residencial Buritis V|18|1", "area_gis_m2": 215.0, "fonte": "MAPA PVA_RESIDENCIAL BURITIS V.dwg"}}, {"type": "Feature", "geometry": {"type": "Polygon", "coordinates": [[[-54.3414646650214, -15.532893613663598], [-54.34155625067815, -15.532910137430708], [-54.34151960705013, -15.533101041749012], [-54.34142802131693, -15.533084517954142], [-54.3414646650214, -15.532893613663598]]]}, "properties": {"bairro": "Residencial Buritis V", "quadra": "18", "numero_lote": "30", "chave": "Residencial Buritis V|18|30", "area_gis_m2": 215.0, "fonte": "MAPA PVA_RESIDENCIAL BURITIS V.dwg"}}, {"type": "Feature", "geometry": {"type": "Polygon", "coordinates": [[[-54.341341950843145, -15.53353292097801], [-54.34143353675593, -15.533549444838085], [-54.34139859717856, -15.533731469823543], [-54.34130701119287, -15.533714945936994], [-54.341341950843145, -15.53353292097801]]]}, "properties": {"bairro": "Residencial Buritis V", "quadra": "9", "numero_lote": "30", "chave": "Residencial Buritis V|9|30", "area_gis_m2": 205.0, "fonte": "MAPA PVA_RESIDENCIAL BURITIS V.dwg"}}, {"type": "Feature", "geometry": {"type": "Polygon", "coordinates": [[[-54.34137689040621, -15.53335089600119], [-54.3414684762461, -15.533367419834793], [-54.34143353675593, -15.533549444838098], [-54.341341950843145, -15.533532920978024], [-54.34137689040621, -15.53335089600119]]]}, "properties": {"bairro": "Residencial Buritis V", "quadra": "9", "numero_lote": "1", "chave": "Residencial Buritis V|9|1", "area_gis_m2": 205.0, "fonte": "MAPA PVA_RESIDENCIAL BURITIS V.dwg"}}, {"type": "Feature", "geometry": {"type": "Polygon", "coordinates": [[[-54.341252471076665, -15.5339990824227], [-54.34134405717616, -15.534015606350561], [-54.34130996956675, -15.534193191657836], [-54.341218383396125, -15.53417666770416], [-54.341252471076665, -15.5339990824227]]]}, "properties": {"bairro": "Residencial Buritis V", "quadra": "8", "numero_lote": "30", "chave": "Residencial Buritis V|8|30", "area_gis_m2": 200.0, "fonte": "MAPA PVA_RESIDENCIAL BURITIS V.dwg"}}, {"type": "Feature", "geometry": {"type": "Polygon", "coordinates": [[[-54.34128655867419, -15.533821497124238], [-54.34137814470256, -15.533838021026277], [-54.34134405717616, -15.534015606350561], [-54.341252471076665, -15.5339990824227], [-54.34128655867419, -15.533821497124238]]]}, "properties": {"bairro": "Residencial Buritis V", "quadra": "8", "numero_lote": "1", "chave": "Residencial Buritis V|8|1", "area_gis_m2": 200.0, "fonte": "MAPA PVA_RESIDENCIAL BURITIS V.dwg"}}, {"type": "Feature", "geometry": {"type": "Polygon", "coordinates": [[[-54.34171451472036, -15.531505555443811], [-54.341609191882846, -15.531486553291762], [-54.34164072187539, -15.531322286693863], [-54.34174604463726, -15.53134128881844], [-54.34171451472036, -15.531505555443811]]]}, "properties": {"bairro": "Residencial Buritis V", "quadra": "26", "numero_lote": "2", "chave": "Residencial Buritis V|26|2", "area_gis_m2": 212.75, "fonte": "MAPA PVA_RESIDENCIAL BURITIS V.dwg"}}, {"type": "Feature", "geometry": {"type": "Polygon", "coordinates": [[[-54.34168298473244, -15.531669822054646], [-54.34157766181928, -15.531650819875127], [-54.34160919188284, -15.531486553291762], [-54.34171451472035, -15.531505555443792], [-54.34168298473244, -15.531669822054646]]]}, "properties": {"bairro": "Residencial Buritis V", "quadra": "26", "numero_lote": "25", "chave": "Residencial Buritis V|26|25", "area_gis_m2": 212.75, "fonte": "MAPA PVA_RESIDENCIAL BURITIS V.dwg"}}, {"type": "Feature", "geometry": {"type": "Polygon", "coordinates": [[[-54.34182212720098, -15.531524970637076], [-54.34171451471998, -15.531505555445799], [-54.34174604463688, -15.53134128882043], [-54.34185365704059, -15.531360703983642], [-54.34182212720098, -15.531524970637076]]]}, "properties": {"bairro": "Residencial Buritis V", "quadra": "26", "numero_lote": "1", "chave": "Residencial Buritis V|26|1", "area_gis_m2": 217.37, "fonte": "MAPA PVA_RESIDENCIAL BURITIS V.dwg"}}, {"type": "Feature", "geometry": {"type": "Polygon", "coordinates": [[[-54.340555965005194, -15.531296529164194], [-54.3404483528495, -15.531277113389045], [-54.34047988367578, -15.531112847093905], [-54.34058749575419, -15.53113226284098], [-54.340555965005194, -15.531296529164194]]]}, "properties": {"bairro": "Residencial Buritis V", "quadra": "26", "numero_lote": "13", "chave": "Residencial Buritis V|26|13", "area_gis_m2": 217.37, "fonte": "MAPA PVA_RESIDENCIAL BURITIS V.dwg"}}, {"type": "Feature", "geometry": {"type": "Polygon", "coordinates": [[[-54.340524434185184, -15.531460795472855], [-54.34041682195219, -15.531441379669646], [-54.340448352849506, -15.531277113389029], [-54.3405559650052, -15.531296529164178], [-54.340524434185184, -15.531460795472855]]]}, "properties": {"bairro": "Residencial Buritis V", "quadra": "26", "numero_lote": "14", "chave": "Residencial Buritis V|26|14", "area_gis_m2": 217.38, "fonte": "MAPA PVA_RESIDENCIAL BURITIS V.dwg"}}, {"type": "Feature", "geometry": {"type": "Polygon", "coordinates": [[[-54.34179059729074, -15.531689237273971], [-54.341682984732444, -15.531669822054646], [-54.34171451472036, -15.531505555443792], [-54.341822127201354, -15.531524970635097], [-54.34179059729074, -15.531689237273971]]]}, "properties": {"bairro": "Residencial Buritis V", "quadra": "26", "numero_lote": "26", "chave": "Residencial Buritis V|26|26", "area_gis_m2": 217.37, "fonte": "MAPA PVA_RESIDENCIAL BURITIS V.dwg"}}, {"type": "Feature", "geometry": {"type": "Polygon", "coordinates": [[[-54.34104470771859, -15.534427366908604], [-54.340939383554094, -15.534408364217407], [-54.34097125578018, -15.534242322035203], [-54.3410765798682, -15.534261324698646], [-54.34104470771859, -15.534427366908604]]]}, "properties": {"bairro": "Residencial Buritis V", "quadra": "1", "numero_lote": "3", "chave": "Residencial Buritis V|1|3", "area_gis_m2": 215.05, "fonte": "MAPA PVA_RESIDENCIAL BURITIS V.dwg"}}, {"type": "Feature", "geometry": {"type": "Polygon", "coordinates": [[[-54.34093938355447, -15.534408364215473], [-54.340834059417425, -15.534389361476899], [-54.34086593171962, -15.534223319324406], [-54.34097125578019, -15.534242322035203], [-54.34093938355447, -15.534408364215473]]]}, "properties": {"bairro": "Residencial Buritis V", "quadra": "1", "numero_lote": "4", "chave": "Residencial Buritis V|1|4", "area_gis_m2": 215.05, "fonte": "MAPA PVA_RESIDENCIAL BURITIS V.dwg"}}, {"type": "Feature", "geometry": {"type": "Polygon", "coordinates": [[[-54.34083405941781, -15.534389361474968], [-54.340728735308204, -15.534370358689014], [-54.340760607686505, -15.534204316566251], [-54.34086593171962, -15.534223319324424], [-54.34083405941781, -15.534389361474968]]]}, "properties": {"bairro": "Residencial Buritis V", "quadra": "1", "numero_lote": "5", "chave": "Residencial Buritis V|1|5", "area_gis_m2": 215.05, "fonte": "MAPA PVA_RESIDENCIAL BURITIS V.dwg"}}, {"type": "Feature", "geometry": {"type": "Polygon", "coordinates": [[[-54.34072873530857, -15.534370358687074], [-54.34062341122642, -15.534351355853767], [-54.340655283680825, -15.534185313760721], [-54.340760607686505, -15.534204316566267], [-54.34072873530857, -15.534370358687074]]]}, "properties": {"bairro": "Residencial Buritis V", "quadra": "1", "numero_lote": "6", "chave": "Residencial Buritis V|1|6", "area_gis_m2": 215.05, "fonte": "MAPA PVA_RESIDENCIAL BURITIS V.dwg"}}, {"type": "Feature", "geometry": {"type": "Polygon", "coordinates": [[[-54.3406234112268, -15.534351355851813], [-54.340518087172086, -15.534332352971123], [-54.34054995970261, -15.534166310907805], [-54.34065528368083, -15.534185313760721], [-54.3406234112268, -15.534351355851813]]]}, "properties": {"bairro": "Residencial Buritis V", "quadra": "1", "numero_lote": "7", "chave": "Residencial Buritis V|1|7", "area_gis_m2": 215.05, "fonte": "MAPA PVA_RESIDENCIAL BURITIS V.dwg"}}, {"type": "Feature", "geometry": {"type": "Polygon", "coordinates": [[[-54.340518087160675, -15.53433235296707], [-54.340412763133415, -15.534313350039008], [-54.340444635603795, -15.534147308715125], [-54.34054995955458, -15.534166311615403], [-54.340518087160675, -15.53433235296707]]]}, "properties": {"bairro": "Residencial Buritis V", "quadra": "1", "numero_lote": "8", "chave": "Residencial Buritis V|1|8", "area_gis_m2": 215.05, "fonte": "MAPA PVA_RESIDENCIAL BURITIS V.dwg"}}, {"type": "Feature", "geometry": {"type": "Polygon", "coordinates": [[[-54.3404127631338, -15.53431335003705], [-54.34030743913398, -15.534294347061632], [-54.3403393118167, -15.534128305057743], [-54.340444635740035, -15.534147308005402], [-54.3404127631338, -15.53431335003705]]]}, "properties": {"bairro": "Residencial Buritis V", "quadra": "1", "numero_lote": "9", "chave": "Residencial Buritis V|1|9", "area_gis_m2": 215.05, "fonte": "MAPA PVA_RESIDENCIAL BURITIS V.dwg"}}, {"type": "Feature", "geometry": {"type": "Polygon", "coordinates": [[[-54.34030743913436, -15.534294347059689], [-54.340202115161986, -15.534275344036882], [-54.34023398792081, -15.534109302062708], [-54.340339311816706, -15.534128305057743], [-54.34030743913436, -15.534294347059689]]]}, "properties": {"bairro": "Residencial Buritis V", "quadra": "1", "numero_lote": "10", "chave": "Residencial Buritis V|1|10", "area_gis_m2": 215.05, "fonte": "MAPA PVA_RESIDENCIAL BURITIS V.dwg"}}, {"type": "Feature", "geometry": {"type": "Polygon", "coordinates": [[[-54.34020211516236, -15.534275344034938], [-54.34009679121745, -15.534256340964765], [-54.34012866405238, -15.534090299020331], [-54.34023398792082, -15.534109302062708], [-54.34020211516236, -15.534275344034938]]]}, "properties": {"bairro": "Residencial Buritis V", "quadra": "1", "numero_lote": "11", "chave": "Residencial Buritis V|1|11", "area_gis_m2": 215.05, "fonte": "MAPA PVA_RESIDENCIAL BURITIS V.dwg"}}, {"type": "Feature", "geometry": {"type": "Polygon", "coordinates": [[[-54.34009679121783, -15.534256340962825], [-54.33999146730036, -15.534237337845282], [-54.34002334021139, -15.534071295930561], [-54.340128664052386, -15.534090299020331], [-54.34009679121783, -15.534256340962825]]]}, "properties": {"bairro": "Residencial Buritis V", "quadra": "1", "numero_lote": "12", "chave": "Residencial Buritis V|1|12", "area_gis_m2": 215.05, "fonte": "MAPA PVA_RESIDENCIAL BURITIS V.dwg"}}, {"type": "Feature", "geometry": {"type": "Polygon", "coordinates": [[[-54.34115003191017, -15.534446369554393], [-54.34104470771822, -15.534427366910553], [-54.34107657986821, -15.534261324698646], [-54.34118190398367, -15.534280327314695], [-54.34115003191017, -15.534446369554393]]]}, "properties": {"bairro": "Residencial Buritis V", "quadra": "1", "numero_lote": "2", "chave": "Residencial Buritis V|1|2", "area_gis_m2": 215.05, "fonte": "MAPA PVA_RESIDENCIAL BURITIS V.dwg"}}, {"type": "Feature", "geometry": {"type": "Polygon", "coordinates": [[[-54.34125764577467, -15.534465785250076], [-54.34115003190979, -15.53444636955634], [-54.34118190398328, -15.534280327316681], [-54.34128951777002, -15.534299742982041], [-54.34125764577467, -15.534465785250076]]]}, "properties": {"bairro": "Residencial Buritis V", "quadra": "1", "numero_lote": "1", "chave": "Residencial Buritis V|1|1", "area_gis_m2": 219.73, "fonte": "MAPA PVA_RESIDENCIAL BURITIS V.dwg"}}, {"type": "Feature", "geometry": {"type": "Polygon", "coordinates": [[[-54.339991467304316, -15.534237337843965], [-54.33988385376482, -15.534217921566244], [-54.33991572675003, -15.534051879681222], [-54.34002334021138, -15.534071295930561], [-54.339991467304316, -15.534237337843965]]]}, "properties": {"bairro": "Residencial Buritis V", "quadra": "1", "numero_lote": "13", "chave": "Residencial Buritis V|1|13", "area_gis_m2": 219.73, "fonte": "MAPA PVA_RESIDENCIAL BURITIS V.dwg"}}, {"type": "Feature", "geometry": {"type": "Polygon", "coordinates": [[[-54.34101283550373, -15.5345934090849], [-54.340907511262756, -15.534574406365921], [-54.34093938356142, -15.534408364198558], [-54.341044707725914, -15.534427366889759], [-54.34101283550373, -15.5345934090849]]]}, "properties": {"bairro": "Residencial Buritis V", "quadra": "1", "numero_lote": "24", "chave": "Residencial Buritis V|1|24", "area_gis_m2": 215.05, "fonte": "MAPA PVA_RESIDENCIAL BURITIS V.dwg"}}, {"type": "Feature", "geometry": {"type": "Polygon", "coordinates": [[[-54.34090751126314, -15.534574406363971], [-54.340802187049604, -15.53455540359765], [-54.340834059424374, -15.534389361459988], [-54.34093938356143, -15.534408364198558], [-54.34090751126314, -15.534574406363971]]]}, "properties": {"bairro": "Residencial Buritis V", "quadra": "1", "numero_lote": "23", "chave": "Residencial Buritis V|1|23", "area_gis_m2": 215.05, "fonte": "MAPA PVA_RESIDENCIAL BURITIS V.dwg"}}, {"type": "Feature", "geometry": {"type": "Polygon", "coordinates": [[[-54.34080218704998, -15.534555403595695], [-54.3406968628639, -15.534536400781976], [-54.34072873531477, -15.534370358674062], [-54.340834059424374, -15.534389361460004], [-54.34080218704998, -15.534555403595695]]]}, "properties": {"bairro": "Residencial Buritis V", "quadra": "1", "numero_lote": "22", "chave": "Residencial Buritis V|1|22", "area_gis_m2": 215.05, "fonte": "MAPA PVA_RESIDENCIAL BURITIS V.dwg"}}, {"type": "Feature", "geometry": {"type": "Polygon", "coordinates": [[[-54.34069686286428, -15.534536400780048], [-54.34059153870564, -15.53451739791895], [-54.34062341123262, -15.534351355840748], [-54.34072873531478, -15.534370358674062], [-54.34069686286428, -15.534536400780048]]]}, "properties": {"bairro": "Residencial Buritis V", "quadra": "1", "numero_lote": "21", "chave": "Residencial Buritis V|1|21", "area_gis_m2": 215.05, "fonte": "MAPA PVA_RESIDENCIAL BURITIS V.dwg"}}, {"type": "Feature", "geometry": {"type": "Polygon", "coordinates": [[[-54.340591538706015, -15.534517397917003], [-54.34048621457483, -15.534498395008544], [-54.34051808717792, -15.534332352960073], [-54.34062341123263, -15.534351355840764], [-54.340591538706015, -15.534517397917003]]]}, "properties": {"bairro": "Residencial Buritis V", "quadra": "1", "numero_lote": "20", "chave": "Residencial Buritis V|1|20", "area_gis_m2": 215.05, "fonte": "MAPA PVA_RESIDENCIAL BURITIS V.dwg"}}, {"type": "Feature", "geometry": {"type": "Polygon", "coordinates": [[[-54.34048621456342, -15.53449839500447], [-54.34038089045968, -15.534479392048647], [-54.34041276300263, -15.534313350739614], [-54.34051808702989, -15.534332353667683], [-54.34048621456342, -15.53449839500447]]]}, "properties": {"bairro": "Residencial Buritis V", "quadra": "1", "numero_lote": "19", "chave": "Residencial Buritis V|1|19", "area_gis_m2": 215.05, "fonte": "MAPA PVA_RESIDENCIAL BURITIS V.dwg"}}, {"type": "Feature", "geometry": {"type": "Polygon", "coordinates": [[[-54.340380890460054, -15.534479392046707], [-54.34027556638376, -15.534460389043502], [-54.34030743913905, -15.534294347054466], [-54.34041276313887, -15.5343133500299], [-54.340380890460054, -15.534479392046707]]]}, "properties": {"bairro": "Residencial Buritis V", "quadra": "1", "numero_lote": "18", "chave": "Residencial Buritis V|1|18", "area_gis_m2": 215.05, "fonte": "MAPA PVA_RESIDENCIAL BURITIS V.dwg"}}, {"type": "Feature", "geometry": {"type": "Polygon", "coordinates": [[[-54.34027556638414, -15.53446038904156], [-54.34017024233529, -15.534441385990995], [-54.34020211516669, -15.53427534403168], [-54.34030743913906, -15.534294347054482], [-54.34027556638414, -15.53446038904156]]]}, "properties": {"bairro": "Residencial Buritis V", "quadra": "1", "numero_lote": "17", "chave": "Residencial Buritis V|1|17", "area_gis_m2": 215.05, "fonte": "MAPA PVA_RESIDENCIAL BURITIS V.dwg"}}, {"type": "Feature", "geometry": {"type": "Polygon", "coordinates": [[[-54.340170242335674, -15.534441385989036], [-54.340064918314276, -15.53442238289109], [-54.34009679122178, -15.534256340961509], [-54.3402021151667, -15.53427534403168], [-54.340170242335674, -15.534441385989036]]]}, "properties": {"bairro": "Residencial Buritis V", "quadra": "1", "numero_lote": "16", "chave": "Residencial Buritis V|1|16", "area_gis_m2": 215.05, "fonte": "MAPA PVA_RESIDENCIAL BURITIS V.dwg"}}, {"type": "Feature", "geometry": {"type": "Polygon", "coordinates": [[[-54.34006491831465, -15.53442238288915], [-54.33995959432071, -15.534403379743834], [-54.339991467304316, -15.534237337843965], [-54.34009679122179, -15.534256340961509], [-54.34006491831465, -15.53442238288915]]]}, "properties": {"bairro": "Residencial Buritis V", "quadra": "1", "numero_lote": "15", "chave": "Residencial Buritis V|1|15", "area_gis_m2": 215.05, "fonte": "MAPA PVA_RESIDENCIAL BURITIS V.dwg"}}, {"type": "Feature", "geometry": {"type": "Polygon", "coordinates": [[[-54.34111815977179, -15.534612411758426], [-54.34101283550337, -15.53459340908684], [-54.34104470772592, -15.534427366889759], [-54.34115003191786, -15.534446369533596], [-54.34111815977179, -15.534612411758426]]]}, "properties": {"bairro": "Residencial Buritis V", "quadra": "1", "numero_lote": "25", "chave": "Residencial Buritis V|1|25", "area_gis_m2": 215.05, "fonte": "MAPA PVA_RESIDENCIAL BURITIS V.dwg"}}, {"type": "Feature", "geometry": {"type": "Polygon", "coordinates": [[[-54.341225773714434, -15.534631827482485], [-54.34111815977141, -15.534612411760378], [-54.34115003191747, -15.534446369535578], [-54.34125764578236, -15.534465785229303], [-54.341225773714434, -15.534631827482485]]]}, "properties": {"bairro": "Residencial Buritis V", "quadra": "1", "numero_lote": "26", "chave": "Residencial Buritis V|1|26", "area_gis_m2": 219.73, "fonte": "MAPA PVA_RESIDENCIAL BURITIS V.dwg"}}, {"type": "Feature", "geometry": {"type": "Polygon", "coordinates": [[[-54.33995959432466, -15.534403379742491], [-54.339851980707024, -15.534383963436404], [-54.33988385376482, -15.534217921566244], [-54.339991467304316, -15.534237337843965], [-54.33995959432466, -15.534403379742491]]]}, "properties": {"bairro": "Residencial Buritis V", "quadra": "1", "numero_lote": "14", "chave": "Residencial Buritis V|1|14", "area_gis_m2": 219.73, "fonte": "MAPA PVA_RESIDENCIAL BURITIS V.dwg"}}, {"type": "Feature", "geometry": {"type": "Polygon", "coordinates": [[[-54.3425558834155, -15.534700009412964], [-54.34245055885725, -15.534681007401462], [-54.342482429985985, -15.534514964820891], [-54.34258775446774, -15.534533966804611], [-54.3425558834155, -15.534700009412964]]]}, "properties": {"bairro": "Residencial Buritis V", "quadra": "2", "numero_lote": "3", "chave": "Residencial Buritis V|2|3", "area_gis_m2": 215.05, "fonte": "MAPA PVA_RESIDENCIAL BURITIS V.dwg"}}, {"type": "Feature", "geometry": {"type": "Polygon", "coordinates": [[[-54.34245055885763, -15.53468100739953], [-54.34234523432683, -15.534662005340673], [-54.34237710553167, -15.534495962789787], [-54.34248242998599, -15.534514964820891], [-54.34245055885763, -15.53468100739953]]]}, "properties": {"bairro": "Residencial Buritis V", "quadra": "2", "numero_lote": "4", "chave": "Residencial Buritis V|2|4", "area_gis_m2": 215.05, "fonte": "MAPA PVA_RESIDENCIAL BURITIS V.dwg"}}, {"type": "Feature", "geometry": {"type": "Polygon", "coordinates": [[[-54.342345234327205, -15.534662005338733], [-54.34223990982384, -15.534643003232507], [-54.34227178110479, -15.534476960711336], [-54.34237710553167, -15.534495962789801], [-54.342345234327205, -15.534662005338733]]]}, "properties": {"bairro": "Residencial Buritis V", "quadra": "2", "numero_lote": "5", "chave": "Residencial Buritis V|2|5", "area_gis_m2": 215.05, "fonte": "MAPA PVA_RESIDENCIAL BURITIS V.dwg"}}, {"type": "Feature", "geometry": {"type": "Polygon", "coordinates": [[[-54.34223990982422, -15.534643003230563], [-54.3421345853483, -15.534624001076944], [-54.342166456705364, -15.53445795858549], [-54.3422717811048, -15.534476960711336], [-54.34223990982422, -15.534643003230563]]]}, "properties": {"bairro": "Residencial Buritis V", "quadra": "2", "numero_lote": "6", "chave": "Residencial Buritis V|2|6", "area_gis_m2": 215.05, "fonte": "MAPA PVA_RESIDENCIAL BURITIS V.dwg"}}, {"type": "Feature", "geometry": {"type": "Polygon", "coordinates": [[[-54.34213458534868, -15.534624001074992], [-54.34202926090019, -15.534604998874007], [-54.34206113233337, -15.534438956412266], [-54.34216645670537, -15.53445795858549], [-54.34213458534868, -15.534624001074992]]]}, "properties": {"bairro": "Residencial Buritis V", "quadra": "2", "numero_lote": "7", "chave": "Residencial Buritis V|2|7", "area_gis_m2": 215.05, "fonte": "MAPA PVA_RESIDENCIAL BURITIS V.dwg"}}, {"type": "Feature", "geometry": {"type": "Polygon", "coordinates": [[[-54.34202926088878, -15.53460499886994], [-54.341923936467744, -15.534585996621578], [-54.3419558078408, -15.534419954899267], [-54.34206113218535, -15.53443895711987], [-54.34202926088878, -15.53460499886994]]]}, "properties": {"bairro": "Residencial Buritis V", "quadra": "2", "numero_lote": "8", "chave": "Residencial Buritis V|2|8", "area_gis_m2": 215.05, "fonte": "MAPA PVA_RESIDENCIAL BURITIS V.dwg"}}, {"type": "Feature", "geometry": {"type": "Polygon", "coordinates": [[[-54.34192393646813, -15.534585996619631], [-54.341818612074526, -15.534566994323889], [-54.341850483659925, -15.534400951921583], [-54.34195580797704, -15.534419954189552], [-54.34192393646813, -15.534585996619631]]]}, "properties": {"bairro": "Residencial Buritis V", "quadra": "2", "numero_lote": "9", "chave": "Residencial Buritis V|2|9", "area_gis_m2": 215.05, "fonte": "MAPA PVA_RESIDENCIAL BURITIS V.dwg"}}, {"type": "Feature", "geometry": {"type": "Polygon", "coordinates": [[[-54.34181861207491, -15.534566994321953], [-54.34171328770876, -15.534547991978846], [-54.341745159370255, -15.534381949606251], [-54.341850483659925, -15.5344009519216], [-54.34181861207491, -15.534566994321953]]]}, "properties": {"bairro": "Residencial Buritis V", "quadra": "2", "numero_lote": "10", "chave": "Residencial Buritis V|2|10", "area_gis_m2": 215.05, "fonte": "MAPA PVA_RESIDENCIAL BURITIS V.dwg"}}, {"type": "Feature", "geometry": {"type": "Polygon", "coordinates": [[[-54.34171328770914, -15.534547991976911], [-54.34160796337043, -15.534528989586414], [-54.34163983510803, -15.534362947243538], [-54.34174515937026, -15.534381949606251], [-54.34171328770914, -15.534547991976911]]]}, "properties": {"bairro": "Residencial Buritis V", "quadra": "2", "numero_lote": "11", "chave": "Residencial Buritis V|2|11", "area_gis_m2": 215.05, "fonte": "MAPA PVA_RESIDENCIAL BURITIS V.dwg"}}, {"type": "Feature", "geometry": {"type": "Polygon", "coordinates": [[[-54.341607963370805, -15.534528989584478], [-54.34150263905954, -15.534509987146615], [-54.34153451087326, -15.53434394483345], [-54.34163983510804, -15.534362947243538], [-54.341607963370805, -15.534528989584478]]]}, "properties": {"bairro": "Residencial Buritis V", "quadra": "2", "numero_lote": "12", "chave": "Residencial Buritis V|2|12", "area_gis_m2": 215.05, "fonte": "MAPA PVA_RESIDENCIAL BURITIS V.dwg"}}, {"type": "Feature", "geometry": {"type": "Polygon", "coordinates": [[[-54.34266120800082, -15.534719011379023], [-54.34255588341513, -15.534700009414903], [-54.34258775446775, -15.534533966804611], [-54.34269307897695, -15.534552968740973], [-54.34266120800082, -15.534719011379023]]]}, "properties": {"bairro": "Residencial Buritis V", "quadra": "2", "numero_lote": "2", "chave": "Residencial Buritis V|2|2", "area_gis_m2": 215.05, "fonte": "MAPA PVA_RESIDENCIAL BURITIS V.dwg"}}, {"type": "Feature", "geometry": {"type": "Polygon", "coordinates": [[[-54.34276882226762, -15.534738426380214], [-54.342661208000436, -15.534719011380984], [-54.34269307897657, -15.534552968742954], [-54.3428006931656, -15.534572383713806], [-54.34276882226762, -15.534738426380214]]]}, "properties": {"bairro": "Residencial Buritis V", "quadra": "2", "numero_lote": "1", "chave": "Residencial Buritis V|2|1", "area_gis_m2": 219.73, "fonte": "MAPA PVA_RESIDENCIAL BURITIS V.dwg"}}, {"type": "Feature", "geometry": {"type": "Polygon", "coordinates": [[[-54.3415026390635, -15.534509987145299], [-54.34139502512164, -15.534490571562044], [-54.34142689700955, -15.534324529278553], [-54.34153451087326, -15.53434394483345], [-54.3415026390635, -15.534509987145299]]]}, "properties": {"bairro": "Residencial Buritis V", "quadra": "2", "numero_lote": "13", "chave": "Residencial Buritis V|2|13", "area_gis_m2": 219.73, "fonte": "MAPA PVA_RESIDENCIAL BURITIS V.dwg"}}, {"type": "Feature", "geometry": {"type": "Polygon", "coordinates": [[[-54.342524012298014, -15.534866051987603], [-54.342418687663276, -15.534847049948363], [-54.34245055886457, -15.534681007382625], [-54.34255588342281, -15.53470000939411], [-54.342524012298014, -15.534866051987603]]]}, "properties": {"bairro": "Residencial Buritis V", "quadra": "2", "numero_lote": "24", "chave": "Residencial Buritis V|2|24", "area_gis_m2": 215.05, "fonte": "MAPA PVA_RESIDENCIAL BURITIS V.dwg"}}, {"type": "Feature", "geometry": {"type": "Polygon", "coordinates": [[[-54.34241868766366, -15.53484704994642], [-54.34231336305637, -15.534828047859792], [-54.34234523433377, -15.534662005323765], [-54.34245055886458, -15.534681007382625], [-54.34241868766366, -15.53484704994642]]]}, "properties": {"bairro": "Residencial Buritis V", "quadra": "2", "numero_lote": "23", "chave": "Residencial Buritis V|2|23", "area_gis_m2": 215.05, "fonte": "MAPA PVA_RESIDENCIAL BURITIS V.dwg"}}, {"type": "Feature", "geometry": {"type": "Polygon", "coordinates": [[[-54.34231336305675, -15.534828047857843], [-54.3422080384769, -15.534809045723842], [-54.34223990983042, -15.534643003217543], [-54.34234523433378, -15.534662005323778], [-54.34231336305675, -15.534828047857843]]]}, "properties": {"bairro": "Residencial Buritis V", "quadra": "2", "numero_lote": "22", "chave": "Residencial Buritis V|2|22", "area_gis_m2": 215.05, "fonte": "MAPA PVA_RESIDENCIAL BURITIS V.dwg"}}, {"type": "Feature", "geometry": {"type": "Polygon", "coordinates": [[[-54.342208038477274, -15.534809045721904], [-54.342102713924874, -15.534790043540525], [-54.3421345853545, -15.534624001063932], [-54.34223990983042, -15.534643003217543], [-54.342208038477274, -15.534809045721904]]]}, "properties": {"bairro": "Residencial Buritis V", "quadra": "2", "numero_lote": "21", "chave": "Residencial Buritis V|2|21", "area_gis_m2": 215.05, "fonte": "MAPA PVA_RESIDENCIAL BURITIS V.dwg"}}, {"type": "Feature", "geometry": {"type": "Polygon", "coordinates": [[[-54.34210271392525, -15.534790043538589], [-54.341997389400284, -15.534771041309847], [-54.34202926090602, -15.534604998862958], [-54.3421345853545, -15.534624001063943], [-54.34210271392525, -15.534790043538589]]]}, "properties": {"bairro": "Residencial Buritis V", "quadra": "2", "numero_lote": "20", "chave": "Residencial Buritis V|2|20", "area_gis_m2": 215.05, "fonte": "MAPA PVA_RESIDENCIAL BURITIS V.dwg"}}, {"type": "Feature", "geometry": {"type": "Polygon", "coordinates": [[[-54.34199738938887, -15.534771041305772], [-54.34189206489135, -15.534752039029652], [-54.34192393633697, -15.534585997322184], [-54.342029260758004, -15.534604999570545], [-54.34199738938887, -15.534771041305772]]]}, "properties": {"bairro": "Residencial Buritis V", "quadra": "2", "numero_lote": "19", "chave": "Residencial Buritis V|2|19", "area_gis_m2": 215.05, "fonte": "MAPA PVA_RESIDENCIAL BURITIS V.dwg"}}, {"type": "Feature", "geometry": {"type": "Polygon", "coordinates": [[[-54.34189206489173, -15.534752039027708], [-54.341786740421654, -15.534733036704216], [-54.34181861207961, -15.534566994316727], [-54.3419239364732, -15.534585996612464], [-54.34189206489173, -15.534752039027708]]]}, "properties": {"bairro": "Residencial Buritis V", "quadra": "2", "numero_lote": "18", "chave": "Residencial Buritis V|2|18", "area_gis_m2": 215.05, "fonte": "MAPA PVA_RESIDENCIAL BURITIS V.dwg"}}, {"type": "Feature", "geometry": {"type": "Polygon", "coordinates": [[[-54.34178674042203, -15.534733036702256], [-54.341681415979394, -15.534714034331383], [-54.34171328771346, -15.534547991973643], [-54.341818612079614, -15.534566994316746], [-54.34178674042203, -15.534733036702256]]]}, "properties": {"bairro": "Residencial Buritis V", "quadra": "2", "numero_lote": "17", "chave": "Residencial Buritis V|2|17", "area_gis_m2": 215.05, "fonte": "MAPA PVA_RESIDENCIAL BURITIS V.dwg"}}, {"type": "Feature", "geometry": {"type": "Polygon", "coordinates": [[[-54.34168141597977, -15.534714034329433], [-54.34157609156458, -15.534695031911198], [-54.341607963374756, -15.534528989583157], [-54.34171328771347, -15.534547991973643], [-54.34168141597977, -15.534714034329433]]]}, "properties": {"bairro": "Residencial Buritis V", "quadra": "2", "numero_lote": "16", "chave": "Residencial Buritis V|2|16", "area_gis_m2": 215.05, "fonte": "MAPA PVA_RESIDENCIAL BURITIS V.dwg"}}, {"type": "Feature", "geometry": {"type": "Polygon", "coordinates": [[[-54.34157609156496, -15.534695031909246], [-54.34147076717721, -15.53467602944362], [-54.3415026390635, -15.534509987145299], [-54.34160796337476, -15.534528989583157], [-54.34157609156496, -15.534695031909246]]]}, "properties": {"bairro": "Residencial Buritis V", "quadra": "2", "numero_lote": "15", "chave": "Residencial Buritis V|2|15", "area_gis_m2": 215.05, "fonte": "MAPA PVA_RESIDENCIAL BURITIS V.dwg"}}, {"type": "Feature", "geometry": {"type": "Polygon", "coordinates": [[[-54.34262933695982, -15.53488505398143], [-54.34252401229765, -15.534866051989558], [-54.342555883422826, -15.534700009394093], [-54.34266120800851, -15.534719011358206], [-54.34262933695982, -15.53488505398143]]]}, "properties": {"bairro": "Residencial Buritis V", "quadra": "2", "numero_lote": "25", "chave": "Residencial Buritis V|2|25", "area_gis_m2": 215.05, "fonte": "MAPA PVA_RESIDENCIAL BURITIS V.dwg"}}, {"type": "Feature", "geometry": {"type": "Polygon", "coordinates": [[[-54.34273695130477, -15.534904469010964], [-54.34262933695944, -15.534885053983388], [-54.34266120800813, -15.534719011360199], [-54.34276882227531, -15.534738426359425], [-54.34273695130477, -15.534904469010964]]]}, "properties": {"bairro": "Residencial Buritis V", "quadra": "2", "numero_lote": "26", "chave": "Residencial Buritis V|2|26", "area_gis_m2": 219.73, "fonte": "MAPA PVA_RESIDENCIAL BURITIS V.dwg"}}, {"type": "Feature", "geometry": {"type": "Polygon", "coordinates": [[[-54.34147076718117, -15.534676029442304], [-54.34136315316117, -15.53465661383067], [-54.34139502512164, -15.534490571562044], [-54.3415026390635, -15.534509987145299], [-54.34147076718117, -15.534676029442304]]]}, "properties": {"bairro": "Residencial Buritis V", "quadra": "2", "numero_lote": "14", "chave": "Residencial Buritis V|2|14", "area_gis_m2": 219.73, "fonte": "MAPA PVA_RESIDENCIAL BURITIS V.dwg"}}, {"type": "Feature", "geometry": {"type": "Polygon", "coordinates": [[[-54.34312034814602, -15.531759188741145], [-54.34301502494229, -15.531740187221304], [-54.34304655392509, -15.531575920256836], [-54.343151877053174, -15.531594921749221], [-54.34312034814602, -15.531759188741145]]]}, "properties": {"bairro": "Residencial Buritis V", "quadra": "27", "numero_lote": "3", "chave": "Residencial Buritis V|27|3", "area_gis_m2": 212.75, "fonte": "MAPA PVA_RESIDENCIAL BURITIS V.dwg"}}, {"type": "Feature", "geometry": {"type": "Polygon", "coordinates": [[[-54.3430150249423, -15.531740187221304], [-54.342909701766, -15.531721185654087], [-54.34294123082445, -15.531556918717092], [-54.3430465539251, -15.531575920256836], [-54.3430150249423, -15.531740187221304]]]}, "properties": {"bairro": "Residencial Buritis V", "quadra": "27", "numero_lote": "4", "chave": "Residencial Buritis V|27|4", "area_gis_m2": 212.75, "fonte": "MAPA PVA_RESIDENCIAL BURITIS V.dwg"}}, {"type": "Feature", "geometry": {"type": "Polygon", "coordinates": [[[-54.342909701766004, -15.531721185654103], [-54.342804378617146, -15.531702184039533], [-54.342835907751244, -15.531537917129985], [-54.34294123082445, -15.531556918717092], [-54.342909701766004, -15.531721185654103]]]}, "properties": {"bairro": "Residencial Buritis V", "quadra": "27", "numero_lote": "5", "chave": "Residencial Buritis V|27|5", "area_gis_m2": 212.75, "fonte": "MAPA PVA_RESIDENCIAL BURITIS V.dwg"}}, {"type": "Feature", "geometry": {"type": "Polygon", "coordinates": [[[-54.342804378617146, -15.531702184039549], [-54.34269905549572, -15.531683182377613], [-54.34273058470547, -15.531518915495523], [-54.342835907751244, -15.531537917129985], [-54.342804378617146, -15.531702184039549]]]}, "properties": {"bairro": "Residencial Buritis V", "quadra": "27", "numero_lote": "6", "chave": "Residencial Buritis V|27|6", "area_gis_m2": 212.75, "fonte": "MAPA PVA_RESIDENCIAL BURITIS V.dwg"}}, {"type": "Feature", "geometry": {"type": "Polygon", "coordinates": [[[-54.34269905549573, -15.531683182377613], [-54.34259373240174, -15.531664180668308], [-54.34262526168713, -15.531499913813686], [-54.34273058470548, -15.531518915495523], [-54.34269905549573, -15.531683182377613]]]}, "properties": {"bairro": "Residencial Buritis V", "quadra": "27", "numero_lote": "7", "chave": "Residencial Buritis V|27|7", "area_gis_m2": 212.75, "fonte": "MAPA PVA_RESIDENCIAL BURITIS V.dwg"}}, {"type": "Feature", "geometry": {"type": "Polygon", "coordinates": [[[-54.34259373225372, -15.531664181375918], [-54.34248840918716, -15.53164517961925], [-54.34251993854822, -15.531480912792086], [-54.342625261539126, -15.531499914521286], [-54.34259373225372, -15.531664181375918]]]}, "properties": {"bairro": "Residencial Buritis V", "quadra": "27", "numero_lote": "8", "chave": "Residencial Buritis V|27|8", "area_gis_m2": 212.75, "fonte": "MAPA PVA_RESIDENCIAL BURITIS V.dwg"}}, {"type": "Feature", "geometry": {"type": "Polygon", "coordinates": [[[-54.342488409323394, -15.531645178909528], [-54.34238308628427, -15.5316261771055], [-54.34241461572098, -15.531461910305794], [-54.34251993868445, -15.531480912082362], [-54.342488409323394, -15.531645178909528]]]}, "properties": {"bairro": "Residencial Buritis V", "quadra": "27", "numero_lote": "9", "chave": "Residencial Buritis V|27|9", "area_gis_m2": 212.75, "fonte": "MAPA PVA_RESIDENCIAL BURITIS V.dwg"}}, {"type": "Feature", "geometry": {"type": "Polygon", "coordinates": [[[-54.34238308628428, -15.5316261771055], [-54.3422777632726, -15.531607175254107], [-54.342309292784954, -15.531442908481868], [-54.34241461572098, -15.531461910305794], [-54.34238308628428, -15.5316261771055]]]}, "properties": {"bairro": "Residencial Buritis V", "quadra": "27", "numero_lote": "10", "chave": "Residencial Buritis V|27|10", "area_gis_m2": 212.75, "fonte": "MAPA PVA_RESIDENCIAL BURITIS V.dwg"}}, {"type": "Feature", "geometry": {"type": "Polygon", "coordinates": [[[-54.342277763272605, -15.531607175254107], [-54.342172440288365, -15.531588173355345], [-54.34220396987636, -15.531423906610565], [-54.342309292784954, -15.531442908481868], [-54.342277763272605, -15.531607175254107]]]}, "properties": {"bairro": "Residencial Buritis V", "quadra": "27", "numero_lote": "11", "chave": "Residencial Buritis V|27|11", "area_gis_m2": 212.75, "fonte": "MAPA PVA_RESIDENCIAL BURITIS V.dwg"}}, {"type": "Feature", "geometry": {"type": "Polygon", "coordinates": [[[-54.342172440288365, -15.531588173355345], [-54.34206711733156, -15.53156917140923], [-54.342098646995204, -15.531404904691918], [-54.342203969876365, -15.531423906610565], [-54.342172440288365, -15.531588173355345]]]}, "properties": {"bairro": "Residencial Buritis V", "quadra": "27", "numero_lote": "12", "chave": "Residencial Buritis V|27|12", "area_gis_m2": 212.75, "fonte": "MAPA PVA_RESIDENCIAL BURITIS V.dwg"}}, {"type": "Feature", "geometry": {"type": "Polygon", "coordinates": [[[-54.34308881916787, -15.531923455718532], [-54.34298349588848, -15.531904454171226], [-54.34301502494228, -15.531740187221295], [-54.343120348146016, -15.531759188741121], [-54.34308881916787, -15.531923455718532]]]}, "properties": {"bairro": "Residencial Buritis V", "quadra": "27", "numero_lote": "24", "chave": "Residencial Buritis V|27|24", "area_gis_m2": 212.75, "fonte": "MAPA PVA_RESIDENCIAL BURITIS V.dwg"}}, {"type": "Feature", "geometry": {"type": "Polygon", "coordinates": [[[-54.34298349588849, -15.531904454171226], [-54.342878172636546, -15.531885452576569], [-54.34290970176599, -15.531721185654087], [-54.34301502494229, -15.531740187221295], [-54.34298349588849, -15.531904454171226]]]}, "properties": {"bairro": "Residencial Buritis V", "quadra": "27", "numero_lote": "23", "chave": "Residencial Buritis V|27|23", "area_gis_m2": 212.75, "fonte": "MAPA PVA_RESIDENCIAL BURITIS V.dwg"}}, {"type": "Feature", "geometry": {"type": "Polygon", "coordinates": [[[-54.342878172636546, -15.531885452576569], [-54.342772849412036, -15.53186645093453], [-54.34280437861714, -15.53170218403952], [-54.342909701766, -15.531721185654087], [-54.342878172636546, -15.531885452576569]]]}, "properties": {"bairro": "Residencial Buritis V", "quadra": "27", "numero_lote": "22", "chave": "Residencial Buritis V|27|22", "area_gis_m2": 212.75, "fonte": "MAPA PVA_RESIDENCIAL BURITIS V.dwg"}}, {"type": "Feature", "geometry": {"type": "Polygon", "coordinates": [[[-54.342772849412036, -15.531866450934553], [-54.34266752621496, -15.531847449245161], [-54.342699055495714, -15.531683182377597], [-54.34280437861714, -15.531702184039533], [-54.342772849412036, -15.531866450934553]]]}, "properties": {"bairro": "Residencial Buritis V", "quadra": "27", "numero_lote": "21", "chave": "Residencial Buritis V|27|21", "area_gis_m2": 212.75, "fonte": "MAPA PVA_RESIDENCIAL BURITIS V.dwg"}}, {"type": "Feature", "geometry": {"type": "Polygon", "coordinates": [[[-54.34266752621496, -15.531847449245179], [-54.34256220304532, -15.531828447508413], [-54.34259373240173, -15.531664180668308], [-54.34269905549572, -15.531683182377613], [-54.34266752621496, -15.531847449245179]]]}, "properties": {"bairro": "Residencial Buritis V", "quadra": "27", "numero_lote": "20", "chave": "Residencial Buritis V|27|20", "area_gis_m2": 212.75, "fonte": "MAPA PVA_RESIDENCIAL BURITIS V.dwg"}}, {"type": "Feature", "geometry": {"type": "Polygon", "coordinates": [[[-54.34256220289731, -15.531828448216016], [-54.342456879755105, -15.53180944643189], [-54.34248840918716, -15.53164517961923], [-54.34259373225371, -15.53166418137591], [-54.34256220289731, -15.531828448216016]]]}, "properties": {"bairro": "Residencial Buritis V", "quadra": "27", "numero_lote": "19", "chave": "Residencial Buritis V|27|19", "area_gis_m2": 212.75, "fonte": "MAPA PVA_RESIDENCIAL BURITIS V.dwg"}}, {"type": "Feature", "geometry": {"type": "Polygon", "coordinates": [[[-54.34245687989133, -15.531809445722171], [-54.34235155677657, -15.531790443890682], [-54.34238308628427, -15.5316261771055], [-54.34248840932339, -15.531645178909528], [-54.34245687989133, -15.531809445722171]]]}, "properties": {"bairro": "Residencial Buritis V", "quadra": "27", "numero_lote": "18", "chave": "Residencial Buritis V|27|18", "area_gis_m2": 212.75, "fonte": "MAPA PVA_RESIDENCIAL BURITIS V.dwg"}}, {"type": "Feature", "geometry": {"type": "Polygon", "coordinates": [[[-54.34235155677657, -15.531790443890682], [-54.34224623368924, -15.531771442011811], [-54.34227776327259, -15.531607175254107], [-54.34238308628427, -15.5316261771055], [-54.34235155677657, -15.531790443890682]]]}, "properties": {"bairro": "Residencial Buritis V", "quadra": "27", "numero_lote": "17", "chave": "Residencial Buritis V|27|17", "area_gis_m2": 212.75, "fonte": "MAPA PVA_RESIDENCIAL BURITIS V.dwg"}}, {"type": "Feature", "geometry": {"type": "Polygon", "coordinates": [[[-54.342246233689245, -15.531771442011811], [-54.34214091062935, -15.5317524400856], [-54.34217244028836, -15.531588173355345], [-54.3422777632726, -15.531607175254107], [-54.342246233689245, -15.531771442011811]]]}, "properties": {"bairro": "Residencial Buritis V", "quadra": "27", "numero_lote": "16", "chave": "Residencial Buritis V|27|16", "area_gis_m2": 212.75, "fonte": "MAPA PVA_RESIDENCIAL BURITIS V.dwg"}}, {"type": "Feature", "geometry": {"type": "Polygon", "coordinates": [[[-54.342140910629354, -15.5317524400856], [-54.3420355875969, -15.531733438112], [-54.34206711733155, -15.531569171409222], [-54.342172440288365, -15.531588173355345], [-54.342140910629354, -15.5317524400856]]]}, "properties": {"bairro": "Residencial Buritis V", "quadra": "27", "numero_lote": "15", "chave": "Residencial Buritis V|27|15", "area_gis_m2": 212.75, "fonte": "MAPA PVA_RESIDENCIAL BURITIS V.dwg"}}, {"type": "Feature", "geometry": {"type": "Polygon", "coordinates": [[[-54.34389997140114, -15.527857664516016], [-54.343991555260345, -15.527874186958782], [-54.34395491547532, -15.528065092251046], [-54.34386333153969, -15.528048569780541], [-54.34389997140114, -15.527857664516016]]]}, "properties": {"bairro": "Residencial Buritis V", "quadra": "48", "numero_lote": "29", "chave": "Residencial Buritis V|48|29", "area_gis_m2": 215.0, "fonte": "MAPA PVA_RESIDENCIAL BURITIS V.dwg"}}, {"type": "Feature", "geometry": {"type": "Polygon", "coordinates": [[[-54.34393661116673, -15.527666759231854], [-54.3440281949495, -15.527683281646876], [-54.343991555260345, -15.527874186958782], [-54.34389997140114, -15.527857664516016], [-54.34393661116673, -15.527666759231854]]]}, "properties": {"bairro": "Residencial Buritis V", "quadra": "48", "numero_lote": "2", "chave": "Residencial Buritis V|48|2", "area_gis_m2": 215.0, "fonte": "MAPA PVA_RESIDENCIAL BURITIS V.dwg"}}, {"type": "Feature", "geometry": {"type": "Polygon", "coordinates": [[[-54.343808387567556, -15.527841142012027], [-54.34389997140602, -15.5278576644906], [-54.34386333154457, -15.528048569755141], [-54.343771747629674, -15.528032047248825], [-54.343808387567556, -15.527841142012027]]]}, "properties": {"bairro": "Residencial Buritis V", "quadra": "48", "numero_lote": "28", "chave": "Residencial Buritis V|48|28", "area_gis_m2": 215.0, "fonte": "MAPA PVA_RESIDENCIAL BURITIS V.dwg"}}, {"type": "Feature", "geometry": {"type": "Polygon", "coordinates": [[[-54.34384502740958, -15.52765023675563], [-54.34393661117161, -15.527666759206449], [-54.34389997140602, -15.5278576644906], [-54.343808387567556, -15.527841142012027], [-54.34384502740958, -15.52765023675563]]]}, "properties": {"bairro": "Residencial Buritis V", "quadra": "48", "numero_lote": "3", "chave": "Residencial Buritis V|48|3", "area_gis_m2": 215.0, "fonte": "MAPA PVA_RESIDENCIAL BURITIS V.dwg"}}, {"type": "Feature", "geometry": {"type": "Polygon", "coordinates": [[[-54.34371680375471, -15.527824619472268], [-54.34380838757243, -15.527841141986643], [-54.34377174763455, -15.528032047223437], [-54.34368016374039, -15.528015524681315], [-54.34371680375471, -15.527824619472268]]]}, "properties": {"bairro": "Residencial Buritis V", "quadra": "48", "numero_lote": "27", "chave": "Residencial Buritis V|48|27", "area_gis_m2": 215.0, "fonte": "MAPA PVA_RESIDENCIAL BURITIS V.dwg"}}, {"type": "Feature", "geometry": {"type": "Polygon", "coordinates": [[[-54.34375344367316, -15.527633714243592], [-54.34384502741445, -15.527650236730226], [-54.34380838757243, -15.527841141986643], [-54.34371680375471, -15.527824619472268], [-54.34375344367316, -15.527633714243592]]]}, "properties": {"bairro": "Residencial Buritis V", "quadra": "48", "numero_lote": "4", "chave": "Residencial Buritis V|48|4", "area_gis_m2": 215.0, "fonte": "MAPA PVA_RESIDENCIAL BURITIS V.dwg"}}, {"type": "Feature", "geometry": {"type": "Polygon", "coordinates": [[[-54.3436252199626, -15.527808096896674], [-54.34371680375958, -15.527824619446863], [-54.34368016374527, -15.528015524655906], [-54.343588579871856, -15.527999002077985], [-54.3436252199626, -15.527808096896674]]]}, "properties": {"bairro": "Residencial Buritis V", "quadra": "48", "numero_lote": "26", "chave": "Residencial Buritis V|48|26", "area_gis_m2": 215.0, "fonte": "MAPA PVA_RESIDENCIAL BURITIS V.dwg"}}, {"type": "Feature", "geometry": {"type": "Polygon", "coordinates": [[[-54.34366185995747, -15.527617191695748], [-54.34375344367803, -15.527633714218188], [-54.34371680375958, -15.527824619446863], [-54.3436252199626, -15.527808096896674], [-54.34366185995747, -15.527617191695748]]]}, "properties": {"bairro": "Residencial Buritis V", "quadra": "48", "numero_lote": "5", "chave": "Residencial Buritis V|48|5", "area_gis_m2": 215.0, "fonte": "MAPA PVA_RESIDENCIAL BURITIS V.dwg"}}, {"type": "Feature", "geometry": {"type": "Polygon", "coordinates": [[[-54.34353363619122, -15.527791574285285], [-54.343625219967464, -15.527808096871293], [-54.34358857987672, -15.527999002052589], [-54.34349699602405, -15.527982479438853], [-54.34353363619122, -15.527791574285285]]]}, "properties": {"bairro": "Residencial Buritis V", "quadra": "48", "numero_lote": "25", "chave": "Residencial Buritis V|48|25", "area_gis_m2": 215.0, "fonte": "MAPA PVA_RESIDENCIAL BURITIS V.dwg"}}, {"type": "Feature", "geometry": {"type": "Polygon", "coordinates": [[[-54.34357027626253, -15.5276006691121], [-54.343661859962346, -15.527617191670348], [-54.343625219967464, -15.527808096871293], [-54.34353363619122, -15.527791574285285], [-54.34357027626253, -15.5276006691121]]]}, "properties": {"bairro": "Residencial Buritis V", "quadra": "48", "numero_lote": "6", "chave": "Residencial Buritis V|48|6", "area_gis_m2": 215.0, "fonte": "MAPA PVA_RESIDENCIAL BURITIS V.dwg"}}, {"type": "Feature", "geometry": {"type": "Polygon", "coordinates": [[[-54.34344205244059, -15.5277750516381], [-54.34353363619609, -15.52779157425988], [-54.34349699602892, -15.527982479413453], [-54.34340541219698, -15.527965956763907], [-54.34344205244059, -15.5277750516381]]]}, "properties": {"bairro": "Residencial Buritis V", "quadra": "48", "numero_lote": "24", "chave": "Residencial Buritis V|48|24", "area_gis_m2": 215.0, "fonte": "MAPA PVA_RESIDENCIAL BURITIS V.dwg"}}, {"type": "Feature", "geometry": {"type": "Polygon", "coordinates": [[[-54.34347869258833, -15.527584146492652], [-54.34357027626741, -15.5276006690867], [-54.34353363619609, -15.52779157425988], [-54.34344205244059, -15.5277750516381], [-54.34347869258833, -15.527584146492652]]]}, "properties": {"bairro": "Residencial Buritis V", "quadra": "48", "numero_lote": "7", "chave": "Residencial Buritis V|48|7", "area_gis_m2": 215.0, "fonte": "MAPA PVA_RESIDENCIAL BURITIS V.dwg"}}, {"type": "Feature", "geometry": {"type": "Polygon", "coordinates": [[[-54.34335046871069, -15.527758528955081], [-54.34344205244546, -15.527775051612684], [-54.343405412201854, -15.527965956738527], [-54.343313828390656, -15.527949434053177], [-54.34335046871069, -15.527758528955081]]]}, "properties": {"bairro": "Residencial Buritis V", "quadra": "48", "numero_lote": "23", "chave": "Residencial Buritis V|48|23", "area_gis_m2": 215.0, "fonte": "MAPA PVA_RESIDENCIAL BURITIS V.dwg"}}, {"type": "Feature", "geometry": {"type": "Polygon", "coordinates": [[[-54.34338710893486, -15.527567623837381], [-54.3434786925932, -15.527584146467259], [-54.34344205244546, -15.527775051612684], [-54.34335046871069, -15.527758528955081], [-54.34338710893486, -15.527567623837381]]]}, "properties": {"bairro": "Residencial Buritis V", "quadra": "48", "numero_lote": "8", "chave": "Residencial Buritis V|48|8", "area_gis_m2": 215.0, "fonte": "MAPA PVA_RESIDENCIAL BURITIS V.dwg"}}, {"type": "Feature", "geometry": {"type": "Polygon", "coordinates": [[[-54.34325888500153, -15.527742006236274], [-54.34335046871556, -15.527758528929676], [-54.34331382839553, -15.527949434027772], [-54.34322224460507, -15.527932911306618], [-54.34325888500153, -15.527742006236274]]]}, "properties": {"bairro": "Residencial Buritis V", "quadra": "48", "numero_lote": "22", "chave": "Residencial Buritis V|48|22", "area_gis_m2": 215.0, "fonte": "MAPA PVA_RESIDENCIAL BURITIS V.dwg"}}, {"type": "Feature", "geometry": {"type": "Polygon", "coordinates": [[[-54.34329552530213, -15.52755110114633], [-54.34338710893974, -15.527567623811994], [-54.34335046871556, -15.527758528929676], [-54.34325888500153, -15.527742006236274], [-54.34329552530213, -15.52755110114633]]]}, "properties": {"bairro": "Residencial Buritis V", "quadra": "48", "numero_lote": "9", "chave": "Residencial Buritis V|48|9", "area_gis_m2": 215.0, "fonte": "MAPA PVA_RESIDENCIAL BURITIS V.dwg"}}, {"type": "Feature", "geometry": {"type": "Polygon", "coordinates": [[[-54.343167301313116, -15.527725483481655], [-54.343258885006406, -15.52774200621087], [-54.34322224460994, -15.527932911281216], [-54.34313066084023, -15.527916388524263], [-54.343167301313116, -15.527725483481655]]]}, "properties": {"bairro": "Residencial Buritis V", "quadra": "48", "numero_lote": "21", "chave": "Residencial Buritis V|48|21", "area_gis_m2": 215.0, "fonte": "MAPA PVA_RESIDENCIAL BURITIS V.dwg"}}, {"type": "Feature", "geometry": {"type": "Polygon", "coordinates": [[[-54.34320394169015, -15.527534578419461], [-54.343295525307006, -15.52755110112093], [-54.343258885006406, -15.52774200621087], [-54.343167301313116, -15.527725483481655], [-54.34320394169015, -15.527534578419461]]]}, "properties": {"bairro": "Residencial Buritis V", "quadra": "48", "numero_lote": "10", "chave": "Residencial Buritis V|48|10", "area_gis_m2": 215.0, "fonte": "MAPA PVA_RESIDENCIAL BURITIS V.dwg"}}, {"type": "Feature", "geometry": {"type": "Polygon", "coordinates": [[[-54.34307571764544, -15.527708960691243], [-54.34316730131799, -15.527725483456267], [-54.3431306608451, -15.527916388498856], [-54.34303907709612, -15.527899865706097], [-54.34307571764544, -15.527708960691243]]]}, "properties": {"bairro": "Residencial Buritis V", "quadra": "48", "numero_lote": "20", "chave": "Residencial Buritis V|48|20", "area_gis_m2": 215.0, "fonte": "MAPA PVA_RESIDENCIAL BURITIS V.dwg"}}, {"type": "Feature", "geometry": {"type": "Polygon", "coordinates": [[[-54.34311235809889, -15.52751805565677], [-54.34320394169502, -15.527534578394071], [-54.34316730131799, -15.527725483456267], [-54.34307571764544, -15.527708960691243], [-54.34311235809889, -15.52751805565677]]]}, "properties": {"bairro": "Residencial Buritis V", "quadra": "48", "numero_lote": "11", "chave": "Residencial Buritis V|48|11", "area_gis_m2": 215.0, "fonte": "MAPA PVA_RESIDENCIAL BURITIS V.dwg"}}, {"type": "Feature", "geometry": {"type": "Polygon", "coordinates": [[[-54.342984133998506, -15.527692437865019], [-54.343075717650315, -15.527708960665848], [-54.343039077101, -15.527899865680693], [-54.342947493372755, -15.527883342852123], [-54.342984133998506, -15.527692437865019]]]}, "properties": {"bairro": "Residencial Buritis V", "quadra": "48", "numero_lote": "19", "chave": "Residencial Buritis V|48|19", "area_gis_m2": 215.0, "fonte": "MAPA PVA_RESIDENCIAL BURITIS V.dwg"}}, {"type": "Feature", "geometry": {"type": "Polygon", "coordinates": [[[-54.34302077452839, -15.527501532858304], [-54.34311235810377, -15.52751805563139], [-54.343075717650315, -15.527708960665848], [-54.342984133998506, -15.527692437865019], [-54.34302077452839, -15.527501532858304]]]}, "properties": {"bairro": "Residencial Buritis V", "quadra": "48", "numero_lote": "12", "chave": "Residencial Buritis V|48|12", "area_gis_m2": 215.0, "fonte": "MAPA PVA_RESIDENCIAL BURITIS V.dwg"}}, {"type": "Feature", "geometry": {"type": "Polygon", "coordinates": [[[-54.342892550372305, -15.527675915002996], [-54.34298413400338, -15.527692437839622], [-54.34294749337763, -15.527883342826721], [-54.34285590967013, -15.527866819962348], [-54.342892550372305, -15.527675915002996]]]}, "properties": {"bairro": "Residencial Buritis V", "quadra": "48", "numero_lote": "18", "chave": "Residencial Buritis V|48|18", "area_gis_m2": 215.0, "fonte": "MAPA PVA_RESIDENCIAL BURITIS V.dwg"}}, {"type": "Feature", "geometry": {"type": "Polygon", "coordinates": [[[-54.342929190978616, -15.527485010024023], [-54.34302077453326, -15.527501532832908], [-54.34298413400338, -15.527692437839622], [-54.342892550372305, -15.527675915002996], [-54.342929190978616, -15.527485010024023]]]}, "properties": {"bairro": "Residencial Buritis V", "quadra": "48", "numero_lote": "13", "chave": "Residencial Buritis V|48|13", "area_gis_m2": 215.0, "fonte": "MAPA PVA_RESIDENCIAL BURITIS V.dwg"}}, {"type": "Feature", "geometry": {"type": "Polygon", "coordinates": [[[-54.34280096676685, -15.527659392105159], [-54.34289255037719, -15.527675914977587], [-54.342855909675, -15.527866819936957], [-54.34276432598825, -15.527850297036759], [-54.34280096676685, -15.527659392105159]]]}, "properties": {"bairro": "Residencial Buritis V", "quadra": "48", "numero_lote": "17", "chave": "Residencial Buritis V|48|17", "area_gis_m2": 215.0, "fonte": "MAPA PVA_RESIDENCIAL BURITIS V.dwg"}}, {"type": "Feature", "geometry": {"type": "Polygon", "coordinates": [[[-54.34283760744958, -15.527468487153946], [-54.34292919098349, -15.52748500999862], [-54.34289255037719, -15.527675914977587], [-54.34280096676685, -15.527659392105159], [-54.34283760744958, -15.527468487153946]]]}, "properties": {"bairro": "Residencial Buritis V", "quadra": "48", "numero_lote": "14", "chave": "Residencial Buritis V|48|14", "area_gis_m2": 215.0, "fonte": "MAPA PVA_RESIDENCIAL BURITIS V.dwg"}}, {"type": "Feature", "geometry": {"type": "Polygon", "coordinates": [[[-54.342709383221425, -15.527642869178601], [-54.34280096681101, -15.527659392086857], [-54.34276432603241, -15.527850297018457], [-54.34267274236639, -15.527833774082465], [-54.342709383221425, -15.527642869178601]]]}, "properties": {"bairro": "Residencial Buritis V", "quadra": "48", "numero_lote": "16", "chave": "Residencial Buritis V|48|16", "area_gis_m2": 215.0, "fonte": "MAPA PVA_RESIDENCIAL BURITIS V.dwg"}}, {"type": "Feature", "geometry": {"type": "Polygon", "coordinates": [[[-54.34274602398058, -15.527451964255128], [-54.34283760749375, -15.527468487135623], [-54.34280096681101, -15.527659392086857], [-54.342709383221425, -15.527642869178601], [-54.34274602398058, -15.527451964255128]]]}, "properties": {"bairro": "Residencial Buritis V", "quadra": "48", "numero_lote": "15", "chave": "Residencial Buritis V|48|15", "area_gis_m2": 215.0, "fonte": "MAPA PVA_RESIDENCIAL BURITIS V.dwg"}}, {"type": "Feature", "geometry": {"type": "Polygon", "coordinates": [[[-54.34238642908838, -15.529325495439332], [-54.34247801335163, -15.529342018592153], [-54.3424439281234, -15.52951960441483], [-54.34235234378904, -15.52950308123619], [-54.34238642908838, -15.529325495439332]]]}, "properties": {"bairro": "Residencial Buritis V", "quadra": "42", "numero_lote": "15", "chave": "Residencial Buritis V|42|15", "area_gis_m2": 200.0, "fonte": "MAPA PVA_RESIDENCIAL BURITIS V.dwg"}}, {"type": "Feature", "geometry": {"type": "Polygon", "coordinates": [[[-54.34247801335163, -15.529342018592153], [-54.34256959763564, -15.529358541709154], [-54.342535512478506, -15.529536127557652], [-54.3424439281234, -15.52951960441483], [-54.34247801335163, -15.529342018592153]]]}, "properties": {"bairro": "Residencial Buritis V", "quadra": "42", "numero_lote": "14", "chave": "Residencial Buritis V|42|14", "area_gis_m2": 200.0, "fonte": "MAPA PVA_RESIDENCIAL BURITIS V.dwg"}}, {"type": "Feature", "geometry": {"type": "Polygon", "coordinates": [[[-54.34256959763564, -15.529358541709154], [-54.34266118194038, -15.529375064790374], [-54.34262709685435, -15.529552650664687], [-54.342535512478506, -15.529536127557652], [-54.34256959763564, -15.529358541709154]]]}, "properties": {"bairro": "Residencial Buritis V", "quadra": "42", "numero_lote": "13", "chave": "Residencial Buritis V|42|13", "area_gis_m2": 200.0, "fonte": "MAPA PVA_RESIDENCIAL BURITIS V.dwg"}}, {"type": "Feature", "geometry": {"type": "Polygon", "coordinates": [[[-54.34266118194038, -15.529375064790374], [-54.34275276626586, -15.529391587835768], [-54.34271868125094, -15.529569173735906], [-54.34262709685435, -15.529552650664687], [-54.34266118194038, -15.529375064790374]]]}, "properties": {"bairro": "Residencial Buritis V", "quadra": "42", "numero_lote": "12", "chave": "Residencial Buritis V|42|12", "area_gis_m2": 200.0, "fonte": "MAPA PVA_RESIDENCIAL BURITIS V.dwg"}}, {"type": "Feature", "geometry": {"type": "Polygon", "coordinates": [[[-54.34275276626586, -15.529391587835768], [-54.34284435061209, -15.529408110845367], [-54.34281026566828, -15.5295856967713], [-54.34271868125094, -15.529569173735906], [-54.34275276626586, -15.529391587835768]]]}, "properties": {"bairro": "Residencial Buritis V", "quadra": "42", "numero_lote": "11", "chave": "Residencial Buritis V|42|11", "area_gis_m2": 200.0, "fonte": "MAPA PVA_RESIDENCIAL BURITIS V.dwg"}}, {"type": "Feature", "geometry": {"type": "Polygon", "coordinates": [[[-54.34284435061209, -15.529408110845367], [-54.34293593497906, -15.52942463381914], [-54.34290185010635, -15.529602219770885], [-54.34281026566828, -15.5295856967713], [-54.34284435061209, -15.529408110845367]]]}, "properties": {"bairro": "Residencial Buritis V", "quadra": "42", "numero_lote": "10", "chave": "Residencial Buritis V|42|10", "area_gis_m2": 200.0, "fonte": "MAPA PVA_RESIDENCIAL BURITIS V.dwg"}}, {"type": "Feature", "geometry": {"type": "Polygon", "coordinates": [[[-54.34293593497906, -15.52942463381914], [-54.34302751936678, -15.529441156757105], [-54.34299343456517, -15.529618742734677], [-54.34290185010635, -15.529602219770885], [-54.34293593497906, -15.52942463381914]]]}, "properties": {"bairro": "Residencial Buritis V", "quadra": "42", "numero_lote": "9", "chave": "Residencial Buritis V|42|9", "area_gis_m2": 200.0, "fonte": "MAPA PVA_RESIDENCIAL BURITIS V.dwg"}}, {"type": "Feature", "geometry": {"type": "Polygon", "coordinates": [[[-54.34302751936678, -15.529441156757105], [-54.34311910377523, -15.52945767965925], [-54.34308501904473, -15.529635265662641], [-54.34299343456517, -15.529618742734677], [-54.34302751936678, -15.529441156757105]]]}, "properties": {"bairro": "Residencial Buritis V", "quadra": "42", "numero_lote": "8", "chave": "Residencial Buritis V|42|8", "area_gis_m2": 200.0, "fonte": "MAPA PVA_RESIDENCIAL BURITIS V.dwg"}}, {"type": "Feature", "geometry": {"type": "Polygon", "coordinates": [[[-54.34311910377523, -15.52945767965925], [-54.34321068820443, -15.529474202525618], [-54.34317660354504, -15.529651788554796], [-54.34308501904473, -15.529635265662641], [-54.34311910377523, -15.52945767965925]]]}, "properties": {"bairro": "Residencial Buritis V", "quadra": "42", "numero_lote": "7", "chave": "Residencial Buritis V|42|7", "area_gis_m2": 200.0, "fonte": "MAPA PVA_RESIDENCIAL BURITIS V.dwg"}}, {"type": "Feature", "geometry": {"type": "Polygon", "coordinates": [[[-54.34321068820443, -15.529474202525618], [-54.34330227265436, -15.529490725356148], [-54.34326818806608, -15.529668311411145], [-54.34317660354504, -15.529651788554796], [-54.34321068820443, -15.529474202525618]]]}, "properties": {"bairro": "Residencial Buritis V", "quadra": "42", "numero_lote": "6", "chave": "Residencial Buritis V|42|6", "area_gis_m2": 200.0, "fonte": "MAPA PVA_RESIDENCIAL BURITIS V.dwg"}}, {"type": "Feature", "geometry": {"type": "Polygon", "coordinates": [[[-54.34330227265436, -15.529490725356148], [-54.34339385712504, -15.529507248150875], [-54.34335977260787, -15.52968483423169], [-54.34326818806608, -15.529668311411145], [-54.34330227265436, -15.529490725356148]]]}, "properties": {"bairro": "Residencial Buritis V", "quadra": "42", "numero_lote": "5", "chave": "Residencial Buritis V|42|5", "area_gis_m2": 200.0, "fonte": "MAPA PVA_RESIDENCIAL BURITIS V.dwg"}}, {"type": "Feature", "geometry": {"type": "Polygon", "coordinates": [[[-54.34339385712504, -15.529507248150875], [-54.34348544161646, -15.529523770909794], [-54.343451357170395, -15.529701357016416], [-54.34335977260787, -15.52968483423169], [-54.34339385712504, -15.529507248150875]]]}, "properties": {"bairro": "Residencial Buritis V", "quadra": "42", "numero_lote": "4", "chave": "Residencial Buritis V|42|4", "area_gis_m2": 200.0, "fonte": "MAPA PVA_RESIDENCIAL BURITIS V.dwg"}}, {"type": "Feature", "geometry": {"type": "Polygon", "coordinates": [[[-54.34348544161646, -15.529523770909794], [-54.34357702612863, -15.529540293632904], [-54.34354294175366, -15.529717879765329], [-54.343451357170395, -15.529701357016416], [-54.34348544161646, -15.529523770909794]]]}, "properties": {"bairro": "Residencial Buritis V", "quadra": "42", "numero_lote": "3", "chave": "Residencial Buritis V|42|3", "area_gis_m2": 200.0, "fonte": "MAPA PVA_RESIDENCIAL BURITIS V.dwg"}}, {"type": "Feature", "geometry": {"type": "Polygon", "coordinates": [[[-54.34357702612863, -15.529540293632904], [-54.343668610661524, -15.529556816320207], [-54.34363452635767, -15.529734402478441], [-54.34354294175366, -15.529717879765329], [-54.34357702612863, -15.529540293632904]]]}, "properties": {"bairro": "Residencial Buritis V", "quadra": "42", "numero_lote": "2", "chave": "Residencial Buritis V|42|2", "area_gis_m2": 200.0, "fonte": "MAPA PVA_RESIDENCIAL BURITIS V.dwg"}}, {"type": "Feature", "geometry": {"type": "Polygon", "coordinates": [[[-54.34235234378904, -15.52950308123619], [-54.3424439281234, -15.52951960441483], [-54.342409842812195, -15.529697190220526], [-54.342318258406735, -15.529680667016075], [-54.34235234378904, -15.52950308123619]]]}, "properties": {"bairro": "Residencial Buritis V", "quadra": "42", "numero_lote": "16", "chave": "Residencial Buritis V|42|16", "area_gis_m2": 200.0, "fonte": "MAPA PVA_RESIDENCIAL BURITIS V.dwg"}}, {"type": "Feature", "geometry": {"type": "Polygon", "coordinates": [[[-54.3424439281234, -15.52951960441483], [-54.34253551247851, -15.529536127557652], [-54.3425014272384, -15.529713713389183], [-54.342409842812195, -15.529697190220526], [-54.3424439281234, -15.52951960441483]]]}, "properties": {"bairro": "Residencial Buritis V", "quadra": "42", "numero_lote": "17", "chave": "Residencial Buritis V|42|17", "area_gis_m2": 200.0, "fonte": "MAPA PVA_RESIDENCIAL BURITIS V.dwg"}}, {"type": "Feature", "geometry": {"type": "Polygon", "coordinates": [[[-54.34253551247851, -15.529536127557652], [-54.34262709685435, -15.529552650664687], [-54.34259301168536, -15.529730236522012], [-54.3425014272384, -15.529713713389183], [-54.34253551247851, -15.529536127557652]]]}, "properties": {"bairro": "Residencial Buritis V", "quadra": "42", "numero_lote": "18", "chave": "Residencial Buritis V|42|18", "area_gis_m2": 200.0, "fonte": "MAPA PVA_RESIDENCIAL BURITIS V.dwg"}}, {"type": "Feature", "geometry": {"type": "Polygon", "coordinates": [[[-54.34262709685435, -15.529552650664687], [-54.34271868125094, -15.529569173735906], [-54.342684596153056, -15.529746759619036], [-54.34259301168536, -15.529730236522012], [-54.34262709685435, -15.529552650664687]]]}, "properties": {"bairro": "Residencial Buritis V", "quadra": "42", "numero_lote": "19", "chave": "Residencial Buritis V|42|19", "area_gis_m2": 200.0, "fonte": "MAPA PVA_RESIDENCIAL BURITIS V.dwg"}}, {"type": "Feature", "geometry": {"type": "Polygon", "coordinates": [[[-54.34271868125094, -15.529569173735906], [-54.34281026566828, -15.5295856967713], [-54.34277618064149, -15.52976328268026], [-54.342684596153056, -15.529746759619036], [-54.34271868125094, -15.529569173735906]]]}, "properties": {"bairro": "Residencial Buritis V", "quadra": "42", "numero_lote": "20", "chave": "Residencial Buritis V|42|20", "area_gis_m2": 200.0, "fonte": "MAPA PVA_RESIDENCIAL BURITIS V.dwg"}}, {"type": "Feature", "geometry": {"type": "Polygon", "coordinates": [[[-54.34281026566828, -15.5295856967713], [-54.34290185010635, -15.529602219770885], [-54.34286776515068, -15.529779805705655], [-54.34277618064149, -15.52976328268026], [-54.34281026566828, -15.5295856967713]]]}, "properties": {"bairro": "Residencial Buritis V", "quadra": "42", "numero_lote": "21", "chave": "Residencial Buritis V|42|21", "area_gis_m2": 200.0, "fonte": "MAPA PVA_RESIDENCIAL BURITIS V.dwg"}}, {"type": "Feature", "geometry": {"type": "Polygon", "coordinates": [[[-54.34290185010635, -15.529602219770885], [-54.34299343456517, -15.529618742734677], [-54.3429593496806, -15.529796328695243], [-54.34286776515068, -15.529779805705655], [-54.34290185010635, -15.529602219770885]]]}, "properties": {"bairro": "Residencial Buritis V", "quadra": "42", "numero_lote": "22", "chave": "Residencial Buritis V|42|22", "area_gis_m2": 200.0, "fonte": "MAPA PVA_RESIDENCIAL BURITIS V.dwg"}}, {"type": "Feature", "geometry": {"type": "Polygon", "coordinates": [[[-54.34299343456517, -15.529618742734677], [-54.34308501904473, -15.529635265662641], [-54.34305093423127, -15.529812851649021], [-54.3429593496806, -15.529796328695243], [-54.34299343456517, -15.529618742734677]]]}, "properties": {"bairro": "Residencial Buritis V", "quadra": "42", "numero_lote": "23", "chave": "Residencial Buritis V|42|23", "area_gis_m2": 200.0, "fonte": "MAPA PVA_RESIDENCIAL BURITIS V.dwg"}}, {"type": "Feature", "geometry": {"type": "Polygon", "coordinates": [[[-54.34308501904473, -15.529635265662641], [-54.34317660354503, -15.529651788554796], [-54.34314251880268, -15.529829374567003], [-54.34305093423127, -15.529812851649021], [-54.34308501904473, -15.529635265662641]]]}, "properties": {"bairro": "Residencial Buritis V", "quadra": "42", "numero_lote": "24", "chave": "Residencial Buritis V|42|24", "area_gis_m2": 200.0, "fonte": "MAPA PVA_RESIDENCIAL BURITIS V.dwg"}}, {"type": "Feature", "geometry": {"type": "Polygon", "coordinates": [[[-54.34317660354503, -15.529651788554796], [-54.34326818806608, -15.529668311411145], [-54.343234103394835, -15.529845897449158], [-54.34314251880268, -15.529829374567003], [-54.34317660354503, -15.529651788554796]]]}, "properties": {"bairro": "Residencial Buritis V", "quadra": "42", "numero_lote": "25", "chave": "Residencial Buritis V|42|25", "area_gis_m2": 200.0, "fonte": "MAPA PVA_RESIDENCIAL BURITIS V.dwg"}}, {"type": "Feature", "geometry": {"type": "Polygon", "coordinates": [[[-54.34326818806608, -15.529668311411145], [-54.34335977260787, -15.52968483423169], [-54.343325688007724, -15.529862420295505], [-54.343234103394835, -15.529845897449158], [-54.34326818806608, -15.529668311411145]]]}, "properties": {"bairro": "Residencial Buritis V", "quadra": "42", "numero_lote": "26", "chave": "Residencial Buritis V|42|26", "area_gis_m2": 200.0, "fonte": "MAPA PVA_RESIDENCIAL BURITIS V.dwg"}}, {"type": "Feature", "geometry": {"type": "Polygon", "coordinates": [[[-54.34335977260787, -15.52968483423169], [-54.343451357170395, -15.529701357016416], [-54.34341727264136, -15.529878943106066], [-54.343325688007724, -15.529862420295505], [-54.34335977260787, -15.52968483423169]]]}, "properties": {"bairro": "Residencial Buritis V", "quadra": "42", "numero_lote": "27", "chave": "Residencial Buritis V|42|27", "area_gis_m2": 200.0, "fonte": "MAPA PVA_RESIDENCIAL BURITIS V.dwg"}}, {"type": "Feature", "geometry": {"type": "Polygon", "coordinates": [[[-54.343451357170395, -15.529701357016416], [-54.34354294175366, -15.529717879765329], [-54.34350885729574, -15.529895465880788], [-54.34341727264136, -15.529878943106066], [-54.343451357170395, -15.529701357016416]]]}, "properties": {"bairro": "Residencial Buritis V", "quadra": "42", "numero_lote": "28", "chave": "Residencial Buritis V|42|28", "area_gis_m2": 200.0, "fonte": "MAPA PVA_RESIDENCIAL BURITIS V.dwg"}}, {"type": "Feature", "geometry": {"type": "Polygon", "coordinates": [[[-54.34354294175366, -15.529717879765329], [-54.34363452635767, -15.529734402478441], [-54.343600441970864, -15.529911988619702], [-54.34350885729574, -15.529895465880788], [-54.34354294175366, -15.529717879765329]]]}, "properties": {"bairro": "Residencial Buritis V", "quadra": "42", "numero_lote": "29", "chave": "Residencial Buritis V|42|29", "area_gis_m2": 200.0, "fonte": "MAPA PVA_RESIDENCIAL BURITIS V.dwg"}}, {"type": "Feature", "geometry": {"type": "Polygon", "coordinates": [[[-54.34229780713751, -15.529787218475855], [-54.34238939158565, -15.529803741695796], [-54.34235274973003, -15.529994646407069], [-54.342261165205464, -15.529978123159378], [-54.34229780713751, -15.529787218475855]]]}, "properties": {"bairro": "Residencial Buritis V", "quadra": "39", "numero_lote": "15", "chave": "Residencial Buritis V|39|15", "area_gis_m2": 215.0, "fonte": "MAPA PVA_RESIDENCIAL BURITIS V.dwg"}}, {"type": "Feature", "geometry": {"type": "Polygon", "coordinates": [[[-54.34238939158565, -15.529803741695796], [-54.34248097605452, -15.529820264879941], [-54.34244433427534, -15.53001116961895], [-54.34235274973003, -15.529994646407069], [-54.34238939158565, -15.529803741695796]]]}, "properties": {"bairro": "Residencial Buritis V", "quadra": "39", "numero_lote": "14", "chave": "Residencial Buritis V|39|14", "area_gis_m2": 215.0, "fonte": "MAPA PVA_RESIDENCIAL BURITIS V.dwg"}}, {"type": "Feature", "geometry": {"type": "Polygon", "coordinates": [[[-54.34248097605452, -15.529820264879941], [-54.342572560544134, -15.529836788028277], [-54.342535918841406, -15.530027692795036], [-54.34244433427534, -15.53001116961895], [-54.34248097605452, -15.529820264879941]]]}, "properties": {"bairro": "Residencial Buritis V", "quadra": "39", "numero_lote": "13", "chave": "Residencial Buritis V|39|13", "area_gis_m2": 215.0, "fonte": "MAPA PVA_RESIDENCIAL BURITIS V.dwg"}}, {"type": "Feature", "geometry": {"type": "Polygon", "coordinates": [[[-54.342572560544134, -15.529836788028277], [-54.34266414505449, -15.529853311140789], [-54.342627503428204, -15.530044215935288], [-54.342535918841406, -15.530027692795036], [-54.342572560544134, -15.529836788028277]]]}, "properties": {"bairro": "Residencial Buritis V", "quadra": "39", "numero_lote": "12", "chave": "Residencial Buritis V|39|12", "area_gis_m2": 215.0, "fonte": "MAPA PVA_RESIDENCIAL BURITIS V.dwg"}}, {"type": "Feature", "geometry": {"type": "Polygon", "coordinates": [[[-54.34266414505449, -15.529853311140789], [-54.3427557295856, -15.529869834217482], [-54.34271908803575, -15.53006073903974], [-54.342627503428204, -15.530044215935288], [-54.34266414505449, -15.529853311140789]]]}, "properties": {"bairro": "Residencial Buritis V", "quadra": "39", "numero_lote": "11", "chave": "Residencial Buritis V|39|11", "area_gis_m2": 215.0, "fonte": "MAPA PVA_RESIDENCIAL BURITIS V.dwg"}}, {"type": "Feature", "geometry": {"type": "Polygon", "coordinates": [[[-54.3427557295856, -15.529869834217482], [-54.342847314137444, -15.52988635725837], [-54.34281067266404, -15.53007726210837], [-54.34271908803575, -15.53006073903974], [-54.3427557295856, -15.529869834217482]]]}, "properties": {"bairro": "Residencial Buritis V", "quadra": "39", "numero_lote": "10", "chave": "Residencial Buritis V|39|10", "area_gis_m2": 215.0, "fonte": "MAPA PVA_RESIDENCIAL BURITIS V.dwg"}}, {"type": "Feature", "geometry": {"type": "Polygon", "coordinates": [[[-54.342847314137444, -15.52988635725837], [-54.34293889871003, -15.529902880263453], [-54.342902257313064, -15.530093785141206], [-54.34281067266404, -15.53007726210837], [-54.342847314137444, -15.52988635725837]]]}, "properties": {"bairro": "Residencial Buritis V", "quadra": "39", "numero_lote": "9", "chave": "Residencial Buritis V|39|9", "area_gis_m2": 215.0, "fonte": "MAPA PVA_RESIDENCIAL BURITIS V.dwg"}}, {"type": "Feature", "geometry": {"type": "Polygon", "coordinates": [[[-54.34293889871003, -15.529902880263453], [-54.343030483303366, -15.529919403232721], [-54.34299384198284, -15.53011030813822], [-54.342902257313064, -15.530093785141206], [-54.34293889871003, -15.529902880263453]]]}, "properties": {"bairro": "Residencial Buritis V", "quadra": "39", "numero_lote": "8", "chave": "Residencial Buritis V|39|8", "area_gis_m2": 215.0, "fonte": "MAPA PVA_RESIDENCIAL BURITIS V.dwg"}}, {"type": "Feature", "geometry": {"type": "Polygon", "coordinates": [[[-54.343030483303366, -15.529919403232721], [-54.34312206791744, -15.529935926166177], [-54.34308542667336, -15.53012683109944], [-54.34299384198284, -15.53011030813822], [-54.343030483303366, -15.529919403232721]]]}, "properties": {"bairro": "Residencial Buritis V", "quadra": "39", "numero_lote": "7", "chave": "Residencial Buritis V|39|7", "area_gis_m2": 215.0, "fonte": "MAPA PVA_RESIDENCIAL BURITIS V.dwg"}}, {"type": "Feature", "geometry": {"type": "Polygon", "coordinates": [[[-54.34312206791744, -15.529935926166177], [-54.34321365255226, -15.529952449063819], [-54.34317701138461, -15.530143354024819], [-54.34308542667336, -15.53012683109944], [-54.34312206791744, -15.529935926166177]]]}, "properties": {"bairro": "Residencial Buritis V", "quadra": "39", "numero_lote": "6", "chave": "Residencial Buritis V|39|6", "area_gis_m2": 215.0, "fonte": "MAPA PVA_RESIDENCIAL BURITIS V.dwg"}}, {"type": "Feature", "geometry": {"type": "Polygon", "coordinates": [[[-54.34321365255226, -15.529952449063819], [-54.343305237207815, -15.529968971925673], [-54.343268596116616, -15.530159876914421], [-54.34317701138461, -15.530143354024819], [-54.34321365255226, -15.529952449063819]]]}, "properties": {"bairro": "Residencial Buritis V", "quadra": "39", "numero_lote": "5", "chave": "Residencial Buritis V|39|5", "area_gis_m2": 215.0, "fonte": "MAPA PVA_RESIDENCIAL BURITIS V.dwg"}}, {"type": "Feature", "geometry": {"type": "Polygon", "coordinates": [[[-54.343305237207815, -15.529968971925673], [-54.34339682188412, -15.529985494751692], [-54.34336018086936, -15.530176399768186], [-54.343268596116616, -15.530159876914421], [-54.343305237207815, -15.529968971925673]]]}, "properties": {"bairro": "Residencial Buritis V", "quadra": "39", "numero_lote": "4", "chave": "Residencial Buritis V|39|4", "area_gis_m2": 215.0, "fonte": "MAPA PVA_RESIDENCIAL BURITIS V.dwg"}}, {"type": "Feature", "geometry": {"type": "Polygon", "coordinates": [[[-54.34339682188412, -15.529985494751692], [-54.34348840658116, -15.530002017541916], [-54.34345176564285, -15.530192922586146], [-54.34336018086936, -15.530176399768186], [-54.34339682188412, -15.529985494751692]]]}, "properties": {"bairro": "Residencial Buritis V", "quadra": "39", "numero_lote": "3", "chave": "Residencial Buritis V|39|3", "area_gis_m2": 215.0, "fonte": "MAPA PVA_RESIDENCIAL BURITIS V.dwg"}}, {"type": "Feature", "geometry": {"type": "Polygon", "coordinates": [[[-54.34348840658116, -15.530002017541916], [-54.343579991298945, -15.530018540296313], [-54.34354335043707, -15.530209445368289], [-54.34345176564285, -15.530192922586146], [-54.34348840658116, -15.530002017541916]]]}, "properties": {"bairro": "Residencial Buritis V", "quadra": "39", "numero_lote": "2", "chave": "Residencial Buritis V|39|2", "area_gis_m2": 215.0, "fonte": "MAPA PVA_RESIDENCIAL BURITIS V.dwg"}}, {"type": "Feature", "geometry": {"type": "Polygon", "coordinates": [[[-54.342261165205464, -15.529978123159378], [-54.34235274973003, -15.529994646407069], [-54.34231610777854, -15.53018555109867], [-54.34222452317753, -15.530169027823229], [-54.342261165205464, -15.529978123159378]]]}, "properties": {"bairro": "Residencial Buritis V", "quadra": "39", "numero_lote": "16", "chave": "Residencial Buritis V|39|16", "area_gis_m2": 215.0, "fonte": "MAPA PVA_RESIDENCIAL BURITIS V.dwg"}}, {"type": "Feature", "geometry": {"type": "Polygon", "coordinates": [[[-54.34235274973003, -15.529994646407069], [-54.34244433427534, -15.53001116961895], [-54.342407692400286, -15.530202074338302], [-54.34231610777854, -15.53018555109867], [-54.34235274973003, -15.529994646407069]]]}, "properties": {"bairro": "Residencial Buritis V", "quadra": "39", "numero_lote": "17", "chave": "Residencial Buritis V|39|17", "area_gis_m2": 215.0, "fonte": "MAPA PVA_RESIDENCIAL BURITIS V.dwg"}}, {"type": "Feature", "geometry": {"type": "Polygon", "coordinates": [[[-54.34244433427534, -15.53001116961895], [-54.342535918841406, -15.530027692795036], [-54.34249927704278, -15.530218597542138], [-54.342407692400286, -15.530202074338302], [-54.34244433427534, -15.53001116961895]]]}, "properties": {"bairro": "Residencial Buritis V", "quadra": "39", "numero_lote": "18", "chave": "Residencial Buritis V|39|18", "area_gis_m2": 215.0, "fonte": "MAPA PVA_RESIDENCIAL BURITIS V.dwg"}}, {"type": "Feature", "geometry": {"type": "Polygon", "coordinates": [[[-54.342535918841406, -15.530027692795036], [-54.342627503428204, -15.530044215935288], [-54.34259086170602, -15.530235120710165], [-54.34249927704278, -15.530218597542138], [-54.342535918841406, -15.530027692795036]]]}, "properties": {"bairro": "Residencial Buritis V", "quadra": "39", "numero_lote": "19", "chave": "Residencial Buritis V|39|19", "area_gis_m2": 215.0, "fonte": "MAPA PVA_RESIDENCIAL BURITIS V.dwg"}}, {"type": "Feature", "geometry": {"type": "Polygon", "coordinates": [[[-54.342627503428204, -15.530044215935288], [-54.34271908803574, -15.53006073903974], [-54.342682446390015, -15.530251643842366], [-54.34259086170602, -15.530235120710165], [-54.342627503428204, -15.530044215935288]]]}, "properties": {"bairro": "Residencial Buritis V", "quadra": "39", "numero_lote": "20", "chave": "Residencial Buritis V|39|20", "area_gis_m2": 215.0, "fonte": "MAPA PVA_RESIDENCIAL BURITIS V.dwg"}}, {"type": "Feature", "geometry": {"type": "Polygon", "coordinates": [[[-54.34271908803574, -15.53006073903974], [-54.34281067266404, -15.53007726210837], [-54.342774031094734, -15.530268166938754], [-54.342682446390015, -15.530251643842366], [-54.34271908803574, -15.53006073903974]]]}, "properties": {"bairro": "Residencial Buritis V", "quadra": "39", "numero_lote": "21", "chave": "Residencial Buritis V|39|21", "area_gis_m2": 215.0, "fonte": "MAPA PVA_RESIDENCIAL BURITIS V.dwg"}}, {"type": "Feature", "geometry": {"type": "Polygon", "coordinates": [[[-54.34281067266404, -15.53007726210837], [-54.342902257313064, -15.530093785141206], [-54.342865615820216, -15.530284689999347], [-54.342774031094734, -15.530268166938754], [-54.34281067266404, -15.53007726210837]]]}, "properties": {"bairro": "Residencial Buritis V", "quadra": "39", "numero_lote": "22", "chave": "Residencial Buritis V|39|22", "area_gis_m2": 215.0, "fonte": "MAPA PVA_RESIDENCIAL BURITIS V.dwg"}}, {"type": "Feature", "geometry": {"type": "Polygon", "coordinates": [[[-54.342902257313064, -15.530093785141206], [-54.34299384198284, -15.53011030813822], [-54.34295720056643, -15.530301213024098], [-54.342865615820216, -15.530284689999347], [-54.342902257313064, -15.530093785141206]]]}, "properties": {"bairro": "Residencial Buritis V", "quadra": "39", "numero_lote": "23", "chave": "Residencial Buritis V|39|23", "area_gis_m2": 215.0, "fonte": "MAPA PVA_RESIDENCIAL BURITIS V.dwg"}}, {"type": "Feature", "geometry": {"type": "Polygon", "coordinates": [[[-54.34299384198284, -15.53011030813822], [-54.34308542667336, -15.53012683109944], [-54.343048785333394, -15.53031773601305], [-54.34295720056643, -15.530301213024098], [-54.34299384198284, -15.53011030813822]]]}, "properties": {"bairro": "Residencial Buritis V", "quadra": "39", "numero_lote": "24", "chave": "Residencial Buritis V|39|24", "area_gis_m2": 215.0, "fonte": "MAPA PVA_RESIDENCIAL BURITIS V.dwg"}}, {"type": "Feature", "geometry": {"type": "Polygon", "coordinates": [[[-54.34308542667336, -15.53012683109944], [-54.34317701138461, -15.530143354024819], [-54.34314037012109, -15.530334258966187], [-54.343048785333394, -15.53031773601305], [-54.34308542667336, -15.53012683109944]]]}, "properties": {"bairro": "Residencial Buritis V", "quadra": "39", "numero_lote": "25", "chave": "Residencial Buritis V|39|25", "area_gis_m2": 215.0, "fonte": "MAPA PVA_RESIDENCIAL BURITIS V.dwg"}}, {"type": "Feature", "geometry": {"type": "Polygon", "coordinates": [[[-54.34317701138461, -15.530143354024819], [-54.343268596116616, -15.530159876914421], [-54.34323195492954, -15.530350781883534], [-54.34314037012109, -15.530334258966187], [-54.34317701138461, -15.530143354024819]]]}, "properties": {"bairro": "Residencial Buritis V", "quadra": "39", "numero_lote": "26", "chave": "Residencial Buritis V|39|26", "area_gis_m2": 215.0, "fonte": "MAPA PVA_RESIDENCIAL BURITIS V.dwg"}}, {"type": "Feature", "geometry": {"type": "Polygon", "coordinates": [[[-54.343268596116616, -15.530159876914421], [-54.34336018086936, -15.530176399768186], [-54.34332353975872, -15.530367304765067], [-54.34323195492954, -15.530350781883534], [-54.343268596116616, -15.530159876914421]]]}, "properties": {"bairro": "Residencial Buritis V", "quadra": "39", "numero_lote": "27", "chave": "Residencial Buritis V|39|27", "area_gis_m2": 215.0, "fonte": "MAPA PVA_RESIDENCIAL BURITIS V.dwg"}}, {"type": "Feature", "geometry": {"type": "Polygon", "coordinates": [[[-54.34217339464547, -15.530435406398295], [-54.342264979353146, -15.530451929712477], [-54.34222833715231, -15.530642834353543], [-54.34213675236819, -15.530626311011636], [-54.34217339464547, -15.530435406398295]]]}, "properties": {"bairro": "Residencial Buritis V", "quadra": "35", "numero_lote": "15", "chave": "Residencial Buritis V|35|15", "area_gis_m2": 215.0, "fonte": "MAPA PVA_RESIDENCIAL BURITIS V.dwg"}}, {"type": "Feature", "geometry": {"type": "Polygon", "coordinates": [[[-54.342264979353146, -15.530451929712477], [-54.34235656408156, -15.530468452990835], [-54.34231992195716, -15.530659357659657], [-54.34222833715231, -15.530642834353543], [-54.342264979353146, -15.530451929712477]]]}, "properties": {"bairro": "Residencial Buritis V", "quadra": "35", "numero_lote": "14", "chave": "Residencial Buritis V|35|14", "area_gis_m2": 215.0, "fonte": "MAPA PVA_RESIDENCIAL BURITIS V.dwg"}}, {"type": "Feature", "geometry": {"type": "Polygon", "coordinates": [[[-54.34235656408156, -15.530468452990835], [-54.34244814883073, -15.53048497623338], [-54.342411506782774, -15.530675880929971], [-54.34231992195716, -15.530659357659657], [-54.34235656408156, -15.530468452990835]]]}, "properties": {"bairro": "Residencial Buritis V", "quadra": "35", "numero_lote": "13", "chave": "Residencial Buritis V|35|13", "area_gis_m2": 215.0, "fonte": "MAPA PVA_RESIDENCIAL BURITIS V.dwg"}}, {"type": "Feature", "geometry": {"type": "Polygon", "coordinates": [[[-54.34244814883073, -15.53048497623338], [-54.34253973360063, -15.530501499440106], [-54.34250309162912, -15.530692404164453], [-54.342411506782774, -15.530675880929971], [-54.34244814883073, -15.53048497623338]]]}, "properties": {"bairro": "Residencial Buritis V", "quadra": "35", "numero_lote": "12", "chave": "Residencial Buritis V|35|12", "area_gis_m2": 215.0, "fonte": "MAPA PVA_RESIDENCIAL BURITIS V.dwg"}}, {"type": "Feature", "geometry": {"type": "Polygon", "coordinates": [[[-54.34253973360063, -15.530501499440106], [-54.342631318391284, -15.530518022611036], [-54.34259467649621, -15.530708927363124], [-54.34250309162912, -15.530692404164453], [-54.34253973360063, -15.530501499440106]]]}, "properties": {"bairro": "Residencial Buritis V", "quadra": "35", "numero_lote": "11", "chave": "Residencial Buritis V|35|11", "area_gis_m2": 215.0, "fonte": "MAPA PVA_RESIDENCIAL BURITIS V.dwg"}}, {"type": "Feature", "geometry": {"type": "Polygon", "coordinates": [[[-54.342631318391284, -15.530518022611036], [-54.34272290320268, -15.530534545746143], [-54.34268626138405, -15.530725450525976], [-54.34259467649621, -15.530708927363124], [-54.342631318391284, -15.530518022611036]]]}, "properties": {"bairro": "Residencial Buritis V", "quadra": "35", "numero_lote": "10", "chave": "Residencial Buritis V|35|10", "area_gis_m2": 215.0, "fonte": "MAPA PVA_RESIDENCIAL BURITIS V.dwg"}}, {"type": "Feature", "geometry": {"type": "Polygon", "coordinates": [[[-54.34272290320268, -15.530534545746143], [-54.34281448803482, -15.530551068845439], [-54.342777846292634, -15.530741973653031], [-54.34268626138405, -15.530725450525976], [-54.34272290320268, -15.530534545746143]]]}, "properties": {"bairro": "Residencial Buritis V", "quadra": "35", "numero_lote": "9", "chave": "Residencial Buritis V|35|9", "area_gis_m2": 215.0, "fonte": "MAPA PVA_RESIDENCIAL BURITIS V.dwg"}}, {"type": "Feature", "geometry": {"type": "Polygon", "coordinates": [[[-54.34281448803482, -15.530551068845439], [-54.34290607288769, -15.530567591908943], [-54.34286943122196, -15.530758496744273], [-54.342777846292634, -15.530741973653031], [-54.34281448803482, -15.530551068845439]]]}, "properties": {"bairro": "Residencial Buritis V", "quadra": "35", "numero_lote": "8", "chave": "Residencial Buritis V|35|8", "area_gis_m2": 215.0, "fonte": "MAPA PVA_RESIDENCIAL BURITIS V.dwg"}}, {"type": "Feature", "geometry": {"type": "Polygon", "coordinates": [[[-54.34290607288769, -15.530567591908943], [-54.34299765776132, -15.530584114936634], [-54.34296101617203, -15.530775019799705], [-54.34286943122196, -15.530758496744273], [-54.34290607288769, -15.530567591908943]]]}, "properties": {"bairro": "Residencial Buritis V", "quadra": "35", "numero_lote": "7", "chave": "Residencial Buritis V|35|7", "area_gis_m2": 215.0, "fonte": "MAPA PVA_RESIDENCIAL BURITIS V.dwg"}}, {"type": "Feature", "geometry": {"type": "Polygon", "coordinates": [[[-54.34299765776132, -15.530584114936634], [-54.343089242655694, -15.530600637928497], [-54.34305260114285, -15.530791542819303], [-54.34296101617203, -15.530775019799705], [-54.34299765776132, -15.530584114936634]]]}, "properties": {"bairro": "Residencial Buritis V", "quadra": "35", "numero_lote": "6", "chave": "Residencial Buritis V|35|6", "area_gis_m2": 215.0, "fonte": "MAPA PVA_RESIDENCIAL BURITIS V.dwg"}}, {"type": "Feature", "geometry": {"type": "Polygon", "coordinates": [[[-54.343089242655694, -15.530600637928497], [-54.3431808275708, -15.53061716088453], [-54.3431441861344, -15.530808065803106], [-54.34305260114285, -15.530791542819303], [-54.343089242655694, -15.530600637928497]]]}, "properties": {"bairro": "Residencial Buritis V", "quadra": "35", "numero_lote": "5", "chave": "Residencial Buritis V|35|5", "area_gis_m2": 215.0, "fonte": "MAPA PVA_RESIDENCIAL BURITIS V.dwg"}}, {"type": "Feature", "geometry": {"type": "Polygon", "coordinates": [[[-54.3431808275708, -15.53061716088453], [-54.343272412506664, -15.530633683804773], [-54.34323577114671, -15.530824588751102], [-54.3431441861344, -15.530808065803106], [-54.3431808275708, -15.53061716088453]]]}, "properties": {"bairro": "Residencial Buritis V", "quadra": "35", "numero_lote": "4", "chave": "Residencial Buritis V|35|4", "area_gis_m2": 215.0, "fonte": "MAPA PVA_RESIDENCIAL BURITIS V.dwg"}}, {"type": "Feature", "geometry": {"type": "Polygon", "coordinates": [[[-54.34213675236819, -15.530626311011636], [-54.34222833715231, -15.530642834353543], [-54.34219169485557, -15.530833738974998], [-54.34210010999501, -15.530817215605321], [-54.34213675236819, -15.530626311011636]]]}, "properties": {"bairro": "Residencial Buritis V", "quadra": "35", "numero_lote": "16", "chave": "Residencial Buritis V|35|16", "area_gis_m2": 215.0, "fonte": "MAPA PVA_RESIDENCIAL BURITIS V.dwg"}}, {"type": "Feature", "geometry": {"type": "Polygon", "coordinates": [[[-54.34222833715231, -15.530642834353543], [-54.34231992195716, -15.530659357659657], [-54.342283279736876, -15.530850262308869], [-54.34219169485557, -15.530833738974998], [-54.34222833715231, -15.530642834353543]]]}, "properties": {"bairro": "Residencial Buritis V", "quadra": "35", "numero_lote": "17", "chave": "Residencial Buritis V|35|17", "area_gis_m2": 215.0, "fonte": "MAPA PVA_RESIDENCIAL BURITIS V.dwg"}}, {"type": "Feature", "geometry": {"type": "Polygon", "coordinates": [[[-54.34231992195716, -15.530659357659657], [-54.342411506782774, -15.530675880929971], [-54.34237486463892, -15.530866785606923], [-54.342283279736876, -15.530850262308869], [-54.34231992195716, -15.530659357659657]]]}, "properties": {"bairro": "Residencial Buritis V", "quadra": "35", "numero_lote": "18", "chave": "Residencial Buritis V|35|18", "area_gis_m2": 215.0, "fonte": "MAPA PVA_RESIDENCIAL BURITIS V.dwg"}}, {"type": "Feature", "geometry": {"type": "Polygon", "coordinates": [[[-54.342411506782774, -15.530675880929971], [-54.34250309162912, -15.530692404164453], [-54.34246644956171, -15.530883308869148], [-54.34237486463892, -15.530866785606923], [-54.342411506782774, -15.530675880929971]]]}, "properties": {"bairro": "Residencial Buritis V", "quadra": "35", "numero_lote": "19", "chave": "Residencial Buritis V|35|19", "area_gis_m2": 215.0, "fonte": "MAPA PVA_RESIDENCIAL BURITIS V.dwg"}}, {"type": "Feature", "geometry": {"type": "Polygon", "coordinates": [[[-54.34250309162912, -15.530692404164453], [-54.34259467649621, -15.530708927363124], [-54.34255803450526, -15.530899832095596], [-54.34246644956171, -15.530883308869148], [-54.34250309162912, -15.530692404164453]]]}, "properties": {"bairro": "Residencial Buritis V", "quadra": "35", "numero_lote": "20", "chave": "Residencial Buritis V|35|20", "area_gis_m2": 215.0, "fonte": "MAPA PVA_RESIDENCIAL BURITIS V.dwg"}}, {"type": "Feature", "geometry": {"type": "Polygon", "coordinates": [[[-54.34259467649621, -15.530708927363124], [-54.34268626138405, -15.530725450525976], [-54.34264961946954, -15.530916355286202], [-54.34255803450526, -15.530899832095596], [-54.34259467649621, -15.530708927363124]]]}, "properties": {"bairro": "Residencial Buritis V", "quadra": "35", "numero_lote": "21", "chave": "Residencial Buritis V|35|21", "area_gis_m2": 215.0, "fonte": "MAPA PVA_RESIDENCIAL BURITIS V.dwg"}}, {"type": "Feature", "geometry": {"type": "Polygon", "coordinates": [[[-54.34268626138405, -15.530725450525976], [-54.342777846292634, -15.530741973653031], [-54.34274120445457, -15.530932878441014], [-54.34264961946954, -15.530916355286202], [-54.34268626138405, -15.530725450525976]]]}, "properties": {"bairro": "Residencial Buritis V", "quadra": "35", "numero_lote": "22", "chave": "Residencial Buritis V|35|22", "area_gis_m2": 215.0, "fonte": "MAPA PVA_RESIDENCIAL BURITIS V.dwg"}}, {"type": "Feature", "geometry": {"type": "Polygon", "coordinates": [[[-54.342777846292634, -15.530741973653031], [-54.34286943122196, -15.530758496744273], [-54.342832789460346, -15.530949401559996], [-54.34274120445457, -15.530932878441014], [-54.342777846292634, -15.530741973653031]]]}, "properties": {"bairro": "Residencial Buritis V", "quadra": "35", "numero_lote": "23", "chave": "Residencial Buritis V|35|23", "area_gis_m2": 215.0, "fonte": "MAPA PVA_RESIDENCIAL BURITIS V.dwg"}}, {"type": "Feature", "geometry": {"type": "Polygon", "coordinates": [[[-54.34286943122196, -15.530758496744273], [-54.34296101617203, -15.530775019799705], [-54.34292437448686, -15.530965924643166], [-54.342832789460346, -15.530949401559996], [-54.34286943122196, -15.530758496744273]]]}, "properties": {"bairro": "Residencial Buritis V", "quadra": "35", "numero_lote": "24", "chave": "Residencial Buritis V|35|24", "area_gis_m2": 215.0, "fonte": "MAPA PVA_RESIDENCIAL BURITIS V.dwg"}}, {"type": "Feature", "geometry": {"type": "Polygon", "coordinates": [[[-54.34296101617203, -15.530775019799705], [-54.34305260114285, -15.530791542819303], [-54.34301595953412, -15.53098244769052], [-54.34292437448686, -15.530965924643166], [-54.34296101617203, -15.530775019799705]]]}, "properties": {"bairro": "Residencial Buritis V", "quadra": "35", "numero_lote": "25", "chave": "Residencial Buritis V|35|25", "area_gis_m2": 215.0, "fonte": "MAPA PVA_RESIDENCIAL BURITIS V.dwg"}}, {"type": "Feature", "geometry": {"type": "Polygon", "coordinates": [[[-54.34305260114285, -15.530791542819303], [-54.3431441861344, -15.530808065803106], [-54.34310754460213, -15.530998970702083], [-54.34301595953412, -15.53098244769052], [-54.34305260114285, -15.530791542819303]]]}, "properties": {"bairro": "Residencial Buritis V", "quadra": "35", "numero_lote": "26", "chave": "Residencial Buritis V|35|26", "area_gis_m2": 215.0, "fonte": "MAPA PVA_RESIDENCIAL BURITIS V.dwg"}}, {"type": "Feature", "geometry": {"type": "Polygon", "coordinates": [[[-54.3431441861344, -15.530808065803106], [-54.34323577114671, -15.530824588751102], [-54.34319912969088, -15.53101549367781], [-54.34310754460213, -15.530998970702083], [-54.3431441861344, -15.530808065803106]]]}, "properties": {"bairro": "Residencial Buritis V", "quadra": "35", "numero_lote": "27", "chave": "Residencial Buritis V|35|27", "area_gis_m2": 215.0, "fonte": "MAPA PVA_RESIDENCIAL BURITIS V.dwg"}}, {"type": "Feature", "geometry": {"type": "Polygon", "coordinates": [[[-54.34323577114671, -15.530824588751102], [-54.34332735617975, -15.53084111166327], [-54.34329071480037, -15.531032016617726], [-54.34319912969088, -15.53101549367781], [-54.34323577114671, -15.530824588751102]]]}, "properties": {"bairro": "Residencial Buritis V", "quadra": "35", "numero_lote": "28", "chave": "Residencial Buritis V|35|28", "area_gis_m2": 215.0, "fonte": "MAPA PVA_RESIDENCIAL BURITIS V.dwg"}}, {"type": "Feature", "geometry": {"type": "Polygon", "coordinates": [[[-54.34332735617975, -15.53084111166327], [-54.3434189412139, -15.530857634536074], [-54.3433822999306, -15.531048539521842], [-54.34329071480037, -15.531032016617726], [-54.34332735617975, -15.53084111166327]]]}, "properties": {"bairro": "Residencial Buritis V", "quadra": "35", "numero_lote": "29", "chave": "Residencial Buritis V|35|29", "area_gis_m2": 215.0, "fonte": "MAPA PVA_RESIDENCIAL BURITIS V.dwg"}}, {"type": "Feature", "geometry": {"type": "Polygon", "coordinates": [[[-54.34327026376719, -15.531138568213679], [-54.34336184894009, -15.53115509113327], [-54.34332776388953, -15.531332677138732], [-54.34323617864551, -15.531316154193327], [-54.34327026376719, -15.531138568213679]]]}, "properties": {"bairro": "Residencial Buritis V", "quadra": "32", "numero_lote": "2", "chave": "Residencial Buritis V|32|2", "area_gis_m2": 200.0, "fonte": "MAPA PVA_RESIDENCIAL BURITIS V.dwg"}}, {"type": "Feature", "geometry": {"type": "Polygon", "coordinates": [[[-54.34317867861503, -15.53112204525826], [-54.34327026376719, -15.531138568213679], [-54.34323617864551, -15.531316154193327], [-54.34314459342224, -15.531299631212107], [-54.34317867861503, -15.53112204525826]]]}, "properties": {"bairro": "Residencial Buritis V", "quadra": "32", "numero_lote": "3", "chave": "Residencial Buritis V|32|3", "area_gis_m2": 200.0, "fonte": "MAPA PVA_RESIDENCIAL BURITIS V.dwg"}}, {"type": "Feature", "geometry": {"type": "Polygon", "coordinates": [[[-54.34308709348361, -15.531105522267042], [-54.34317867861503, -15.53112204525826], [-54.34314459342224, -15.531299631212107], [-54.343053008219705, -15.531283108195073], [-54.34308709348361, -15.531105522267042]]]}, "properties": {"bairro": "Residencial Buritis V", "quadra": "32", "numero_lote": "4", "chave": "Residencial Buritis V|32|4", "area_gis_m2": 200.0, "fonte": "MAPA PVA_RESIDENCIAL BURITIS V.dwg"}}, {"type": "Feature", "geometry": {"type": "Polygon", "coordinates": [[[-54.34299550837294, -15.531088999240016], [-54.34308709348361, -15.531105522267042], [-54.343053008219705, -15.531283108195073], [-54.34296142303791, -15.531266585142214], [-54.34299550837294, -15.531088999240016]]]}, "properties": {"bairro": "Residencial Buritis V", "quadra": "32", "numero_lote": "5", "chave": "Residencial Buritis V|32|5", "area_gis_m2": 200.0, "fonte": "MAPA PVA_RESIDENCIAL BURITIS V.dwg"}}, {"type": "Feature", "geometry": {"type": "Polygon", "coordinates": [[[-54.342903923283004, -15.531072476177176], [-54.34299550837294, -15.531088999240016], [-54.34296142303791, -15.531266585142214], [-54.34286983787687, -15.531250062053555], [-54.342903923283004, -15.531072476177176]]]}, "properties": {"bairro": "Residencial Buritis V", "quadra": "32", "numero_lote": "6", "chave": "Residencial Buritis V|32|6", "area_gis_m2": 200.0, "fonte": "MAPA PVA_RESIDENCIAL BURITIS V.dwg"}}, {"type": "Feature", "geometry": {"type": "Polygon", "coordinates": [[[-54.34281233821382, -15.531055953078502], [-54.342903923283004, -15.531072476177176], [-54.34286983787687, -15.531250062053555], [-54.34277825273657, -15.531233538929081], [-54.34281233821382, -15.531055953078502]]]}, "properties": {"bairro": "Residencial Buritis V", "quadra": "32", "numero_lote": "7", "chave": "Residencial Buritis V|32|7", "area_gis_m2": 200.0, "fonte": "MAPA PVA_RESIDENCIAL BURITIS V.dwg"}}, {"type": "Feature", "geometry": {"type": "Polygon", "coordinates": [[[-54.34272075316538, -15.531039429944027], [-54.34281233821382, -15.531055953078502], [-54.34277825273657, -15.531233538929081], [-54.342686667617016, -15.531217015768794], [-54.34272075316538, -15.531039429944027]]]}, "properties": {"bairro": "Residencial Buritis V", "quadra": "32", "numero_lote": "8", "chave": "Residencial Buritis V|32|8", "area_gis_m2": 200.0, "fonte": "MAPA PVA_RESIDENCIAL BURITIS V.dwg"}}, {"type": "Feature", "geometry": {"type": "Polygon", "coordinates": [[[-54.342629168137684, -15.53102290677372], [-54.34272075316538, -15.531039429944027], [-54.342686667617016, -15.531217015768794], [-54.3425950825182, -15.531200492572692], [-54.342629168137684, -15.53102290677372]]]}, "properties": {"bairro": "Residencial Buritis V", "quadra": "32", "numero_lote": "9", "chave": "Residencial Buritis V|32|9", "area_gis_m2": 200.0, "fonte": "MAPA PVA_RESIDENCIAL BURITIS V.dwg"}}, {"type": "Feature", "geometry": {"type": "Polygon", "coordinates": [[[-54.34253758313073, -15.53100638356762], [-54.342629168137684, -15.53102290677372], [-54.3425950825182, -15.531200492572692], [-54.34250349744014, -15.53118396934078], [-54.34253758313073, -15.53100638356762]]]}, "properties": {"bairro": "Residencial Buritis V", "quadra": "32", "numero_lote": "10", "chave": "Residencial Buritis V|32|10", "area_gis_m2": 200.0, "fonte": "MAPA PVA_RESIDENCIAL BURITIS V.dwg"}}, {"type": "Feature", "geometry": {"type": "Polygon", "coordinates": [[[-54.34244599814452, -15.530989860325702], [-54.34253758313073, -15.53100638356762], [-54.34250349744014, -15.53118396934078], [-54.342411912382815, -15.531167446073033], [-54.34244599814452, -15.530989860325702]]]}, "properties": {"bairro": "Residencial Buritis V", "quadra": "32", "numero_lote": "11", "chave": "Residencial Buritis V|32|11", "area_gis_m2": 200.0, "fonte": "MAPA PVA_RESIDENCIAL BURITIS V.dwg"}}, {"type": "Feature", "geometry": {"type": "Polygon", "coordinates": [[[-54.342354413179066, -15.530973337047982], [-54.34244599814452, -15.530989860325702], [-54.342411912382815, -15.531167446073033], [-54.34232032734624, -15.531150922769491], [-54.342354413179066, -15.530973337047982]]]}, "properties": {"bairro": "Residencial Buritis V", "quadra": "32", "numero_lote": "12", "chave": "Residencial Buritis V|32|12", "area_gis_m2": 200.0, "fonte": "MAPA PVA_RESIDENCIAL BURITIS V.dwg"}}, {"type": "Feature", "geometry": {"type": "Polygon", "coordinates": [[[-54.34226282823435, -15.530956813734447], [-54.342354413179066, -15.530973337047982], [-54.34232032734624, -15.531150922769491], [-54.34222874233042, -15.531134399430119], [-54.34226282823435, -15.530956813734447]]]}, "properties": {"bairro": "Residencial Buritis V", "quadra": "32", "numero_lote": "13", "chave": "Residencial Buritis V|32|13", "area_gis_m2": 200.0, "fonte": "MAPA PVA_RESIDENCIAL BURITIS V.dwg"}}, {"type": "Feature", "geometry": {"type": "Polygon", "coordinates": [[[-54.342171243310375, -15.5309402903851], [-54.34226282823435, -15.530956813734447], [-54.34222874233042, -15.531134399430119], [-54.34213715733534, -15.531117876054951], [-54.342171243310375, -15.5309402903851]]]}, "properties": {"bairro": "Residencial Buritis V", "quadra": "32", "numero_lote": "14", "chave": "Residencial Buritis V|32|14", "area_gis_m2": 200.0, "fonte": "MAPA PVA_RESIDENCIAL BURITIS V.dwg"}}, {"type": "Feature", "geometry": {"type": "Polygon", "coordinates": [[[-54.34207965840715, -15.530923766999914], [-54.342171243310375, -15.5309402903851], [-54.34213715733534, -15.531117876054951], [-54.342045572360995, -15.531101352643965], [-54.34207965840715, -15.530923766999914]]]}, "properties": {"bairro": "Residencial Buritis V", "quadra": "32", "numero_lote": "15", "chave": "Residencial Buritis V|32|15", "area_gis_m2": 200.0, "fonte": "MAPA PVA_RESIDENCIAL BURITIS V.dwg"}}, {"type": "Feature", "geometry": {"type": "Polygon", "coordinates": [[[-54.34323617864551, -15.531316154193327], [-54.34332776388953, -15.531332677138732], [-54.343293678756, -15.531510263127227], [-54.34320209344086, -15.531493740156016], [-54.34323617864551, -15.531316154193327]]]}, "properties": {"bairro": "Residencial Buritis V", "quadra": "32", "numero_lote": "29", "chave": "Residencial Buritis V|32|29", "area_gis_m2": 200.0, "fonte": "MAPA PVA_RESIDENCIAL BURITIS V.dwg"}}, {"type": "Feature", "geometry": {"type": "Polygon", "coordinates": [[[-54.34314459342224, -15.531299631212107], [-54.34323617864551, -15.531316154193327], [-54.34320209344086, -15.531493740156016], [-54.34311050814647, -15.531477217148987], [-54.34314459342224, -15.531299631212107]]]}, "properties": {"bairro": "Residencial Buritis V", "quadra": "32", "numero_lote": "28", "chave": "Residencial Buritis V|32|28", "area_gis_m2": 200.0, "fonte": "MAPA PVA_RESIDENCIAL BURITIS V.dwg"}}, {"type": "Feature", "geometry": {"type": "Polygon", "coordinates": [[[-54.343053008219705, -15.531283108195073], [-54.34314459342224, -15.531299631212107], [-54.34311050814647, -15.531477217148987], [-54.34301892287282, -15.531460694106126], [-54.343053008219705, -15.531283108195073]]]}, "properties": {"bairro": "Residencial Buritis V", "quadra": "32", "numero_lote": "27", "chave": "Residencial Buritis V|32|27", "area_gis_m2": 200.0, "fonte": "MAPA PVA_RESIDENCIAL BURITIS V.dwg"}}, {"type": "Feature", "geometry": {"type": "Polygon", "coordinates": [[[-54.34296142303791, -15.531266585142214], [-54.343053008219705, -15.531283108195073], [-54.34301892287282, -15.531460694106126], [-54.34292733761992, -15.53144417102746], [-54.34296142303791, -15.531266585142214]]]}, "properties": {"bairro": "Residencial Buritis V", "quadra": "32", "numero_lote": "26", "chave": "Residencial Buritis V|32|26", "area_gis_m2": 200.0, "fonte": "MAPA PVA_RESIDENCIAL BURITIS V.dwg"}}, {"type": "Feature", "geometry": {"type": "Polygon", "coordinates": [[[-54.34286983787687, -15.531250062053555], [-54.34296142303791, -15.531266585142214], [-54.34292733761992, -15.53144417102746], [-54.34283575238776, -15.531427647912986], [-54.34286983787687, -15.531250062053555]]]}, "properties": {"bairro": "Residencial Buritis V", "quadra": "32", "numero_lote": "25", "chave": "Residencial Buritis V|32|25", "area_gis_m2": 200.0, "fonte": "MAPA PVA_RESIDENCIAL BURITIS V.dwg"}}, {"type": "Feature", "geometry": {"type": "Polygon", "coordinates": [[[-54.34277825273657, -15.531233538929081], [-54.34286983787687, -15.531250062053555], [-54.34283575238776, -15.531427647912986], [-54.34274416717634, -15.531411124762707], [-54.34277825273657, -15.531233538929081]]]}, "properties": {"bairro": "Residencial Buritis V", "quadra": "32", "numero_lote": "24", "chave": "Residencial Buritis V|32|24", "area_gis_m2": 200.0, "fonte": "MAPA PVA_RESIDENCIAL BURITIS V.dwg"}}, {"type": "Feature", "geometry": {"type": "Polygon", "coordinates": [[[-54.342686667617016, -15.531217015768794], [-54.34277825273657, -15.531233538929081], [-54.34274416717634, -15.531411124762707], [-54.342652581985675, -15.531394601576592], [-54.342686667617016, -15.531217015768794]]]}, "properties": {"bairro": "Residencial Buritis V", "quadra": "32", "numero_lote": "23", "chave": "Residencial Buritis V|32|23", "area_gis_m2": 200.0, "fonte": "MAPA PVA_RESIDENCIAL BURITIS V.dwg"}}, {"type": "Feature", "geometry": {"type": "Polygon", "coordinates": [[[-54.3425950825182, -15.531200492572692], [-54.342686667617016, -15.531217015768794], [-54.342652581985675, -15.531394601576592], [-54.34256099681575, -15.53137807835467], [-54.3425950825182, -15.531200492572692]]]}, "properties": {"bairro": "Residencial Buritis V", "quadra": "32", "numero_lote": "22", "chave": "Residencial Buritis V|32|22", "area_gis_m2": 200.0, "fonte": "MAPA PVA_RESIDENCIAL BURITIS V.dwg"}}, {"type": "Feature", "geometry": {"type": "Polygon", "coordinates": [[[-54.34250349744014, -15.53118396934078], [-54.3425950825182, -15.531200492572692], [-54.34256099681575, -15.53137807835467], [-54.34246941166657, -15.53136155509694], [-54.34250349744014, -15.53118396934078]]]}, "properties": {"bairro": "Residencial Buritis V", "quadra": "32", "numero_lote": "21", "chave": "Residencial Buritis V|32|21", "area_gis_m2": 200.0, "fonte": "MAPA PVA_RESIDENCIAL BURITIS V.dwg"}}, {"type": "Feature", "geometry": {"type": "Polygon", "coordinates": [[[-54.342411912382815, -15.531167446073033], [-54.34250349744014, -15.53118396934078], [-54.34246941166657, -15.53136155509694], [-54.34237782653813, -15.531345031803395], [-54.342411912382815, -15.531167446073033]]]}, "properties": {"bairro": "Residencial Buritis V", "quadra": "32", "numero_lote": "20", "chave": "Residencial Buritis V|32|20", "area_gis_m2": 200.0, "fonte": "MAPA PVA_RESIDENCIAL BURITIS V.dwg"}}, {"type": "Feature", "geometry": {"type": "Polygon", "coordinates": [[[-54.34232032734624, -15.531150922769491], [-54.342411912382815, -15.531167446073033], [-54.34237782653813, -15.531345031803395], [-54.34228624143044, -15.531328508474031], [-54.34232032734624, -15.531150922769491]]]}, "properties": {"bairro": "Residencial Buritis V", "quadra": "32", "numero_lote": "19", "chave": "Residencial Buritis V|32|19", "area_gis_m2": 200.0, "fonte": "MAPA PVA_RESIDENCIAL BURITIS V.dwg"}}, {"type": "Feature", "geometry": {"type": "Polygon", "coordinates": [[[-54.34222874233042, -15.531134399430119], [-54.34232032734624, -15.531150922769491], [-54.34228624143044, -15.531328508474031], [-54.3421946563435, -15.53131198510885], [-54.34222874233042, -15.531134399430119]]]}, "properties": {"bairro": "Residencial Buritis V", "quadra": "32", "numero_lote": "18", "chave": "Residencial Buritis V|32|18", "area_gis_m2": 200.0, "fonte": "MAPA PVA_RESIDENCIAL BURITIS V.dwg"}}, {"type": "Feature", "geometry": {"type": "Polygon", "coordinates": [[[-54.34213715733534, -15.531117876054951], [-54.34222874233042, -15.531134399430119], [-54.3421946563435, -15.53131198510885], [-54.34210307127731, -15.531295461707867], [-54.34213715733534, -15.531117876054951]]]}, "properties": {"bairro": "Residencial Buritis V", "quadra": "32", "numero_lote": "17", "chave": "Residencial Buritis V|32|17", "area_gis_m2": 200.0, "fonte": "MAPA PVA_RESIDENCIAL BURITIS V.dwg"}}, {"type": "Feature", "geometry": {"type": "Polygon", "coordinates": [[[-54.342045572360995, -15.531101352643965], [-54.34213715733534, -15.531117876054951], [-54.34210307127731, -15.531295461707867], [-54.342011486231854, -15.531278938271074], [-54.342045572360995, -15.531101352643965]]]}, "properties": {"bairro": "Residencial Buritis V", "quadra": "32", "numero_lote": "16", "chave": "Residencial Buritis V|32|16", "area_gis_m2": 200.0, "fonte": "MAPA PVA_RESIDENCIAL BURITIS V.dwg"}}, {"type": "Feature", "geometry": {"type": "Polygon", "coordinates": [[[-54.34190752302543, -15.531820574328766], [-54.34199910828778, -15.531837097844333], [-54.34196502189366, -15.532014683428436], [-54.341873436560185, -15.53199815988708], [-54.34190752302543, -15.531820574328766]]]}, "properties": {"bairro": "Residencial Buritis V", "quadra": "24", "numero_lote": "15", "chave": "Residencial Buritis V|24|15", "area_gis_m2": 200.0, "fonte": "MAPA PVA_RESIDENCIAL BURITIS V.dwg"}}, {"type": "Feature", "geometry": {"type": "Polygon", "coordinates": [[[-54.34199910828778, -15.531837097844333], [-54.342090693570874, -15.531853621324064], [-54.34205660724786, -15.532031206933986], [-54.34196502189366, -15.532014683428436], [-54.34199910828778, -15.531837097844333]]]}, "properties": {"bairro": "Residencial Buritis V", "quadra": "24", "numero_lote": "14", "chave": "Residencial Buritis V|24|14", "area_gis_m2": 200.0, "fonte": "MAPA PVA_RESIDENCIAL BURITIS V.dwg"}}, {"type": "Feature", "geometry": {"type": "Polygon", "coordinates": [[[-54.342090693570874, -15.531853621324064], [-54.342182278874716, -15.531870144767979], [-54.34214819262282, -15.532047730403743], [-54.34205660724786, -15.532031206933986], [-54.342090693570874, -15.531853621324064]]]}, "properties": {"bairro": "Residencial Buritis V", "quadra": "24", "numero_lote": "13", "chave": "Residencial Buritis V|24|13", "area_gis_m2": 200.0, "fonte": "MAPA PVA_RESIDENCIAL BURITIS V.dwg"}}, {"type": "Feature", "geometry": {"type": "Polygon", "coordinates": [[[-54.342182278874716, -15.531870144767979], [-54.34227386419931, -15.531886668176083], [-54.34223977801854, -15.532064253837659], [-54.34214819262282, -15.532047730403743], [-54.342182278874716, -15.531870144767979]]]}, "properties": {"bairro": "Residencial Buritis V", "quadra": "24", "numero_lote": "12", "chave": "Residencial Buritis V|24|12", "area_gis_m2": 200.0, "fonte": "MAPA PVA_RESIDENCIAL BURITIS V.dwg"}}, {"type": "Feature", "geometry": {"type": "Polygon", "coordinates": [[[-54.34227386419931, -15.531886668176083], [-54.342365449544644, -15.531903191548375], [-54.34233136343499, -15.532080777235777], [-54.34223977801854, -15.532064253837659], [-54.34227386419931, -15.531886668176083]]]}, "properties": {"bairro": "Residencial Buritis V", "quadra": "24", "numero_lote": "11", "chave": "Residencial Buritis V|24|11", "area_gis_m2": 200.0, "fonte": "MAPA PVA_RESIDENCIAL BURITIS V.dwg"}}, {"type": "Feature", "geometry": {"type": "Polygon", "coordinates": [[[-54.342365449544644, -15.531903191548375], [-54.34245703491074, -15.531919714884841], [-54.34242294887219, -15.53209730059807], [-54.34233136343499, -15.532080777235777], [-54.342365449544644, -15.531903191548375]]]}, "properties": {"bairro": "Residencial Buritis V", "quadra": "24", "numero_lote": "10", "chave": "Residencial Buritis V|24|10", "area_gis_m2": 200.0, "fonte": "MAPA PVA_RESIDENCIAL BURITIS V.dwg"}}, {"type": "Feature", "geometry": {"type": "Polygon", "coordinates": [[[-54.34245703491074, -15.531919714884841], [-54.34254862029756, -15.531936238185512], [-54.34251453433015, -15.532113823924545], [-54.34242294887219, -15.53209730059807], [-54.34245703491074, -15.531919714884841]]]}, "properties": {"bairro": "Residencial Buritis V", "quadra": "24", "numero_lote": "9", "chave": "Residencial Buritis V|24|9", "area_gis_m2": 200.0, "fonte": "MAPA PVA_RESIDENCIAL BURITIS V.dwg"}}, {"type": "Feature", "geometry": {"type": "Polygon", "coordinates": [[[-54.34254862029756, -15.531936238185512], [-54.342640205705145, -15.53195276145035], [-54.34260611980884, -15.532130347215192], [-54.34251453433015, -15.532113823924545], [-54.34254862029756, -15.531936238185512]]]}, "properties": {"bairro": "Residencial Buritis V", "quadra": "24", "numero_lote": "8", "chave": "Residencial Buritis V|24|8", "area_gis_m2": 200.0, "fonte": "MAPA PVA_RESIDENCIAL BURITIS V.dwg"}}, {"type": "Feature", "geometry": {"type": "Polygon", "coordinates": [[[-54.342640205705145, -15.53195276145035], [-54.34273179113346, -15.531969284679374], [-54.34269770530828, -15.532146870470042], [-54.34260611980884, -15.532130347215192], [-54.342640205705145, -15.53195276145035]]]}, "properties": {"bairro": "Residencial Buritis V", "quadra": "24", "numero_lote": "7", "chave": "Residencial Buritis V|24|7", "area_gis_m2": 200.0, "fonte": "MAPA PVA_RESIDENCIAL BURITIS V.dwg"}}, {"type": "Feature", "geometry": {"type": "Polygon", "coordinates": [[[-54.34273179113346, -15.531969284679374], [-54.34282337658253, -15.531985807872584], [-54.34278929082847, -15.53216339368907], [-54.34269770530828, -15.532146870470042], [-54.34273179113346, -15.531969284679374]]]}, "properties": {"bairro": "Residencial Buritis V", "quadra": "24", "numero_lote": "6", "chave": "Residencial Buritis V|24|6", "area_gis_m2": 200.0, "fonte": "MAPA PVA_RESIDENCIAL BURITIS V.dwg"}}, {"type": "Feature", "geometry": {"type": "Polygon", "coordinates": [[[-54.34282337658253, -15.531985807872584], [-54.34291496205235, -15.53200233103], [-54.3428808763694, -15.53217991687229], [-54.34278929082847, -15.53216339368907], [-54.34282337658253, -15.531985807872584]]]}, "properties": {"bairro": "Residencial Buritis V", "quadra": "24", "numero_lote": "5", "chave": "Residencial Buritis V|24|5", "area_gis_m2": 200.0, "fonte": "MAPA PVA_RESIDENCIAL BURITIS V.dwg"}}, {"type": "Feature", "geometry": {"type": "Polygon", "coordinates": [[[-54.34291496205235, -15.53200233103], [-54.3430065475429, -15.53201885415157], [-54.342972461931076, -15.532196440019682], [-54.3428808763694, -15.53217991687229], [-54.34291496205235, -15.53200233103]]]}, "properties": {"bairro": "Residencial Buritis V", "quadra": "24", "numero_lote": "4", "chave": "Residencial Buritis V|24|4", "area_gis_m2": 200.0, "fonte": "MAPA PVA_RESIDENCIAL BURITIS V.dwg"}}, {"type": "Feature", "geometry": {"type": "Polygon", "coordinates": [[[-54.3430065475429, -15.53201885415157], [-54.343098133054205, -15.532035377237344], [-54.3430640475135, -15.532212963131268], [-54.342972461931076, -15.532196440019682], [-54.3430065475429, -15.53201885415157]]]}, "properties": {"bairro": "Residencial Buritis V", "quadra": "24", "numero_lote": "3", "chave": "Residencial Buritis V|24|3", "area_gis_m2": 200.0, "fonte": "MAPA PVA_RESIDENCIAL BURITIS V.dwg"}}, {"type": "Feature", "geometry": {"type": "Polygon", "coordinates": [[[-54.343098133054205, -15.532035377237344], [-54.34318971858625, -15.53205190028729], [-54.34315563311667, -15.532229486207026], [-54.3430640475135, -15.532212963131268], [-54.343098133054205, -15.532035377237344]]]}, "properties": {"bairro": "Residencial Buritis V", "quadra": "24", "numero_lote": "2", "chave": "Residencial Buritis V|24|2", "area_gis_m2": 200.0, "fonte": "MAPA PVA_RESIDENCIAL BURITIS V.dwg"}}, {"type": "Feature", "geometry": {"type": "Polygon", "coordinates": [[[-54.341873436560185, -15.53199815988708], [-54.34196502189366, -15.532014683428436], [-54.341930935416535, -15.53219226899559], [-54.34183935001195, -15.532175745428402], [-54.341873436560185, -15.53199815988708]]]}, "properties": {"bairro": "Residencial Buritis V", "quadra": "24", "numero_lote": "16", "chave": "Residencial Buritis V|24|16", "area_gis_m2": 200.0, "fonte": "MAPA PVA_RESIDENCIAL BURITIS V.dwg"}}, {"type": "Feature", "geometry": {"type": "Polygon", "coordinates": [[[-54.34196502189366, -15.532014683428436], [-54.34205660724786, -15.532031206933986], [-54.342022520841866, -15.532208792526975], [-54.341930935416535, -15.53219226899559], [-54.34196502189366, -15.532014683428436]]]}, "properties": {"bairro": "Residencial Buritis V", "quadra": "24", "numero_lote": "17", "chave": "Residencial Buritis V|24|17", "area_gis_m2": 200.0, "fonte": "MAPA PVA_RESIDENCIAL BURITIS V.dwg"}}, {"type": "Feature", "geometry": {"type": "Polygon", "coordinates": [[[-54.34205660724786, -15.532031206933986], [-54.34214819262282, -15.532047730403743], [-54.342114106287944, -15.532225316022547], [-54.342022520841866, -15.532208792526975], [-54.34205660724786, -15.532031206933986]]]}, "properties": {"bairro": "Residencial Buritis V", "quadra": "24", "numero_lote": "18", "chave": "Residencial Buritis V|24|18", "area_gis_m2": 200.0, "fonte": "MAPA PVA_RESIDENCIAL BURITIS V.dwg"}}, {"type": "Feature", "geometry": {"type": "Polygon", "coordinates": [[[-54.34214819262282, -15.532047730403743], [-54.34223977801854, -15.532064253837659], [-54.34220569175477, -15.532241839482289], [-54.342114106287944, -15.532225316022547], [-54.34214819262282, -15.532047730403743]]]}, "properties": {"bairro": "Residencial Buritis V", "quadra": "24", "numero_lote": "19", "chave": "Residencial Buritis V|24|19", "area_gis_m2": 200.0, "fonte": "MAPA PVA_RESIDENCIAL BURITIS V.dwg"}}, {"type": "Feature", "geometry": {"type": "Polygon", "coordinates": [[[-54.34223977801854, -15.532064253837659], [-54.34233136343499, -15.532080777235777], [-54.342297277242345, -15.532258362906202], [-54.34220569175477, -15.532241839482289], [-54.34223977801854, -15.532064253837659]]]}, "properties": {"bairro": "Residencial Buritis V", "quadra": "24", "numero_lote": "20", "chave": "Residencial Buritis V|24|20", "area_gis_m2": 200.0, "fonte": "MAPA PVA_RESIDENCIAL BURITIS V.dwg"}}, {"type": "Feature", "geometry": {"type": "Polygon", "coordinates": [[[-54.34233136343499, -15.532080777235777], [-54.34242294887219, -15.53209730059807], [-54.34238886275067, -15.532274886294303], [-54.342297277242345, -15.532258362906202], [-54.34233136343499, -15.532080777235777]]]}, "properties": {"bairro": "Residencial Buritis V", "quadra": "24", "numero_lote": "21", "chave": "Residencial Buritis V|24|21", "area_gis_m2": 200.0, "fonte": "MAPA PVA_RESIDENCIAL BURITIS V.dwg"}}, {"type": "Feature", "geometry": {"type": "Polygon", "coordinates": [[[-54.34242294887219, -15.53209730059807], [-54.34251453433014, -15.532113823924545], [-54.34248044827974, -15.532291409646609], [-54.34238886275067, -15.532274886294303], [-54.34242294887219, -15.53209730059807]]]}, "properties": {"bairro": "Residencial Buritis V", "quadra": "24", "numero_lote": "22", "chave": "Residencial Buritis V|24|22", "area_gis_m2": 200.0, "fonte": "MAPA PVA_RESIDENCIAL BURITIS V.dwg"}}, {"type": "Feature", "geometry": {"type": "Polygon", "coordinates": [[[-54.34251453433014, -15.532113823924545], [-54.34260611980884, -15.532130347215192], [-54.342572033829555, -15.532307932963086], [-54.34248044827974, -15.532291409646609], [-54.34251453433014, -15.532113823924545]]]}, "properties": {"bairro": "Residencial Buritis V", "quadra": "24", "numero_lote": "23", "chave": "Residencial Buritis V|24|23", "area_gis_m2": 200.0, "fonte": "MAPA PVA_RESIDENCIAL BURITIS V.dwg"}}, {"type": "Feature", "geometry": {"type": "Polygon", "coordinates": [[[-54.34260611980884, -15.532130347215192], [-54.34269770530828, -15.532146870470042], [-54.34266361940012, -15.532324456243744], [-54.342572033829555, -15.532307932963086], [-54.34260611980884, -15.532130347215192]]]}, "properties": {"bairro": "Residencial Buritis V", "quadra": "24", "numero_lote": "24", "chave": "Residencial Buritis V|24|24", "area_gis_m2": 200.0, "fonte": "MAPA PVA_RESIDENCIAL BURITIS V.dwg"}}, {"type": "Feature", "geometry": {"type": "Polygon", "coordinates": [[[-54.34269770530828, -15.532146870470042], [-54.34278929082847, -15.53216339368907], [-54.34275520499142, -15.53234097948857], [-54.34266361940012, -15.532324456243744], [-54.34269770530828, -15.532146870470042]]]}, "properties": {"bairro": "Residencial Buritis V", "quadra": "24", "numero_lote": "25", "chave": "Residencial Buritis V|24|25", "area_gis_m2": 200.0, "fonte": "MAPA PVA_RESIDENCIAL BURITIS V.dwg"}}, {"type": "Feature", "geometry": {"type": "Polygon", "coordinates": [[[-54.34278929082847, -15.53216339368907], [-54.3428808763694, -15.53217991687229], [-54.342846790603474, -15.532357502697607], [-54.34275520499142, -15.53234097948857], [-54.34278929082847, -15.53216339368907]]]}, "properties": {"bairro": "Residencial Buritis V", "quadra": "24", "numero_lote": "26", "chave": "Residencial Buritis V|24|26", "area_gis_m2": 200.0, "fonte": "MAPA PVA_RESIDENCIAL BURITIS V.dwg"}}, {"type": "Feature", "geometry": {"type": "Polygon", "coordinates": [[[-54.3428808763694, -15.53217991687229], [-54.342972461931076, -15.532196440019682], [-54.342938376236276, -15.532374025870809], [-54.342846790603474, -15.532357502697607], [-54.3428808763694, -15.53217991687229]]]}, "properties": {"bairro": "Residencial Buritis V", "quadra": "24", "numero_lote": "27", "chave": "Residencial Buritis V|24|27", "area_gis_m2": 200.0, "fonte": "MAPA PVA_RESIDENCIAL BURITIS V.dwg"}}, {"type": "Feature", "geometry": {"type": "Polygon", "coordinates": [[[-54.342972461931076, -15.532196440019682], [-54.3430640475135, -15.532212963131268], [-54.34302996188982, -15.5323905490082], [-54.342938376236276, -15.532374025870809], [-54.342972461931076, -15.532196440019682]]]}, "properties": {"bairro": "Residencial Buritis V", "quadra": "24", "numero_lote": "28", "chave": "Residencial Buritis V|24|28", "area_gis_m2": 200.0, "fonte": "MAPA PVA_RESIDENCIAL BURITIS V.dwg"}}, {"type": "Feature", "geometry": {"type": "Polygon", "coordinates": [[[-54.3430640475135, -15.532212963131268], [-54.34315563311667, -15.532229486207026], [-54.34312154756411, -15.532407072109786], [-54.34302996188982, -15.5323905490082], [-54.3430640475135, -15.532212963131268]]]}, "properties": {"bairro": "Residencial Buritis V", "quadra": "24", "numero_lote": "29", "chave": "Residencial Buritis V|24|29", "area_gis_m2": 200.0, "fonte": "MAPA PVA_RESIDENCIAL BURITIS V.dwg"}}, {"type": "Feature", "geometry": {"type": "Polygon", "coordinates": [[[-54.34181889804317, -15.532282296745043], [-54.34191048349043, -15.532298820327739], [-54.34187639688053, -15.532476405867712], [-54.341784811362146, -15.532459882259197], [-54.34181889804317, -15.532282296745043]]]}, "properties": {"bairro": "Residencial Buritis V", "quadra": "20", "numero_lote": "15", "chave": "Residencial Buritis V|20|15", "area_gis_m2": 200.0, "fonte": "MAPA PVA_RESIDENCIAL BURITIS V.dwg"}}, {"type": "Feature", "geometry": {"type": "Polygon", "coordinates": [[[-54.342002068958436, -15.532315343874604], [-54.34209365444718, -15.532331867385661], [-54.34205956797951, -15.532509452977276], [-54.341967982419646, -15.532492929440389], [-54.342002068958436, -15.532315343874604]]]}, "properties": {"bairro": "Residencial Buritis V", "quadra": "20", "numero_lote": "13", "chave": "Residencial Buritis V|20|13", "area_gis_m2": 200.0, "fonte": "MAPA PVA_RESIDENCIAL BURITIS V.dwg"}}, {"type": "Feature", "geometry": {"type": "Polygon", "coordinates": [[[-54.34191048349043, -15.532298820327739], [-54.342002068958436, -15.532315343874604], [-54.341967982419646, -15.532492929440389], [-54.34187639688053, -15.532476405867712], [-54.34191048349043, -15.532298820327739]]]}, "properties": {"bairro": "Residencial Buritis V", "quadra": "20", "numero_lote": "14", "chave": "Residencial Buritis V|20|14", "area_gis_m2": 200.0, "fonte": "MAPA PVA_RESIDENCIAL BURITIS V.dwg"}}, {"type": "Feature", "geometry": {"type": "Polygon", "coordinates": [[[-54.34209365444718, -15.532331867385661], [-54.34218523995668, -15.532348390860884], [-54.34215115356014, -15.532525976478324], [-54.34205956797951, -15.532509452977276], [-54.34209365444718, -15.532331867385661]]]}, "properties": {"bairro": "Residencial Buritis V", "quadra": "20", "numero_lote": "12", "chave": "Residencial Buritis V|20|12", "area_gis_m2": 200.0, "fonte": "MAPA PVA_RESIDENCIAL BURITIS V.dwg"}}, {"type": "Feature", "geometry": {"type": "Polygon", "coordinates": [[[-54.34218523995668, -15.532348390860884], [-54.34227682548693, -15.532364914300299], [-54.3422427391615, -15.532542499943558], [-54.34215115356014, -15.532525976478324], [-54.34218523995668, -15.532348390860884]]]}, "properties": {"bairro": "Residencial Buritis V", "quadra": "20", "numero_lote": "11", "chave": "Residencial Buritis V|20|11", "area_gis_m2": 200.0, "fonte": "MAPA PVA_RESIDENCIAL BURITIS V.dwg"}}, {"type": "Feature", "geometry": {"type": "Polygon", "coordinates": [[[-54.34227682548693, -15.532364914300299], [-54.34236841103792, -15.53238143770391], [-54.342334324783614, -15.53255902337296], [-54.3422427391615, -15.532542499943558], [-54.34227682548693, -15.532364914300299]]]}, "properties": {"bairro": "Residencial Buritis V", "quadra": "20", "numero_lote": "10", "chave": "Residencial Buritis V|20|10", "area_gis_m2": 200.0, "fonte": "MAPA PVA_RESIDENCIAL BURITIS V.dwg"}}, {"type": "Feature", "geometry": {"type": "Polygon", "coordinates": [[[-54.34236841103792, -15.53238143770391], [-54.34245999660966, -15.532397961071672], [-54.34242591042648, -15.532575546766559], [-54.342334324783614, -15.53255902337296], [-54.34236841103792, -15.53238143770391]]]}, "properties": {"bairro": "Residencial Buritis V", "quadra": "20", "numero_lote": "9", "chave": "Residencial Buritis V|20|9", "area_gis_m2": 200.0, "fonte": "MAPA PVA_RESIDENCIAL BURITIS V.dwg"}}, {"type": "Feature", "geometry": {"type": "Polygon", "coordinates": [[[-54.34245999660966, -15.532397961071672], [-54.34255158220215, -15.532414484403658], [-54.34251749609008, -15.532592070124359], [-54.34242591042648, -15.532575546766559], [-54.34245999660966, -15.532397961071672]]]}, "properties": {"bairro": "Residencial Buritis V", "quadra": "20", "numero_lote": "8", "chave": "Residencial Buritis V|20|8", "area_gis_m2": 200.0, "fonte": "MAPA PVA_RESIDENCIAL BURITIS V.dwg"}}, {"type": "Feature", "geometry": {"type": "Polygon", "coordinates": [[[-54.34255158220215, -15.532414484403658], [-54.34264316781538, -15.532431007699806], [-54.34260908177444, -15.532608593446325], [-54.34251749609008, -15.532592070124359], [-54.34255158220215, -15.532414484403658]]]}, "properties": {"bairro": "Residencial Buritis V", "quadra": "20", "numero_lote": "7", "chave": "Residencial Buritis V|20|7", "area_gis_m2": 200.0, "fonte": "MAPA PVA_RESIDENCIAL BURITIS V.dwg"}}, {"type": "Feature", "geometry": {"type": "Polygon", "coordinates": [[[-54.34264316781538, -15.532431007699806], [-54.342734753449356, -15.532447530960146], [-54.34270066747955, -15.532625116732465], [-54.34260908177444, -15.532608593446325], [-54.34264316781538, -15.532431007699806]]]}, "properties": {"bairro": "Residencial Buritis V", "quadra": "20", "numero_lote": "6", "chave": "Residencial Buritis V|20|6", "area_gis_m2": 200.0, "fonte": "MAPA PVA_RESIDENCIAL BURITIS V.dwg"}}, {"type": "Feature", "geometry": {"type": "Polygon", "coordinates": [[[-54.342734753449356, -15.532447530960146], [-54.342826339104086, -15.532464054184652], [-54.34279225320539, -15.532641639982815], [-54.34270066747955, -15.532625116732465], [-54.342734753449356, -15.532447530960146]]]}, "properties": {"bairro": "Residencial Buritis V", "quadra": "20", "numero_lote": "5", "chave": "Residencial Buritis V|20|5", "area_gis_m2": 200.0, "fonte": "MAPA PVA_RESIDENCIAL BURITIS V.dwg"}}, {"type": "Feature", "geometry": {"type": "Polygon", "coordinates": [[[-54.342826339104086, -15.532464054184652], [-54.34291792477956, -15.53248057737335], [-54.34288383895198, -15.532658163197322], [-54.34279225320539, -15.532641639982815], [-54.342826339104086, -15.532464054184652]]]}, "properties": {"bairro": "Residencial Buritis V", "quadra": "20", "numero_lote": "4", "chave": "Residencial Buritis V|20|4", "area_gis_m2": 200.0, "fonte": "MAPA PVA_RESIDENCIAL BURITIS V.dwg"}}, {"type": "Feature", "geometry": {"type": "Polygon", "coordinates": [[[-54.34291792477956, -15.53248057737335], [-54.343009510475774, -15.532497100526248], [-54.34297542471933, -15.53267468637601], [-54.34288383895198, -15.532658163197322], [-54.34291792477956, -15.53248057737335]]]}, "properties": {"bairro": "Residencial Buritis V", "quadra": "20", "numero_lote": "3", "chave": "Residencial Buritis V|20|3", "area_gis_m2": 200.0, "fonte": "MAPA PVA_RESIDENCIAL BURITIS V.dwg"}}, {"type": "Feature", "geometry": {"type": "Polygon", "coordinates": [[[-54.343009510475774, -15.532497100526248], [-54.34310109619274, -15.532513623643304], [-54.34306701050741, -15.532691209518882], [-54.34297542471933, -15.53267468637601], [-54.343009510475774, -15.532497100526248]]]}, "properties": {"bairro": "Residencial Buritis V", "quadra": "20", "numero_lote": "2", "chave": "Residencial Buritis V|20|2", "area_gis_m2": 200.0, "fonte": "MAPA PVA_RESIDENCIAL BURITIS V.dwg"}}, {"type": "Feature", "geometry": {"type": "Polygon", "coordinates": [[[-54.34178481136215, -15.532459882259197], [-54.34187639688053, -15.532476405867712], [-54.34184231018762, -15.532653991390708], [-54.34175072459813, -15.532637467756398], [-54.34178481136215, -15.532459882259197]]]}, "properties": {"bairro": "Residencial Buritis V", "quadra": "20", "numero_lote": "16", "chave": "Residencial Buritis V|20|16", "area_gis_m2": 200.0, "fonte": "MAPA PVA_RESIDENCIAL BURITIS V.dwg"}}, {"type": "Feature", "geometry": {"type": "Polygon", "coordinates": [[[-54.34187639688053, -15.532476405867712], [-54.341967982419646, -15.532492929440389], [-54.34193389579787, -15.532670514989201], [-54.34184231018762, -15.532653991390708], [-54.34187639688053, -15.532476405867712]]]}, "properties": {"bairro": "Residencial Buritis V", "quadra": "20", "numero_lote": "17", "chave": "Residencial Buritis V|20|17", "area_gis_m2": 200.0, "fonte": "MAPA PVA_RESIDENCIAL BURITIS V.dwg"}}, {"type": "Feature", "geometry": {"type": "Polygon", "coordinates": [[[-54.341967982419646, -15.532492929440389], [-54.34205956797951, -15.532509452977276], [-54.34202548142886, -15.532687038551906], [-54.34193389579787, -15.532670514989201], [-54.341967982419646, -15.532492929440389]]]}, "properties": {"bairro": "Residencial Buritis V", "quadra": "20", "numero_lote": "18", "chave": "Residencial Buritis V|20|18", "area_gis_m2": 200.0, "fonte": "MAPA PVA_RESIDENCIAL BURITIS V.dwg"}}, {"type": "Feature", "geometry": {"type": "Polygon", "coordinates": [[[-54.34205956797951, -15.532509452977276], [-54.34215115356014, -15.532525976478324], [-54.3421170670806, -15.53270356207878], [-54.34202548142886, -15.532687038551906], [-54.34205956797951, -15.532509452977276]]]}, "properties": {"bairro": "Residencial Buritis V", "quadra": "20", "numero_lote": "19", "chave": "Residencial Buritis V|20|19", "area_gis_m2": 200.0, "fonte": "MAPA PVA_RESIDENCIAL BURITIS V.dwg"}}, {"type": "Feature", "geometry": {"type": "Polygon", "coordinates": [[[-54.34215115356014, -15.532525976478324], [-54.3422427391615, -15.532542499943558], [-54.34220865275309, -15.53272008556983], [-54.3421170670806, -15.53270356207878], [-54.34215115356014, -15.532525976478324]]]}, "properties": {"bairro": "Residencial Buritis V", "quadra": "20", "numero_lote": "20", "chave": "Residencial Buritis V|20|20", "area_gis_m2": 200.0, "fonte": "MAPA PVA_RESIDENCIAL BURITIS V.dwg"}}, {"type": "Feature", "geometry": {"type": "Polygon", "coordinates": [[[-54.3422427391615, -15.532542499943558], [-54.342334324783614, -15.53255902337296], [-54.34230023844632, -15.532736609025061], [-54.34220865275309, -15.53272008556983], [-54.3422427391615, -15.532542499943558]]]}, "properties": {"bairro": "Residencial Buritis V", "quadra": "20", "numero_lote": "21", "chave": "Residencial Buritis V|20|21", "area_gis_m2": 200.0, "fonte": "MAPA PVA_RESIDENCIAL BURITIS V.dwg"}}, {"type": "Feature", "geometry": {"type": "Polygon", "coordinates": [[[-54.342334324783614, -15.53255902337296], [-54.342425910426485, -15.532575546766559], [-54.34239182416031, -15.532753132444473], [-54.34230023844632, -15.532736609025061], [-54.342334324783614, -15.53255902337296]]]}, "properties": {"bairro": "Residencial Buritis V", "quadra": "20", "numero_lote": "22", "chave": "Residencial Buritis V|20|22", "area_gis_m2": 200.0, "fonte": "MAPA PVA_RESIDENCIAL BURITIS V.dwg"}}, {"type": "Feature", "geometry": {"type": "Polygon", "coordinates": [[[-54.342425910426485, -15.532575546766559], [-54.34251749609008, -15.532592070124359], [-54.34248340989503, -15.532769655828087], [-54.34239182416031, -15.532753132444473], [-54.342425910426485, -15.532575546766559]]]}, "properties": {"bairro": "Residencial Buritis V", "quadra": "20", "numero_lote": "23", "chave": "Residencial Buritis V|20|23", "area_gis_m2": 200.0, "fonte": "MAPA PVA_RESIDENCIAL BURITIS V.dwg"}}, {"type": "Feature", "geometry": {"type": "Polygon", "coordinates": [[[-54.34251749609008, -15.532592070124359], [-54.34260908177444, -15.532608593446325], [-54.34257499565051, -15.532786179175876], [-54.34248340989503, -15.532769655828087], [-54.34251749609008, -15.532592070124359]]]}, "properties": {"bairro": "Residencial Buritis V", "quadra": "20", "numero_lote": "24", "chave": "Residencial Buritis V|20|24", "area_gis_m2": 200.0, "fonte": "MAPA PVA_RESIDENCIAL BURITIS V.dwg"}}, {"type": "Feature", "geometry": {"type": "Polygon", "coordinates": [[[-54.34260908177444, -15.532608593446325], [-54.34270066747955, -15.532625116732465], [-54.34266658142673, -15.53280270248783], [-54.34257499565051, -15.532786179175876], [-54.34260908177444, -15.532608593446325]]]}, "properties": {"bairro": "Residencial Buritis V", "quadra": "20", "numero_lote": "25", "chave": "Residencial Buritis V|20|25", "area_gis_m2": 200.0, "fonte": "MAPA PVA_RESIDENCIAL BURITIS V.dwg"}}, {"type": "Feature", "geometry": {"type": "Polygon", "coordinates": [[[-54.34270066747955, -15.532625116732465], [-54.34279225320539, -15.532641639982815], [-54.34275816722371, -15.532819225763985], [-54.34266658142673, -15.53280270248783], [-54.34270066747955, -15.532625116732465]]]}, "properties": {"bairro": "Residencial Buritis V", "quadra": "20", "numero_lote": "26", "chave": "Residencial Buritis V|20|26", "area_gis_m2": 200.0, "fonte": "MAPA PVA_RESIDENCIAL BURITIS V.dwg"}}, {"type": "Feature", "geometry": {"type": "Polygon", "coordinates": [[[-54.34279225320539, -15.532641639982815], [-54.34288383895198, -15.532658163197322], [-54.34284975304142, -15.532835749004317], [-54.34275816722371, -15.532819225763985], [-54.34279225320539, -15.532641639982815]]]}, "properties": {"bairro": "Residencial Buritis V", "quadra": "20", "numero_lote": "27", "chave": "Residencial Buritis V|20|27", "area_gis_m2": 200.0, "fonte": "MAPA PVA_RESIDENCIAL BURITIS V.dwg"}}, {"type": "Feature", "geometry": {"type": "Polygon", "coordinates": [[[-54.34288383895198, -15.532658163197322], [-54.34297542471932, -15.53267468637601], [-54.34294133887988, -15.532852272208844], [-54.34284975304142, -15.532835749004317], [-54.34288383895198, -15.532658163197322]]]}, "properties": {"bairro": "Residencial Buritis V", "quadra": "20", "numero_lote": "28", "chave": "Residencial Buritis V|20|28", "area_gis_m2": 200.0, "fonte": "MAPA PVA_RESIDENCIAL BURITIS V.dwg"}}, {"type": "Feature", "geometry": {"type": "Polygon", "coordinates": [[[-54.34297542471932, -15.53267468637601], [-54.34306701050741, -15.532691209518882], [-54.34303292473909, -15.53286879537753], [-54.34294133887988, -15.532852272208844], [-54.34297542471932, -15.53267468637601]]]}, "properties": {"bairro": "Residencial Buritis V", "quadra": "20", "numero_lote": "29", "chave": "Residencial Buritis V|20|29", "area_gis_m2": 200.0, "fonte": "MAPA PVA_RESIDENCIAL BURITIS V.dwg"}}, {"type": "Feature", "geometry": {"type": "Polygon", "coordinates": [[[-54.34173027249989, -15.532744019046543], [-54.34182185813205, -15.532760542696375], [-54.34178521479109, -15.532951447103688], [-54.34169362908247, -15.532934923426117], [-54.34173027249989, -15.532744019046543]]]}, "properties": {"bairro": "Residencial Buritis V", "quadra": "17", "numero_lote": "15", "chave": "Residencial Buritis V|17|15", "area_gis_m2": 215.0, "fonte": "MAPA PVA_RESIDENCIAL BURITIS V.dwg"}}, {"type": "Feature", "geometry": {"type": "Polygon", "coordinates": [[[-54.34182185813205, -15.532760542696375], [-54.34191344378496, -15.532777066310368], [-54.34187680052045, -15.532967970745439], [-54.34178521479109, -15.532951447103688], [-54.34182185813205, -15.532760542696375]]]}, "properties": {"bairro": "Residencial Buritis V", "quadra": "17", "numero_lote": "14", "chave": "Residencial Buritis V|17|14", "area_gis_m2": 215.0, "fonte": "MAPA PVA_RESIDENCIAL BURITIS V.dwg"}}, {"type": "Feature", "geometry": {"type": "Polygon", "coordinates": [[[-54.34191344378496, -15.532777066310368], [-54.342005029458626, -15.532793589888538], [-54.34196838627058, -15.532984494351387], [-54.34187680052045, -15.532967970745439], [-54.34191344378496, -15.532777066310368]]]}, "properties": {"bairro": "Residencial Buritis V", "quadra": "17", "numero_lote": "13", "chave": "Residencial Buritis V|17|13", "area_gis_m2": 215.0, "fonte": "MAPA PVA_RESIDENCIAL BURITIS V.dwg"}}, {"type": "Feature", "geometry": {"type": "Polygon", "coordinates": [[[-54.342005029458626, -15.532793589888538], [-54.34209661515305, -15.532810113430894], [-54.34205997204144, -15.5330010179215], [-54.34196838627058, -15.532984494351387], [-54.342005029458626, -15.532793589888538]]]}, "properties": {"bairro": "Residencial Buritis V", "quadra": "17", "numero_lote": "12", "chave": "Residencial Buritis V|17|12", "area_gis_m2": 215.0, "fonte": "MAPA PVA_RESIDENCIAL BURITIS V.dwg"}}, {"type": "Feature", "geometry": {"type": "Polygon", "coordinates": [[[-54.34209661515305, -15.532810113430894], [-54.3421882008682, -15.532826636937436], [-54.34215155783306, -15.533017541455816], [-54.34205997204144, -15.5330010179215], [-54.34209661515305, -15.532810113430894]]]}, "properties": {"bairro": "Residencial Buritis V", "quadra": "17", "numero_lote": "11", "chave": "Residencial Buritis V|17|11", "area_gis_m2": 215.0, "fonte": "MAPA PVA_RESIDENCIAL BURITIS V.dwg"}}, {"type": "Feature", "geometry": {"type": "Polygon", "coordinates": [[[-54.3421882008682, -15.532826636937436], [-54.3422797866041, -15.532843160408174], [-54.342243143645426, -15.533034064954286], [-54.34215155783306, -15.533017541455816], [-54.3421882008682, -15.532826636937436]]]}, "properties": {"bairro": "Residencial Buritis V", "quadra": "17", "numero_lote": "10", "chave": "Residencial Buritis V|17|10", "area_gis_m2": 215.0, "fonte": "MAPA PVA_RESIDENCIAL BURITIS V.dwg"}}, {"type": "Feature", "geometry": {"type": "Polygon", "coordinates": [[[-54.3422797866041, -15.532843160408174], [-54.342371372360766, -15.532859683843084], [-54.34233472947854, -15.533050588416954], [-54.342243143645426, -15.533034064954286], [-54.3422797866041, -15.532843160408174]]]}, "properties": {"bairro": "Residencial Buritis V", "quadra": "17", "numero_lote": "9", "chave": "Residencial Buritis V|17|9", "area_gis_m2": 215.0, "fonte": "MAPA PVA_RESIDENCIAL BURITIS V.dwg"}}, {"type": "Feature", "geometry": {"type": "Polygon", "coordinates": [[[-54.342371372360766, -15.532859683843084], [-54.342462958138164, -15.532876207242175], [-54.3424263153324, -15.533067111843815], [-54.34233472947854, -15.533050588416954], [-54.342371372360766, -15.532859683843084]]]}, "properties": {"bairro": "Residencial Buritis V", "quadra": "17", "numero_lote": "8", "chave": "Residencial Buritis V|17|8", "area_gis_m2": 215.0, "fonte": "MAPA PVA_RESIDENCIAL BURITIS V.dwg"}}, {"type": "Feature", "geometry": {"type": "Polygon", "coordinates": [[[-54.342462958138164, -15.532876207242175], [-54.342554543936316, -15.532892730605454], [-54.34251790120701, -15.53308363523484], [-54.3424263153324, -15.533067111843815], [-54.342462958138164, -15.532876207242175]]]}, "properties": {"bairro": "Residencial Buritis V", "quadra": "17", "numero_lote": "7", "chave": "Residencial Buritis V|17|7", "area_gis_m2": 215.0, "fonte": "MAPA PVA_RESIDENCIAL BURITIS V.dwg"}}, {"type": "Feature", "geometry": {"type": "Polygon", "coordinates": [[[-54.342554543936316, -15.532892730605454], [-54.34264612975522, -15.532909253932905], [-54.342609487102365, -15.533100158590045], [-54.34251790120701, -15.53308363523484], [-54.342554543936316, -15.532892730605454]]]}, "properties": {"bairro": "Residencial Buritis V", "quadra": "17", "numero_lote": "6", "chave": "Residencial Buritis V|17|6", "area_gis_m2": 215.0, "fonte": "MAPA PVA_RESIDENCIAL BURITIS V.dwg"}}, {"type": "Feature", "geometry": {"type": "Polygon", "coordinates": [[[-54.34264612975522, -15.532909253932905], [-54.34273771559486, -15.532925777224541], [-54.34270107301847, -15.533116681909439], [-54.342609487102365, -15.533100158590045], [-54.34264612975522, -15.532909253932905]]]}, "properties": {"bairro": "Residencial Buritis V", "quadra": "17", "numero_lote": "5", "chave": "Residencial Buritis V|17|5", "area_gis_m2": 215.0, "fonte": "MAPA PVA_RESIDENCIAL BURITIS V.dwg"}}, {"type": "Feature", "geometry": {"type": "Polygon", "coordinates": [[[-54.34273771559486, -15.532925777224541], [-54.342829301455254, -15.532942300480359], [-54.34279265895532, -15.533133205193005], [-54.34270107301847, -15.533116681909439], [-54.34273771559486, -15.532925777224541]]]}, "properties": {"bairro": "Residencial Buritis V", "quadra": "17", "numero_lote": "4", "chave": "Residencial Buritis V|17|4", "area_gis_m2": 215.0, "fonte": "MAPA PVA_RESIDENCIAL BURITIS V.dwg"}}, {"type": "Feature", "geometry": {"type": "Polygon", "coordinates": [[[-54.342829301455254, -15.532942300480359], [-54.34292088733638, -15.532958823700374], [-54.34288424491291, -15.533149728440753], [-54.34279265895532, -15.533133205193005], [-54.342829301455254, -15.532942300480359]]]}, "properties": {"bairro": "Residencial Buritis V", "quadra": "17", "numero_lote": "3", "chave": "Residencial Buritis V|17|3", "area_gis_m2": 215.0, "fonte": "MAPA PVA_RESIDENCIAL BURITIS V.dwg"}}, {"type": "Feature", "geometry": {"type": "Polygon", "coordinates": [[[-54.34292088733638, -15.532958823700374], [-54.343012473238275, -15.532975346884555], [-54.342975830891255, -15.533166251652695], [-54.34288424491291, -15.533149728440753], [-54.34292088733638, -15.532958823700374]]]}, "properties": {"bairro": "Residencial Buritis V", "quadra": "17", "numero_lote": "2", "chave": "Residencial Buritis V|17|2", "area_gis_m2": 215.0, "fonte": "MAPA PVA_RESIDENCIAL BURITIS V.dwg"}}, {"type": "Feature", "geometry": {"type": "Polygon", "coordinates": [[[-54.34169362908247, -15.532934923426117], [-54.34178521479109, -15.532951447103688], [-54.341748571354216, -15.533142351491398], [-54.34165698556913, -15.533125827786069], [-54.34169362908247, -15.532934923426117]]]}, "properties": {"bairro": "Residencial Buritis V", "quadra": "17", "numero_lote": "16", "chave": "Residencial Buritis V|17|16", "area_gis_m2": 215.0, "fonte": "MAPA PVA_RESIDENCIAL BURITIS V.dwg"}}, {"type": "Feature", "geometry": {"type": "Polygon", "coordinates": [[[-54.34178521479109, -15.532951447103688], [-54.34187680052045, -15.532967970745439], [-54.341840157160036, -15.533158875160895], [-54.341748571354216, -15.533142351491398], [-54.34178521479109, -15.532951447103688]]]}, "properties": {"bairro": "Residencial Buritis V", "quadra": "17", "numero_lote": "17", "chave": "Residencial Buritis V|17|17", "area_gis_m2": 215.0, "fonte": "MAPA PVA_RESIDENCIAL BURITIS V.dwg"}}, {"type": "Feature", "geometry": {"type": "Polygon", "coordinates": [[[-54.34187680052045, -15.532967970745439], [-54.34196838627058, -15.532984494351387], [-54.34193174298661, -15.533175398794604], [-54.341840157160036, -15.533158875160895], [-54.34187680052045, -15.532967970745439]]]}, "properties": {"bairro": "Residencial Buritis V", "quadra": "17", "numero_lote": "18", "chave": "Residencial Buritis V|17|18", "area_gis_m2": 215.0, "fonte": "MAPA PVA_RESIDENCIAL BURITIS V.dwg"}}, {"type": "Feature", "geometry": {"type": "Polygon", "coordinates": [[[-54.34196838627058, -15.532984494351387], [-54.34205997204144, -15.5330010179215], [-54.342023328833946, -15.533191922392474], [-54.34193174298661, -15.533175398794604], [-54.34196838627058, -15.532984494351387]]]}, "properties": {"bairro": "Residencial Buritis V", "quadra": "17", "numero_lote": "19", "chave": "Residencial Buritis V|17|19", "area_gis_m2": 215.0, "fonte": "MAPA PVA_RESIDENCIAL BURITIS V.dwg"}}, {"type": "Feature", "geometry": {"type": "Polygon", "coordinates": [[[-54.34205997204144, -15.5330010179215], [-54.34215155783306, -15.533017541455816], [-54.342114914702016, -15.53320844595453], [-54.342023328833946, -15.533191922392474], [-54.34205997204144, -15.5330010179215]]]}, "properties": {"bairro": "Residencial Buritis V", "quadra": "17", "numero_lote": "20", "chave": "Residencial Buritis V|17|20", "area_gis_m2": 215.0, "fonte": "MAPA PVA_RESIDENCIAL BURITIS V.dwg"}}, {"type": "Feature", "geometry": {"type": "Polygon", "coordinates": [[[-54.34215155783306, -15.533017541455816], [-54.342243143645426, -15.533034064954286], [-54.34220650059084, -15.533224969480763], [-54.342114914702016, -15.53320844595453], [-54.34215155783306, -15.533017541455816]]]}, "properties": {"bairro": "Residencial Buritis V", "quadra": "17", "numero_lote": "21", "chave": "Residencial Buritis V|17|21", "area_gis_m2": 215.0, "fonte": "MAPA PVA_RESIDENCIAL BURITIS V.dwg"}}, {"type": "Feature", "geometry": {"type": "Polygon", "coordinates": [[[-54.342243143645426, -15.533034064954286], [-54.34233472947854, -15.533050588416954], [-54.342298086500406, -15.5332414929712], [-54.34220650059084, -15.533224969480763], [-54.342243143645426, -15.533034064954286]]]}, "properties": {"bairro": "Residencial Buritis V", "quadra": "17", "numero_lote": "22", "chave": "Residencial Buritis V|17|22", "area_gis_m2": 215.0, "fonte": "MAPA PVA_RESIDENCIAL BURITIS V.dwg"}}, {"type": "Feature", "geometry": {"type": "Polygon", "coordinates": [[[-54.34233472947854, -15.533050588416954], [-54.342426315332396, -15.533067111843815], [-54.342389672430734, -15.533258016425796], [-54.342298086500406, -15.5332414929712], [-54.34233472947854, -15.533050588416954]]]}, "properties": {"bairro": "Residencial Buritis V", "quadra": "17", "numero_lote": "23", "chave": "Residencial Buritis V|17|23", "area_gis_m2": 215.0, "fonte": "MAPA PVA_RESIDENCIAL BURITIS V.dwg"}}, {"type": "Feature", "geometry": {"type": "Polygon", "coordinates": [[[-54.342426315332396, -15.533067111843815], [-54.34251790120701, -15.53308363523484], [-54.342481258381795, -15.533274539844584], [-54.342389672430734, -15.533258016425796], [-54.342426315332396, -15.533067111843815]]]}, "properties": {"bairro": "Residencial Buritis V", "quadra": "17", "numero_lote": "24", "chave": "Residencial Buritis V|17|24", "area_gis_m2": 215.0, "fonte": "MAPA PVA_RESIDENCIAL BURITIS V.dwg"}}, {"type": "Feature", "geometry": {"type": "Polygon", "coordinates": [[[-54.34251790120701, -15.53308363523484], [-54.342609487102365, -15.533100158590045], [-54.34257284435361, -15.533291063227546], [-54.342481258381795, -15.533274539844584], [-54.34251790120701, -15.53308363523484]]]}, "properties": {"bairro": "Residencial Buritis V", "quadra": "17", "numero_lote": "25", "chave": "Residencial Buritis V|17|25", "area_gis_m2": 215.0, "fonte": "MAPA PVA_RESIDENCIAL BURITIS V.dwg"}}, {"type": "Feature", "geometry": {"type": "Polygon", "coordinates": [[[-54.342609487102365, -15.533100158590045], [-54.34270107301847, -15.533116681909439], [-54.34266443034617, -15.533307586574708], [-54.34257284435361, -15.533291063227546], [-54.342609487102365, -15.533100158590045]]]}, "properties": {"bairro": "Residencial Buritis V", "quadra": "17", "numero_lote": "26", "chave": "Residencial Buritis V|17|26", "area_gis_m2": 215.0, "fonte": "MAPA PVA_RESIDENCIAL BURITIS V.dwg"}}, {"type": "Feature", "geometry": {"type": "Polygon", "coordinates": [[[-54.34270107301847, -15.533116681909439], [-54.34279265895532, -15.533133205193005], [-54.34275601635948, -15.53332410988603], [-54.34266443034617, -15.533307586574708], [-54.34270107301847, -15.533116681909439]]]}, "properties": {"bairro": "Residencial Buritis V", "quadra": "17", "numero_lote": "27", "chave": "Residencial Buritis V|17|27", "area_gis_m2": 215.0, "fonte": "MAPA PVA_RESIDENCIAL BURITIS V.dwg"}}, {"type": "Feature", "geometry": {"type": "Polygon", "coordinates": [[[-54.34160585492512, -15.53339220592994], [-54.34169744081689, -15.533408729674], [-54.34166250150898, -15.53359075474347], [-54.34157091554431, -15.533574230972942], [-54.34160585492512, -15.53339220592994]]]}, "properties": {"bairro": "Residencial Buritis V", "quadra": "10", "numero_lote": "15", "chave": "Residencial Buritis V|10|15", "area_gis_m2": 205.0, "fonte": "MAPA PVA_RESIDENCIAL BURITIS V.dwg"}}, {"type": "Feature", "geometry": {"type": "Polygon", "coordinates": [[[-54.34169744081689, -15.533408729674], [-54.3417890267294, -15.533425253382244], [-54.341754087494394, -15.533607278478177], [-54.34166250150898, -15.53359075474347], [-54.34169744081689, -15.533408729674]]]}, "properties": {"bairro": "Residencial Buritis V", "quadra": "10", "numero_lote": "14", "chave": "Residencial Buritis V|10|14", "area_gis_m2": 205.0, "fonte": "MAPA PVA_RESIDENCIAL BURITIS V.dwg"}}, {"type": "Feature", "geometry": {"type": "Polygon", "coordinates": [[[-54.3417890267294, -15.533425253382244], [-54.34188061266266, -15.533441777054673], [-54.34184567350056, -15.533623802177074], [-54.341754087494394, -15.533607278478177], [-54.3417890267294, -15.533425253382244]]]}, "properties": {"bairro": "Residencial Buritis V", "quadra": "10", "numero_lote": "13", "chave": "Residencial Buritis V|10|13", "area_gis_m2": 205.0, "fonte": "MAPA PVA_RESIDENCIAL BURITIS V.dwg"}}, {"type": "Feature", "geometry": {"type": "Polygon", "coordinates": [[[-54.34188061266266, -15.533441777054673], [-54.34197219861667, -15.533458300691276], [-54.34193725952747, -15.533640325840144], [-54.34184567350056, -15.533623802177074], [-54.34188061266266, -15.533441777054673]]]}, "properties": {"bairro": "Residencial Buritis V", "quadra": "10", "numero_lote": "12", "chave": "Residencial Buritis V|10|12", "area_gis_m2": 205.0, "fonte": "MAPA PVA_RESIDENCIAL BURITIS V.dwg"}}, {"type": "Feature", "geometry": {"type": "Polygon", "coordinates": [[[-54.34197219861667, -15.533458300691276], [-54.34206378459144, -15.533474824292076], [-54.342028845575136, -15.533656849467393], [-54.34193725952747, -15.533640325840144], [-54.34197219861667, -15.533458300691276]]]}, "properties": {"bairro": "Residencial Buritis V", "quadra": "10", "numero_lote": "11", "chave": "Residencial Buritis V|10|11", "area_gis_m2": 205.0, "fonte": "MAPA PVA_RESIDENCIAL BURITIS V.dwg"}}, {"type": "Feature", "geometry": {"type": "Polygon", "coordinates": [[[-54.34206378459144, -15.533474824292076], [-54.342155370586944, -15.533491347857034], [-54.34212043164356, -15.533673373058825], [-54.342028845575136, -15.533656849467393], [-54.34206378459144, -15.533474824292076]]]}, "properties": {"bairro": "Residencial Buritis V", "quadra": "10", "numero_lote": "10", "chave": "Residencial Buritis V|10|10", "area_gis_m2": 205.0, "fonte": "MAPA PVA_RESIDENCIAL BURITIS V.dwg"}}, {"type": "Feature", "geometry": {"type": "Polygon", "coordinates": [[[-54.342155370586944, -15.533491347857034], [-54.342246956603205, -15.533507871386178], [-54.34221201773271, -15.533689896614444], [-54.34212043164356, -15.533673373058825], [-54.342155370586944, -15.533491347857034]]]}, "properties": {"bairro": "Residencial Buritis V", "quadra": "10", "numero_lote": "9", "chave": "Residencial Buritis V|10|9", "area_gis_m2": 205.0, "fonte": "MAPA PVA_RESIDENCIAL BURITIS V.dwg"}}, {"type": "Feature", "geometry": {"type": "Polygon", "coordinates": [[[-54.342246956603205, -15.533507871386178], [-54.342338542640206, -15.533524394879507], [-54.34230360384262, -15.533706420134257], [-54.34221201773271, -15.533689896614444], [-54.342246956603205, -15.533507871386178]]]}, "properties": {"bairro": "Residencial Buritis V", "quadra": "10", "numero_lote": "8", "chave": "Residencial Buritis V|10|8", "area_gis_m2": 205.0, "fonte": "MAPA PVA_RESIDENCIAL BURITIS V.dwg"}}, {"type": "Feature", "geometry": {"type": "Polygon", "coordinates": [[[-54.342338542640206, -15.533524394879507], [-54.34243012869796, -15.533540918337033], [-54.34239518997329, -15.533722943618223], [-54.34230360384262, -15.533706420134257], [-54.342338542640206, -15.533524394879507]]]}, "properties": {"bairro": "Residencial Buritis V", "quadra": "10", "numero_lote": "7", "chave": "Residencial Buritis V|10|7", "area_gis_m2": 205.0, "fonte": "MAPA PVA_RESIDENCIAL BURITIS V.dwg"}}, {"type": "Feature", "geometry": {"type": "Polygon", "coordinates": [[[-54.34243012869796, -15.533540918337033], [-54.342521714776474, -15.533557441758717], [-54.342486776124694, -15.533739467066372], [-54.34239518997329, -15.533722943618223], [-54.34243012869796, -15.533540918337033]]]}, "properties": {"bairro": "Residencial Buritis V", "quadra": "10", "numero_lote": "6", "chave": "Residencial Buritis V|10|6", "area_gis_m2": 205.0, "fonte": "MAPA PVA_RESIDENCIAL BURITIS V.dwg"}}, {"type": "Feature", "geometry": {"type": "Polygon", "coordinates": [[[-54.342521714776474, -15.533557441758717], [-54.34261330087572, -15.533573965144589], [-54.342578362296855, -15.533755990478722], [-54.342486776124694, -15.533739467066372], [-54.342521714776474, -15.533557441758717]]]}, "properties": {"bairro": "Residencial Buritis V", "quadra": "10", "numero_lote": "5", "chave": "Residencial Buritis V|10|5", "area_gis_m2": 205.0, "fonte": "MAPA PVA_RESIDENCIAL BURITIS V.dwg"}}, {"type": "Feature", "geometry": {"type": "Polygon", "coordinates": [[[-54.34261330087572, -15.533573965144589], [-54.34270488699572, -15.53359048849465], [-54.342669948489764, -15.533772513855238], [-54.342578362296855, -15.533755990478722], [-54.34261330087572, -15.533573965144589]]]}, "properties": {"bairro": "Residencial Buritis V", "quadra": "10", "numero_lote": "4", "chave": "Residencial Buritis V|10|4", "area_gis_m2": 205.0, "fonte": "MAPA PVA_RESIDENCIAL BURITIS V.dwg"}}, {"type": "Feature", "geometry": {"type": "Polygon", "coordinates": [[[-54.342761534703406, -15.533789037195922], [-54.34285312093781, -15.533805560500792], [-54.34281818249047, -15.533987585896476], [-54.34272659618316, -15.533971062565152], [-54.342761534703406, -15.533789037195922]]]}, "properties": {"bairro": "Residencial Buritis V", "quadra": "10", "numero_lote": "29", "chave": "Residencial Buritis V|10|29", "area_gis_m2": 205.0, "fonte": "MAPA PVA_RESIDENCIAL BURITIS V.dwg"}}, {"type": "Feature", "geometry": {"type": "Polygon", "coordinates": [[[-54.342669948489764, -15.533772513855238], [-54.342761534703406, -15.533789037195922], [-54.34272659618316, -15.533971062565152], [-54.342635009896604, -15.533954539197978], [-54.342669948489764, -15.533772513855238]]]}, "properties": {"bairro": "Residencial Buritis V", "quadra": "10", "numero_lote": "28", "chave": "Residencial Buritis V|10|28", "area_gis_m2": 205.0, "fonte": "MAPA PVA_RESIDENCIAL BURITIS V.dwg"}}, {"type": "Feature", "geometry": {"type": "Polygon", "coordinates": [[[-54.342578362296855, -15.533755990478722], [-54.342669948489764, -15.533772513855238], [-54.342635009896604, -15.533954539197978], [-54.34254342363079, -15.533938015795009], [-54.342578362296855, -15.533755990478722]]]}, "properties": {"bairro": "Residencial Buritis V", "quadra": "10", "numero_lote": "27", "chave": "Residencial Buritis V|10|27", "area_gis_m2": 205.0, "fonte": "MAPA PVA_RESIDENCIAL BURITIS V.dwg"}}, {"type": "Feature", "geometry": {"type": "Polygon", "coordinates": [[[-54.342486776124694, -15.533739467066372], [-54.342578362296855, -15.533755990478722], [-54.34254342363079, -15.533938015795009], [-54.342451837385724, -15.533921492356193], [-54.342486776124694, -15.533739467066372]]]}, "properties": {"bairro": "Residencial Buritis V", "quadra": "10", "numero_lote": "26", "chave": "Residencial Buritis V|10|26", "area_gis_m2": 205.0, "fonte": "MAPA PVA_RESIDENCIAL BURITIS V.dwg"}}, {"type": "Feature", "geometry": {"type": "Polygon", "coordinates": [[[-54.34239518997329, -15.533722943618223], [-54.342486776124694, -15.533739467066372], [-54.342451837385724, -15.533921492356193], [-54.342360251161416, -15.533904968881593], [-54.34239518997329, -15.533722943618223]]]}, "properties": {"bairro": "Residencial Buritis V", "quadra": "10", "numero_lote": "25", "chave": "Residencial Buritis V|10|25", "area_gis_m2": 205.0, "fonte": "MAPA PVA_RESIDENCIAL BURITIS V.dwg"}}, {"type": "Feature", "geometry": {"type": "Polygon", "coordinates": [[[-54.34230360384262, -15.533706420134257], [-54.34239518997329, -15.533722943618223], [-54.342360251161416, -15.533904968881593], [-54.34226866495784, -15.53388844537114], [-54.34230360384262, -15.533706420134257]]]}, "properties": {"bairro": "Residencial Buritis V", "quadra": "10", "numero_lote": "24", "chave": "Residencial Buritis V|10|24", "area_gis_m2": 205.0, "fonte": "MAPA PVA_RESIDENCIAL BURITIS V.dwg"}}, {"type": "Feature", "geometry": {"type": "Polygon", "coordinates": [[[-54.34221201773271, -15.533689896614444], [-54.34230360384262, -15.533706420134257], [-54.34226866495784, -15.53388844537114], [-54.34217707877503, -15.533871921824884], [-54.34221201773271, -15.533689896614444]]]}, "properties": {"bairro": "Residencial Buritis V", "quadra": "10", "numero_lote": "23", "chave": "Residencial Buritis V|10|23", "area_gis_m2": 205.0, "fonte": "MAPA PVA_RESIDENCIAL BURITIS V.dwg"}}, {"type": "Feature", "geometry": {"type": "Polygon", "coordinates": [[[-54.34212043164356, -15.533673373058825], [-54.34221201773271, -15.533689896614444], [-54.34217707877503, -15.533871921824884], [-54.34208549261296, -15.533855398242794], [-54.34212043164356, -15.533673373058825]]]}, "properties": {"bairro": "Residencial Buritis V", "quadra": "10", "numero_lote": "22", "chave": "Residencial Buritis V|10|22", "area_gis_m2": 205.0, "fonte": "MAPA PVA_RESIDENCIAL BURITIS V.dwg"}}, {"type": "Feature", "geometry": {"type": "Polygon", "coordinates": [[[-54.342028845575136, -15.533656849467393], [-54.34212043164356, -15.533673373058825], [-54.34208549261296, -15.533855398242794], [-54.34199390647164, -15.5338388746249], [-54.342028845575136, -15.533656849467393]]]}, "properties": {"bairro": "Residencial Buritis V", "quadra": "10", "numero_lote": "21", "chave": "Residencial Buritis V|10|21", "area_gis_m2": 205.0, "fonte": "MAPA PVA_RESIDENCIAL BURITIS V.dwg"}}, {"type": "Feature", "geometry": {"type": "Polygon", "coordinates": [[[-54.34193725952747, -15.533640325840144], [-54.342028845575136, -15.533656849467393], [-54.34199390647164, -15.5338388746249], [-54.34190232035107, -15.533822350971171], [-54.34193725952747, -15.533640325840144]]]}, "properties": {"bairro": "Residencial Buritis V", "quadra": "10", "numero_lote": "20", "chave": "Residencial Buritis V|10|20", "area_gis_m2": 205.0, "fonte": "MAPA PVA_RESIDENCIAL BURITIS V.dwg"}}, {"type": "Feature", "geometry": {"type": "Polygon", "coordinates": [[[-54.34184567350056, -15.533623802177074], [-54.34193725952747, -15.533640325840144], [-54.34190232035107, -15.533822350971171], [-54.34181073425125, -15.53380582728163], [-54.34184567350056, -15.533623802177074]]]}, "properties": {"bairro": "Residencial Buritis V", "quadra": "10", "numero_lote": "19", "chave": "Residencial Buritis V|10|19", "area_gis_m2": 205.0, "fonte": "MAPA PVA_RESIDENCIAL BURITIS V.dwg"}}, {"type": "Feature", "geometry": {"type": "Polygon", "coordinates": [[[-54.341754087494394, -15.533607278478177], [-54.34184567350056, -15.533623802177074], [-54.34181073425125, -15.53380582728163], [-54.34171914817218, -15.533789303556276], [-54.341754087494394, -15.533607278478177]]]}, "properties": {"bairro": "Residencial Buritis V", "quadra": "10", "numero_lote": "18", "chave": "Residencial Buritis V|10|18", "area_gis_m2": 205.0, "fonte": "MAPA PVA_RESIDENCIAL BURITIS V.dwg"}}, {"type": "Feature", "geometry": {"type": "Polygon", "coordinates": [[[-54.34166250150898, -15.53359075474347], [-54.341754087494394, -15.533607278478177], [-54.34171914817218, -15.533789303556276], [-54.341627562113864, -15.5337727797951], [-54.34166250150898, -15.53359075474347]]]}, "properties": {"bairro": "Residencial Buritis V", "quadra": "10", "numero_lote": "17", "chave": "Residencial Buritis V|10|17", "area_gis_m2": 205.0, "fonte": "MAPA PVA_RESIDENCIAL BURITIS V.dwg"}}, {"type": "Feature", "geometry": {"type": "Polygon", "coordinates": [[[-54.34157091554431, -15.533574230972942], [-54.34166250150898, -15.53359075474347], [-54.341627562113864, -15.5337727797951], [-54.341535976076294, -15.533756255998112], [-54.34157091554431, -15.533574230972942]]]}, "properties": {"bairro": "Residencial Buritis V", "quadra": "10", "numero_lote": "16", "chave": "Residencial Buritis V|10|16", "area_gis_m2": 205.0, "fonte": "MAPA PVA_RESIDENCIAL BURITIS V.dwg"}}, {"type": "Feature", "geometry": {"type": "Polygon", "coordinates": [[[-54.34267205783093, -15.534255199691183], [-54.342763644252045, -15.534271723063824], [-54.342729557745145, -15.534449308771341], [-54.34263797125289, -15.534432785372905], [-54.34267205783093, -15.534255199691183]]]}, "properties": {"bairro": "Residencial Buritis V", "quadra": "7", "numero_lote": "29", "chave": "Residencial Buritis V|7|29", "area_gis_m2": 200.0, "fonte": "MAPA PVA_RESIDENCIAL BURITIS V.dwg"}}, {"type": "Feature", "geometry": {"type": "Polygon", "coordinates": [[[-54.34258047143056, -15.534238676282724], [-54.34267205783093, -15.534255199691183], [-54.34263797125289, -15.534432785372905], [-54.34254638478139, -15.5344162619386], [-54.34258047143056, -15.534238676282724]]]}, "properties": {"bairro": "Residencial Buritis V", "quadra": "7", "numero_lote": "28", "chave": "Residencial Buritis V|7|28", "area_gis_m2": 200.0, "fonte": "MAPA PVA_RESIDENCIAL BURITIS V.dwg"}}, {"type": "Feature", "geometry": {"type": "Polygon", "coordinates": [[[-54.34248888505094, -15.534222152838435], [-54.34258047143056, -15.534238676282724], [-54.34254638478139, -15.5344162619386], [-54.34245479833064, -15.534399738468482], [-54.34248888505094, -15.534222152838435]]]}, "properties": {"bairro": "Residencial Buritis V", "quadra": "7", "numero_lote": "27", "chave": "Residencial Buritis V|7|27", "area_gis_m2": 200.0, "fonte": "MAPA PVA_RESIDENCIAL BURITIS V.dwg"}}, {"type": "Feature", "geometry": {"type": "Polygon", "coordinates": [[[-54.34239729869207, -15.534205629358317], [-54.34248888505094, -15.534222152838435], [-54.34245479833064, -15.534399738468482], [-54.34236321190064, -15.534383214962565], [-54.34239729869207, -15.534205629358317]]]}, "properties": {"bairro": "Residencial Buritis V", "quadra": "7", "numero_lote": "26", "chave": "Residencial Buritis V|7|26", "area_gis_m2": 200.0, "fonte": "MAPA PVA_RESIDENCIAL BURITIS V.dwg"}}, {"type": "Feature", "geometry": {"type": "Polygon", "coordinates": [[[-54.34230571235395, -15.534189105842398], [-54.34239729869207, -15.534205629358317], [-54.34236321190064, -15.534383214962565], [-54.34227162549139, -15.53436669142082], [-54.34230571235395, -15.534189105842398]]]}, "properties": {"bairro": "Residencial Buritis V", "quadra": "7", "numero_lote": "25", "chave": "Residencial Buritis V|7|25", "area_gis_m2": 200.0, "fonte": "MAPA PVA_RESIDENCIAL BURITIS V.dwg"}}, {"type": "Feature", "geometry": {"type": "Polygon", "coordinates": [[[-54.34221412603658, -15.53417258229065], [-54.34230571235395, -15.534189105842398], [-54.34227162549139, -15.53436669142082], [-54.342180039102885, -15.534350167843249], [-54.34221412603658, -15.53417258229065]]]}, "properties": {"bairro": "Residencial Buritis V", "quadra": "7", "numero_lote": "24", "chave": "Residencial Buritis V|7|24", "area_gis_m2": 200.0, "fonte": "MAPA PVA_RESIDENCIAL BURITIS V.dwg"}}, {"type": "Feature", "geometry": {"type": "Polygon", "coordinates": [[[-54.342122539739954, -15.534156058703081], [-54.34221412603658, -15.53417258229065], [-54.342180039102885, -15.534350167843249], [-54.34208845273514, -15.534333644229859], [-54.342122539739954, -15.534156058703081]]]}, "properties": {"bairro": "Residencial Buritis V", "quadra": "7", "numero_lote": "23", "chave": "Residencial Buritis V|7|23", "area_gis_m2": 200.0, "fonte": "MAPA PVA_RESIDENCIAL BURITIS V.dwg"}}, {"type": "Feature", "geometry": {"type": "Polygon", "coordinates": [[[-54.342030953464075, -15.534139535079678], [-54.342122539739954, -15.534156058703081], [-54.34208845273514, -15.534333644229859], [-54.341996866388136, -15.534317120580642], [-54.342030953464075, -15.534139535079678]]]}, "properties": {"bairro": "Residencial Buritis V", "quadra": "7", "numero_lote": "22", "chave": "Residencial Buritis V|7|22", "area_gis_m2": 200.0, "fonte": "MAPA PVA_RESIDENCIAL BURITIS V.dwg"}}, {"type": "Feature", "geometry": {"type": "Polygon", "coordinates": [[[-54.34193936720896, -15.534123011420455], [-54.342030953464075, -15.534139535079678], [-54.341996866388136, -15.534317120580642], [-54.34190528006188, -15.534300596895614], [-54.34193936720896, -15.534123011420455]]]}, "properties": {"bairro": "Residencial Buritis V", "quadra": "7", "numero_lote": "21", "chave": "Residencial Buritis V|7|21", "area_gis_m2": 200.0, "fonte": "MAPA PVA_RESIDENCIAL BURITIS V.dwg"}}, {"type": "Feature", "geometry": {"type": "Polygon", "coordinates": [[[-54.34184778097458, -15.534106487725424], [-54.34193936720896, -15.534123011420455], [-54.34190528006188, -15.534300596895614], [-54.34181369375638, -15.534284073174751], [-54.34184778097458, -15.534106487725424]]]}, "properties": {"bairro": "Residencial Buritis V", "quadra": "7", "numero_lote": "20", "chave": "Residencial Buritis V|7|20", "area_gis_m2": 200.0, "fonte": "MAPA PVA_RESIDENCIAL BURITIS V.dwg"}}, {"type": "Feature", "geometry": {"type": "Polygon", "coordinates": [[[-54.34175619476096, -15.534089963994585], [-54.34184778097458, -15.534106487725424], [-54.34181369375638, -15.534284073174751], [-54.341722107471625, -15.534267549418058], [-54.34175619476096, -15.534089963994585]]]}, "properties": {"bairro": "Residencial Buritis V", "quadra": "7", "numero_lote": "19", "chave": "Residencial Buritis V|7|19", "area_gis_m2": 200.0, "fonte": "MAPA PVA_RESIDENCIAL BURITIS V.dwg"}}, {"type": "Feature", "geometry": {"type": "Polygon", "coordinates": [[[-54.34166460856808, -15.53407344022789], [-54.34175619476096, -15.534089963994585], [-54.341722107471625, -15.534267549418058], [-54.34163052120763, -15.534251025625567], [-54.34166460856808, -15.53407344022789]]]}, "properties": {"bairro": "Residencial Buritis V", "quadra": "7", "numero_lote": "18", "chave": "Residencial Buritis V|7|18", "area_gis_m2": 200.0, "fonte": "MAPA PVA_RESIDENCIAL BURITIS V.dwg"}}, {"type": "Feature", "geometry": {"type": "Polygon", "coordinates": [[[-54.34157302239596, -15.534056916425401], [-54.34166460856808, -15.53407344022789], [-54.34163052120763, -15.534251025625567], [-54.341538934964376, -15.53423450179725], [-54.34157302239596, -15.534056916425401]]]}, "properties": {"bairro": "Residencial Buritis V", "quadra": "7", "numero_lote": "17", "chave": "Residencial Buritis V|7|17", "area_gis_m2": 200.0, "fonte": "MAPA PVA_RESIDENCIAL BURITIS V.dwg"}}, {"type": "Feature", "geometry": {"type": "Polygon", "coordinates": [[[-54.34148143624459, -15.534040392587091], [-54.34157302239596, -15.534056916425401], [-54.341538934964376, -15.53423450179725], [-54.34144734874187, -15.534217977933118], [-54.34148143624459, -15.534040392587091]]]}, "properties": {"bairro": "Residencial Buritis V", "quadra": "7", "numero_lote": "16", "chave": "Residencial Buritis V|7|16", "area_gis_m2": 200.0, "fonte": "MAPA PVA_RESIDENCIAL BURITIS V.dwg"}}, {"type": "Feature", "geometry": {"type": "Polygon", "coordinates": [[[-54.341515523664306, -15.533862807224061], [-54.34160710974455, -15.533879331036557], [-54.34157302239596, -15.534056916425401], [-54.34148143624459, -15.534040392587091], [-54.341515523664306, -15.533862807224061]]]}, "properties": {"bairro": "Residencial Buritis V", "quadra": "7", "numero_lote": "15", "chave": "Residencial Buritis V|7|15", "area_gis_m2": 200.0, "fonte": "MAPA PVA_RESIDENCIAL BURITIS V.dwg"}}, {"type": "Feature", "geometry": {"type": "Polygon", "coordinates": [[[-54.34160710974455, -15.533879331036557], [-54.341698695845544, -15.533895854813231], [-54.34166460856808, -15.53407344022789], [-54.34157302239596, -15.534056916425401], [-54.34160710974455, -15.533879331036557]]]}, "properties": {"bairro": "Residencial Buritis V", "quadra": "7", "numero_lote": "14", "chave": "Residencial Buritis V|7|14", "area_gis_m2": 200.0, "fonte": "MAPA PVA_RESIDENCIAL BURITIS V.dwg"}}, {"type": "Feature", "geometry": {"type": "Polygon", "coordinates": [[[-54.341698695845544, -15.533895854813231], [-54.34179028196729, -15.533912378554088], [-54.34175619476096, -15.534089963994585], [-54.34166460856808, -15.53407344022789], [-54.341698695845544, -15.533895854813231]]]}, "properties": {"bairro": "Residencial Buritis V", "quadra": "7", "numero_lote": "13", "chave": "Residencial Buritis V|7|13", "area_gis_m2": 200.0, "fonte": "MAPA PVA_RESIDENCIAL BURITIS V.dwg"}}, {"type": "Feature", "geometry": {"type": "Polygon", "coordinates": [[[-54.34179028196729, -15.533912378554088], [-54.34188186810979, -15.533928902259117], [-54.34184778097458, -15.534106487725424], [-54.34175619476096, -15.534089963994585], [-54.34179028196729, -15.533912378554088]]]}, "properties": {"bairro": "Residencial Buritis V", "quadra": "7", "numero_lote": "12", "chave": "Residencial Buritis V|7|12", "area_gis_m2": 200.0, "fonte": "MAPA PVA_RESIDENCIAL BURITIS V.dwg"}}, {"type": "Feature", "geometry": {"type": "Polygon", "coordinates": [[[-54.34188186810979, -15.533928902259117], [-54.34197345427303, -15.533945425928323], [-54.34193936720896, -15.534123011420455], [-54.34184778097458, -15.534106487725424], [-54.34188186810979, -15.533928902259117]]]}, "properties": {"bairro": "Residencial Buritis V", "quadra": "7", "numero_lote": "11", "chave": "Residencial Buritis V|7|11", "area_gis_m2": 200.0, "fonte": "MAPA PVA_RESIDENCIAL BURITIS V.dwg"}}, {"type": "Feature", "geometry": {"type": "Polygon", "coordinates": [[[-54.34197345427303, -15.533945425928323], [-54.34206504045702, -15.533961949561732], [-54.342030953464075, -15.534139535079678], [-54.34193936720896, -15.534123011420455], [-54.34197345427303, -15.533945425928323]]]}, "properties": {"bairro": "Residencial Buritis V", "quadra": "7", "numero_lote": "10", "chave": "Residencial Buritis V|7|10", "area_gis_m2": 200.0, "fonte": "MAPA PVA_RESIDENCIAL BURITIS V.dwg"}}, {"type": "Feature", "geometry": {"type": "Polygon", "coordinates": [[[-54.34206504045702, -15.533961949561732], [-54.342156626661776, -15.533978473159294], [-54.342122539739954, -15.534156058703081], [-54.342030953464075, -15.534139535079678], [-54.34206504045702, -15.533961949561732]]]}, "properties": {"bairro": "Residencial Buritis V", "quadra": "7", "numero_lote": "9", "chave": "Residencial Buritis V|7|9", "area_gis_m2": 200.0, "fonte": "MAPA PVA_RESIDENCIAL BURITIS V.dwg"}}, {"type": "Feature", "geometry": {"type": "Polygon", "coordinates": [[[-54.342156626661776, -15.533978473159294], [-54.34224821288727, -15.533994996721042], [-54.34221412603658, -15.53417258229065], [-54.342122539739954, -15.534156058703081], [-54.342156626661776, -15.533978473159294]]]}, "properties": {"bairro": "Residencial Buritis V", "quadra": "7", "numero_lote": "8", "chave": "Residencial Buritis V|7|8", "area_gis_m2": 200.0, "fonte": "MAPA PVA_RESIDENCIAL BURITIS V.dwg"}}, {"type": "Feature", "geometry": {"type": "Polygon", "coordinates": [[[-54.34224821288727, -15.533994996721042], [-54.342339799133505, -15.534011520246988], [-54.34230571235395, -15.534189105842398], [-54.34221412603658, -15.53417258229065], [-54.34224821288727, -15.533994996721042]]]}, "properties": {"bairro": "Residencial Buritis V", "quadra": "7", "numero_lote": "7", "chave": "Residencial Buritis V|7|7", "area_gis_m2": 200.0, "fonte": "MAPA PVA_RESIDENCIAL BURITIS V.dwg"}}, {"type": "Feature", "geometry": {"type": "Polygon", "coordinates": [[[-54.342339799133505, -15.534011520246988], [-54.34243138540051, -15.534028043737095], [-54.34239729869207, -15.534205629358317], [-54.34230571235395, -15.534189105842398], [-54.342339799133505, -15.534011520246988]]]}, "properties": {"bairro": "Residencial Buritis V", "quadra": "7", "numero_lote": "6", "chave": "Residencial Buritis V|7|6", "area_gis_m2": 200.0, "fonte": "MAPA PVA_RESIDENCIAL BURITIS V.dwg"}}, {"type": "Feature", "geometry": {"type": "Polygon", "coordinates": [[[-54.34243138540051, -15.534028043737095], [-54.34252297168825, -15.534044567191382], [-54.34248888505094, -15.534222152838435], [-54.34239729869207, -15.534205629358317], [-54.34243138540051, -15.534028043737095]]]}, "properties": {"bairro": "Residencial Buritis V", "quadra": "7", "numero_lote": "5", "chave": "Residencial Buritis V|7|5", "area_gis_m2": 200.0, "fonte": "MAPA PVA_RESIDENCIAL BURITIS V.dwg"}}, {"type": "Feature", "geometry": {"type": "Polygon", "coordinates": [[[-54.34252297168825, -15.534044567191382], [-54.34261455799673, -15.534061090609846], [-54.34258047143056, -15.534238676282724], [-54.34248888505094, -15.534222152838435], [-54.34252297168825, -15.534044567191382]]]}, "properties": {"bairro": "Residencial Buritis V", "quadra": "7", "numero_lote": "4", "chave": "Residencial Buritis V|7|4", "area_gis_m2": 200.0, "fonte": "MAPA PVA_RESIDENCIAL BURITIS V.dwg"}}, {"type": "Feature", "geometry": {"type": "Polygon", "coordinates": [[[-54.34261455799673, -15.534061090609846], [-54.34270614432597, -15.534077613992503], [-54.34267205783093, -15.534255199691183], [-54.34258047143056, -15.534238676282724], [-54.34261455799673, -15.534061090609846]]]}, "properties": {"bairro": "Residencial Buritis V", "quadra": "7", "numero_lote": "3", "chave": "Residencial Buritis V|7|3", "area_gis_m2": 200.0, "fonte": "MAPA PVA_RESIDENCIAL BURITIS V.dwg"}}, {"type": "Feature", "geometry": {"type": "Polygon", "coordinates": [[[-54.34270614432597, -15.534077613992503], [-54.34279773067596, -15.534094137339322], [-54.342763644252045, -15.534271723063824], [-54.34267205783093, -15.534255199691183], [-54.34270614432597, -15.534077613992503]]]}, "properties": {"bairro": "Residencial Buritis V", "quadra": "7", "numero_lote": "2", "chave": "Residencial Buritis V|7|2", "area_gis_m2": 200.0, "fonte": "MAPA PVA_RESIDENCIAL BURITIS V.dwg"}}, {"type": "Feature", "geometry": {"type": "Polygon", "coordinates": [[[-54.34336018086936, -15.530176399768177], [-54.34345176564285, -15.530192922586126], [-54.343415124608654, -15.530383827610773], [-54.34332353975872, -15.530367304765067], [-54.34336018086936, -15.530176399768177]]]}, "properties": {"bairro": "Residencial Buritis V", "quadra": "39", "numero_lote": "28", "chave": "Residencial Buritis V|39|28", "area_gis_m2": 215.0, "fonte": "MAPA PVA_RESIDENCIAL BURITIS V.dwg"}}, {"type": "Feature", "geometry": {"type": "Polygon", "coordinates": [[[-54.34345176564285, -15.530192922586126], [-54.34354335043707, -15.530209445368289], [-54.34350670947933, -15.530400350420651], [-54.343415124608654, -15.530383827610773], [-54.34345176564285, -15.530192922586126]]]}, "properties": {"bairro": "Residencial Buritis V", "quadra": "39", "numero_lote": "29", "chave": "Residencial Buritis V|39|29", "area_gis_m2": 215.0, "fonte": "MAPA PVA_RESIDENCIAL BURITIS V.dwg"}}, {"type": "Feature", "geometry": {"type": "Polygon", "coordinates": [[[-54.34279265895532, -15.533133205193005], [-54.34288424491291, -15.533149728440753], [-54.34284760239353, -15.53334063316153], [-54.34275601635948, -15.53332410988603], [-54.34279265895532, -15.533133205193005]]]}, "properties": {"bairro": "Residencial Buritis V", "quadra": "17", "numero_lote": "28", "chave": "Residencial Buritis V|17|28", "area_gis_m2": 215.0, "fonte": "MAPA PVA_RESIDENCIAL BURITIS V.dwg"}}, {"type": "Feature", "geometry": {"type": "Polygon", "coordinates": [[[-54.34288424491291, -15.533149728440753], [-54.342975830891255, -15.533166251652695], [-54.34293918844834, -15.533357156401214], [-54.34284760239353, -15.53334063316153], [-54.34288424491291, -15.533149728440753]]]}, "properties": {"bairro": "Residencial Buritis V", "quadra": "17", "numero_lote": "29", "chave": "Residencial Buritis V|17|29", "area_gis_m2": 215.0, "fonte": "MAPA PVA_RESIDENCIAL BURITIS V.dwg"}}, {"type": "Feature", "geometry": {"type": "Polygon", "coordinates": [[[-54.34279647313647, -15.533607011808874], [-54.34288805929796, -15.533623535087278], [-54.342853120937804, -15.533805560500808], [-54.342761534703406, -15.533789037195943], [-54.34279647313647, -15.533607011808874]]]}, "properties": {"bairro": "Residencial Buritis V", "quadra": "10", "numero_lote": "2", "chave": "Residencial Buritis V|10|2", "area_gis_m2": 205.0, "fonte": "MAPA PVA_RESIDENCIAL BURITIS V.dwg"}}, {"type": "Feature", "geometry": {"type": "Polygon", "coordinates": [[[-54.34270488699572, -15.53359048849465], [-54.34279647313647, -15.533607011808874], [-54.342761534703406, -15.533789037195943], [-54.34266994848976, -15.533772513855238], [-54.34270488699572, -15.53359048849465]]]}, "properties": {"bairro": "Residencial Buritis V", "quadra": "10", "numero_lote": "3", "chave": "Residencial Buritis V|10|3", "area_gis_m2": 205.0, "fonte": "MAPA PVA_RESIDENCIAL BURITIS V.dwg"}}, {"type": "Feature", "geometry": {"type": "Polygon", "coordinates": [[[-54.3439915552506, -15.527874187009575], [-54.34408313913053, -15.52789070941653], [-54.34404649942195, -15.528081614736559], [-54.343954915465574, -15.52806509230185], [-54.3439915552506, -15.527874187009575]]]}, "properties": {"bairro": "Residencial Buritis V", "quadra": "48", "numero_lote": "30", "chave": "Residencial Buritis V|48|30", "area_gis_m2": 215.0, "fonte": "MAPA PVA_RESIDENCIAL BURITIS V.dwg"}}, {"type": "Feature", "geometry": {"type": "Polygon", "coordinates": [[[-54.34402819493975, -15.527683281697673], [-54.34411977874326, -15.527699804076894], [-54.34408313913053, -15.52789070941653], [-54.3439915552506, -15.527874187009575], [-54.34402819493975, -15.527683281697673]]]}, "properties": {"bairro": "Residencial Buritis V", "quadra": "48", "numero_lote": "1", "chave": "Residencial Buritis V|48|1", "area_gis_m2": 215.0, "fonte": "MAPA PVA_RESIDENCIAL BURITIS V.dwg"}}, {"type": "Feature", "geometry": {"type": "Polygon", "coordinates": [[[-54.343668610661524, -15.529556816320207], [-54.34376019521517, -15.529573338971687], [-54.34372611098242, -15.529750925155733], [-54.34363452635767, -15.52973440247843], [-54.343668610661524, -15.529556816320207]]]}, "properties": {"bairro": "Residencial Buritis V", "quadra": "42", "numero_lote": "1", "chave": "Residencial Buritis V|42|1", "area_gis_m2": 200.0, "fonte": "MAPA PVA_RESIDENCIAL BURITIS V.dwg"}}, {"type": "Feature", "geometry": {"type": "Polygon", "coordinates": [[[-54.34363452635767, -15.52973440247843], [-54.34372611098242, -15.529750925155733], [-54.343692026666716, -15.529928511322808], [-54.343600441970864, -15.529911988619702], [-54.34363452635767, -15.52973440247843]]]}, "properties": {"bairro": "Residencial Buritis V", "quadra": "42", "numero_lote": "30", "chave": "Residencial Buritis V|42|30", "area_gis_m2": 200.0, "fonte": "MAPA PVA_RESIDENCIAL BURITIS V.dwg"}}, {"type": "Feature", "geometry": {"type": "Polygon", "coordinates": [[[-54.34357999129895, -15.530018540296293], [-54.34367157603747, -15.530035063014882], [-54.34363493525204, -15.530225968114623], [-54.34354335043707, -15.530209445368289], [-54.34357999129895, -15.530018540296293]]]}, "properties": {"bairro": "Residencial Buritis V", "quadra": "39", "numero_lote": "1", "chave": "Residencial Buritis V|39|1", "area_gis_m2": 215.0, "fonte": "MAPA PVA_RESIDENCIAL BURITIS V.dwg"}}, {"type": "Feature", "geometry": {"type": "Polygon", "coordinates": [[[-54.34354335043708, -15.53020944536827], [-54.34363493525205, -15.530225968114596], [-54.34359829437074, -15.530416873194719], [-54.34350670947933, -15.530400350420635], [-54.34354335043708, -15.53020944536827]]]}, "properties": {"bairro": "Residencial Buritis V", "quadra": "39", "numero_lote": "30", "chave": "Residencial Buritis V|39|30", "area_gis_m2": 215.0, "fonte": "MAPA PVA_RESIDENCIAL BURITIS V.dwg"}}, {"type": "Feature", "geometry": {"type": "Polygon", "coordinates": [[[-54.343272412506664, -15.530633683804773], [-54.34336399746326, -15.53065020668919], [-54.34332735617975, -15.53084111166327], [-54.34323577114671, -15.530824588751102], [-54.343272412506664, -15.530633683804773]]]}, "properties": {"bairro": "Residencial Buritis V", "quadra": "35", "numero_lote": "3", "chave": "Residencial Buritis V|35|3", "area_gis_m2": 215.0, "fonte": "MAPA PVA_RESIDENCIAL BURITIS V.dwg"}}, {"type": "Feature", "geometry": {"type": "Polygon", "coordinates": [[[-54.34336399746326, -15.53065020668919], [-54.34345558242096, -15.530666729534264], [-54.34341894123354, -15.530857634539643], [-54.34332735617975, -15.53084111166327], [-54.34336399746326, -15.53065020668919]]]}, "properties": {"bairro": "Residencial Buritis V", "quadra": "35", "numero_lote": "2", "chave": "Residencial Buritis V|35|2", "area_gis_m2": 215.0, "fonte": "MAPA PVA_RESIDENCIAL BURITIS V.dwg"}}, {"type": "Feature", "geometry": {"type": "Polygon", "coordinates": [[[-54.34341894123354, -15.530857634539617], [-54.343510526288426, -15.530874157376612], [-54.34347388508158, -15.53106506239013], [-54.343382299930596, -15.53104853952183], [-54.34341894123354, -15.530857634539617]]]}, "properties": {"bairro": "Residencial Buritis V", "quadra": "35", "numero_lote": "30", "chave": "Residencial Buritis V|35|30", "area_gis_m2": 215.0, "fonte": "MAPA PVA_RESIDENCIAL BURITIS V.dwg"}}, {"type": "Feature", "geometry": {"type": "Polygon", "coordinates": [[[-54.34345558244059, -15.530666729537794], [-54.34354716741903, -15.530683252347057], [-54.34351052630807, -15.530874157380177], [-54.34341894123354, -15.530857634539617], [-54.34345558244059, -15.530666729537794]]]}, "properties": {"bairro": "Residencial Buritis V", "quadra": "35", "numero_lote": "1", "chave": "Residencial Buritis V|35|1", "area_gis_m2": 215.0, "fonte": "MAPA PVA_RESIDENCIAL BURITIS V.dwg"}}, {"type": "Feature", "geometry": {"type": "Polygon", "coordinates": [[[-54.34336184894009, -15.531155091133266], [-54.343453434133735, -15.531171614017067], [-54.343419349154296, -15.531349200048316], [-54.34332776388953, -15.531332677138748], [-54.34336184894009, -15.531155091133266]]]}, "properties": {"bairro": "Residencial Buritis V", "quadra": "32", "numero_lote": "1", "chave": "Residencial Buritis V|32|1", "area_gis_m2": 200.0, "fonte": "MAPA PVA_RESIDENCIAL BURITIS V.dwg"}}, {"type": "Feature", "geometry": {"type": "Polygon", "coordinates": [[[-54.34332776388953, -15.531332677138748], [-54.343419349154296, -15.531349200048316], [-54.34338526409188, -15.531526786062644], [-54.343293678756, -15.531510263127243], [-54.34332776388953, -15.531332677138748]]]}, "properties": {"bairro": "Residencial Buritis V", "quadra": "32", "numero_lote": "30", "chave": "Residencial Buritis V|32|30", "area_gis_m2": 200.0, "fonte": "MAPA PVA_RESIDENCIAL BURITIS V.dwg"}}, {"type": "Feature", "geometry": {"type": "Polygon", "coordinates": [[[-54.34318971858625, -15.53205190028729], [-54.34328130413905, -15.532068423301432], [-54.34324721874058, -15.532246009246968], [-54.34315563311667, -15.532229486207026], [-54.34318971858625, -15.53205190028729]]]}, "properties": {"bairro": "Residencial Buritis V", "quadra": "24", "numero_lote": "1", "chave": "Residencial Buritis V|24|1", "area_gis_m2": 200.0, "fonte": "MAPA PVA_RESIDENCIAL BURITIS V.dwg"}}, {"type": "Feature", "geometry": {"type": "Polygon", "coordinates": [[[-54.34315563311667, -15.532229486207026], [-54.34324721874058, -15.532246009246968], [-54.34321313325914, -15.532423595175562], [-54.34312154756411, -15.532407072109786], [-54.34315563311667, -15.532229486207026]]]}, "properties": {"bairro": "Residencial Buritis V", "quadra": "24", "numero_lote": "30", "chave": "Residencial Buritis V|24|30", "area_gis_m2": 200.0, "fonte": "MAPA PVA_RESIDENCIAL BURITIS V.dwg"}}, {"type": "Feature", "geometry": {"type": "Polygon", "coordinates": [[[-54.34310109619274, -15.532513623643304], [-54.34319268193045, -15.532530146724548], [-54.34315859631624, -15.532707732625958], [-54.34306701050741, -15.532691209518898], [-54.34310109619274, -15.532513623643304]]]}, "properties": {"bairro": "Residencial Buritis V", "quadra": "20", "numero_lote": "1", "chave": "Residencial Buritis V|20|1", "area_gis_m2": 200.0, "fonte": "MAPA PVA_RESIDENCIAL BURITIS V.dwg"}}, {"type": "Feature", "geometry": {"type": "Polygon", "coordinates": [[[-54.34306701050741, -15.532691209518898], [-54.34315859631624, -15.532707732625958], [-54.34312451061904, -15.532885318510395], [-54.34303292473909, -15.53286879537753], [-54.34306701050741, -15.532691209518898]]]}, "properties": {"bairro": "Residencial Buritis V", "quadra": "20", "numero_lote": "30", "chave": "Residencial Buritis V|20|30", "area_gis_m2": 200.0, "fonte": "MAPA PVA_RESIDENCIAL BURITIS V.dwg"}}, {"type": "Feature", "geometry": {"type": "Polygon", "coordinates": [[[-54.343012473238275, -15.532975346884571], [-54.3431040591609, -15.532991870032934], [-54.34306741689035, -15.533182774828813], [-54.342975830891255, -15.533166251652707], [-54.343012473238275, -15.532975346884571]]]}, "properties": {"bairro": "Residencial Buritis V", "quadra": "17", "numero_lote": "1", "chave": "Residencial Buritis V|17|1", "area_gis_m2": 215.0, "fonte": "MAPA PVA_RESIDENCIAL BURITIS V.dwg"}}, {"type": "Feature", "geometry": {"type": "Polygon", "coordinates": [[[-54.342975830891255, -15.533166251652707], [-54.34306741689035, -15.533182774828813], [-54.343030774523896, -15.533373679605093], [-54.34293918844834, -15.53335715640123], [-54.342975830891255, -15.533166251652707]]]}, "properties": {"bairro": "Residencial Buritis V", "quadra": "17", "numero_lote": "30", "chave": "Residencial Buritis V|17|30", "area_gis_m2": 215.0, "fonte": "MAPA PVA_RESIDENCIAL BURITIS V.dwg"}}, {"type": "Feature", "geometry": {"type": "Polygon", "coordinates": [[[-54.34285312093781, -15.533805560500792], [-54.34294470719296, -15.533822083769836], [-54.34290976881853, -15.534004109191985], [-54.34281818249047, -15.533987585896476], [-54.34285312093781, -15.533805560500792]]]}, "properties": {"bairro": "Residencial Buritis V", "quadra": "10", "numero_lote": "30", "chave": "Residencial Buritis V|10|30", "area_gis_m2": 205.0, "fonte": "MAPA PVA_RESIDENCIAL BURITIS V.dwg"}}, {"type": "Feature", "geometry": {"type": "Polygon", "coordinates": [[[-54.34288805929796, -15.533623535087278], [-54.342979645480206, -15.533640058329869], [-54.34294470719296, -15.53382208376986], [-54.34285312093781, -15.533805560500808], [-54.34288805929796, -15.533623535087278]]]}, "properties": {"bairro": "Residencial Buritis V", "quadra": "10", "numero_lote": "1", "chave": "Residencial Buritis V|10|1", "area_gis_m2": 205.0, "fonte": "MAPA PVA_RESIDENCIAL BURITIS V.dwg"}}, {"type": "Feature", "geometry": {"type": "Polygon", "coordinates": [[[-54.342763644252045, -15.53427172306384], [-54.34285523069391, -15.534288246400664], [-54.34282114425814, -15.534465832134002], [-54.342729557745145, -15.534449308771363], [-54.342763644252045, -15.53427172306384]]]}, "properties": {"bairro": "Residencial Buritis V", "quadra": "7", "numero_lote": "30", "chave": "Residencial Buritis V|7|30", "area_gis_m2": 200.0, "fonte": "MAPA PVA_RESIDENCIAL BURITIS V.dwg"}}, {"type": "Feature", "geometry": {"type": "Polygon", "coordinates": [[[-54.34279773067596, -15.534094137339341], [-54.34288931704669, -15.534110660650343], [-54.34285523069391, -15.534288246400664], [-54.342763644252045, -15.53427172306384], [-54.34279773067596, -15.534094137339341]]]}, "properties": {"bairro": "Residencial Buritis V", "quadra": "7", "numero_lote": "1", "chave": "Residencial Buritis V|7|1", "area_gis_m2": 200.0, "fonte": "MAPA PVA_RESIDENCIAL BURITIS V.dwg"}}, {"type": "Feature", "geometry": {"type": "Polygon", "coordinates": [[[-54.3432256713772, -15.531778190213597], [-54.34312034814603, -15.531759188741121], [-54.343151877053174, -15.531594921749193], [-54.34325720020869, -15.53161392319421], [-54.3432256713772, -15.531778190213597]]]}, "properties": {"bairro": "Residencial Buritis V", "quadra": "27", "numero_lote": "2", "chave": "Residencial Buritis V|27|2", "area_gis_m2": 212.75, "fonte": "MAPA PVA_RESIDENCIAL BURITIS V.dwg"}}, {"type": "Feature", "geometry": {"type": "Polygon", "coordinates": [[[-54.343194142474694, -15.531942457218442], [-54.343088819167875, -15.531923455718513], [-54.34312034814603, -15.531759188741106], [-54.34322567137719, -15.53177819021359], [-54.343194142474694, -15.531942457218442]]]}, "properties": {"bairro": "Residencial Buritis V", "quadra": "27", "numero_lote": "25", "chave": "Residencial Buritis V|27|25", "area_gis_m2": 212.75, "fonte": "MAPA PVA_RESIDENCIAL BURITIS V.dwg"}}, {"type": "Feature", "geometry": {"type": "Polygon", "coordinates": [[[-54.34333328426002, -15.53179760471251], [-54.343225671376814, -15.531778190215588], [-54.34325720020831, -15.531613923196197], [-54.343364813014226, -15.531633337665065], [-54.34333328426002, -15.53179760471251]]]}, "properties": {"bairro": "Residencial Buritis V", "quadra": "27", "numero_lote": "1", "chave": "Residencial Buritis V|27|1", "area_gis_m2": 217.37, "fonte": "MAPA PVA_RESIDENCIAL BURITIS V.dwg"}}, {"type": "Feature", "geometry": {"type": "Polygon", "coordinates": [[[-54.34206711733156, -15.53156917140923], [-54.3419595047736, -15.531549756328413], [-54.341991034514535, -15.531385489639142], [-54.342098646995204, -15.531404904691918], [-54.34206711733156, -15.53156917140923]]]}, "properties": {"bairro": "Residencial Buritis V", "quadra": "27", "numero_lote": "13", "chave": "Residencial Buritis V|27|13", "area_gis_m2": 217.38, "fonte": "MAPA PVA_RESIDENCIAL BURITIS V.dwg"}}, {"type": "Feature", "geometry": {"type": "Polygon", "coordinates": [[[-54.342035587596904, -15.531733438112], [-54.34192797496165, -15.531714023003127], [-54.3419595047736, -15.531549756328397], [-54.34206711733156, -15.531569171409222], [-54.342035587596904, -15.531733438112]]]}, "properties": {"bairro": "Residencial Buritis V", "quadra": "27", "numero_lote": "14", "chave": "Residencial Buritis V|27|14", "area_gis_m2": 217.37, "fonte": "MAPA PVA_RESIDENCIAL BURITIS V.dwg"}}, {"type": "Feature", "geometry": {"type": "Polygon", "coordinates": [[[-54.34330175543521, -15.531961871743414], [-54.3431941424747, -15.531942457218442], [-54.3432256713772, -15.53177819021359], [-54.3433332842604, -15.531797604710494], [-54.34330175543521, -15.531961871743414]]]}, "properties": {"bairro": "Residencial Buritis V", "quadra": "27", "numero_lote": "26", "chave": "Residencial Buritis V|27|26", "area_gis_m2": 217.37, "fonte": "MAPA PVA_RESIDENCIAL BURITIS V.dwg"}}, {"type": "Feature", "geometry": {"type": "Polygon", "coordinates": [[[-54.34406706657303, -15.53497264203165], [-54.34396174162111, -15.534953640699928], [-54.34399361165241, -15.53478759772107], [-54.34409893652785, -15.534806599025043], [-54.34406706657303, -15.53497264203165]]]}, "properties": {"bairro": "Residencial Buritis V", "quadra": "3", "numero_lote": "3", "chave": "Residencial Buritis V|3|3", "area_gis_m2": 215.05, "fonte": "MAPA PVA_RESIDENCIAL BURITIS V.dwg"}}, {"type": "Feature", "geometry": {"type": "Polygon", "coordinates": [[[-54.343961741621484, -15.534953640697992], [-54.343856416696994, -15.534934639318873], [-54.343888286804415, -15.534768596369723], [-54.343993611652415, -15.53478759772107], [-54.343961741621484, -15.534953640697992]]]}, "properties": {"bairro": "Residencial Buritis V", "quadra": "3", "numero_lote": "4", "chave": "Residencial Buritis V|3|4", "area_gis_m2": 215.05, "fonte": "MAPA PVA_RESIDENCIAL BURITIS V.dwg"}}, {"type": "Feature", "geometry": {"type": "Polygon", "coordinates": [[[-54.34385641669737, -15.534934639316935], [-54.34375109180032, -15.534915637890455], [-54.343782961983855, -15.534749594970993], [-54.343888286804415, -15.53476859636973], [-54.34385641669737, -15.534934639316935]]]}, "properties": {"bairro": "Residencial Buritis V", "quadra": "3", "numero_lote": "5", "chave": "Residencial Buritis V|3|5", "area_gis_m2": 215.05, "fonte": "MAPA PVA_RESIDENCIAL BURITIS V.dwg"}}, {"type": "Feature", "geometry": {"type": "Polygon", "coordinates": [[[-54.3437510918007, -15.534915637888515], [-54.34364576693108, -15.534896636414654], [-54.34367763719073, -15.534730593524888], [-54.34378296198386, -15.534749594970993], [-54.3437510918007, -15.534915637888515]]]}, "properties": {"bairro": "Residencial Buritis V", "quadra": "3", "numero_lote": "6", "chave": "Residencial Buritis V|3|6", "area_gis_m2": 215.05, "fonte": "MAPA PVA_RESIDENCIAL BURITIS V.dwg"}}, {"type": "Feature", "geometry": {"type": "Polygon", "coordinates": [[[-54.34364576693146, -15.5348966364127], [-54.343540442089285, -15.534877634891451], [-54.343572312425046, -15.534711592031423], [-54.34367763719074, -15.534730593524902], [-54.34364576693146, -15.5348966364127]]]}, "properties": {"bairro": "Residencial Buritis V", "quadra": "3", "numero_lote": "7", "chave": "Residencial Buritis V|3|7", "area_gis_m2": 215.05, "fonte": "MAPA PVA_RESIDENCIAL BURITIS V.dwg"}}, {"type": "Feature", "geometry": {"type": "Polygon", "coordinates": [[[-54.34354044207787, -15.534877634887383], [-54.34343511726313, -15.534858633318771], [-54.34346698753878, -15.534692591198146], [-54.34357231227703, -15.534711592739013], [-54.34354044207787, -15.534877634887383]]]}, "properties": {"bairro": "Residencial Buritis V", "quadra": "3", "numero_lote": "8", "chave": "Residencial Buritis V|3|8", "area_gis_m2": 215.05, "fonte": "MAPA PVA_RESIDENCIAL BURITIS V.dwg"}}, {"type": "Feature", "geometry": {"type": "Polygon", "coordinates": [[[-54.3434351172635, -15.53485863331683], [-54.343329792476204, -15.534839631700827], [-54.34336166296419, -15.534673588900194], [-54.34346698767501, -15.534692590488428], [-54.3434351172635, -15.53485863331683]]]}, "properties": {"bairro": "Residencial Buritis V", "quadra": "3", "numero_lote": "9", "chave": "Residencial Buritis V|3|9", "area_gis_m2": 215.05, "fonte": "MAPA PVA_RESIDENCIAL BURITIS V.dwg"}}, {"type": "Feature", "geometry": {"type": "Polygon", "coordinates": [[[-54.343329792476574, -15.534839631698874], [-54.343224467716716, -15.534820630035524], [-54.34325633828082, -15.534654587264582], [-54.34336166296419, -15.534673588900194], [-54.343329792476574, -15.534839631698874]]]}, "properties": {"bairro": "Residencial Buritis V", "quadra": "3", "numero_lote": "10", "chave": "Residencial Buritis V|3|10", "area_gis_m2": 215.05, "fonte": "MAPA PVA_RESIDENCIAL BURITIS V.dwg"}}, {"type": "Feature", "geometry": {"type": "Polygon", "coordinates": [[[-54.34322446771709, -15.534820630033565], [-54.34311914298466, -15.534801628322812], [-54.34315101362488, -15.534635585581608], [-54.343256338280824, -15.534654587264582], [-54.34322446771709, -15.534820630033565]]]}, "properties": {"bairro": "Residencial Buritis V", "quadra": "3", "numero_lote": "11", "chave": "Residencial Buritis V|3|11", "area_gis_m2": 215.05, "fonte": "MAPA PVA_RESIDENCIAL BURITIS V.dwg"}}, {"type": "Feature", "geometry": {"type": "Polygon", "coordinates": [[[-54.343119142985046, -15.534801628320883], [-54.34301381828005, -15.534782626562743], [-54.34304568899638, -15.534616583851241], [-54.34315101362489, -15.534635585581608], [-54.343119142985046, -15.534801628320883]]]}, "properties": {"bairro": "Residencial Buritis V", "quadra": "3", "numero_lote": "12", "chave": "Residencial Buritis V|3|12", "area_gis_m2": 215.05, "fonte": "MAPA PVA_RESIDENCIAL BURITIS V.dwg"}}, {"type": "Feature", "geometry": {"type": "Polygon", "coordinates": [[[-54.34417239155203, -15.534991643317959], [-54.34406706657267, -15.53497264203361], [-54.34409893652786, -15.534806599025043], [-54.344204261430725, -15.53482560028165], [-54.34417239155203, -15.534991643317959]]]}, "properties": {"bairro": "Residencial Buritis V", "quadra": "3", "numero_lote": "2", "chave": "Residencial Buritis V|3|2", "area_gis_m2": 215.05, "fonte": "MAPA PVA_RESIDENCIAL BURITIS V.dwg"}}, {"type": "Feature", "geometry": {"type": "Polygon", "coordinates": [[[-54.34428000622106, -15.535011057624608], [-54.34417239155165, -15.534991643319918], [-54.34420426143035, -15.534825600283627], [-54.3443118760216, -15.53484501455998], [-54.34428000622106, -15.535011057624608]]]}, "properties": {"bairro": "Residencial Buritis V", "quadra": "3", "numero_lote": "1", "chave": "Residencial Buritis V|3|1", "area_gis_m2": 219.73, "fonte": "MAPA PVA_RESIDENCIAL BURITIS V.dwg"}}, {"type": "Feature", "geometry": {"type": "Polygon", "coordinates": [[[-54.34301381828401, -15.534782626561427], [-54.34290620393986, -15.534763211672661], [-54.34293807473039, -15.534597168990848], [-54.34304568899638, -15.534616583851241], [-54.34301381828401, -15.534782626561427]]]}, "properties": {"bairro": "Residencial Buritis V", "quadra": "3", "numero_lote": "13", "chave": "Residencial Buritis V|3|13", "area_gis_m2": 219.73, "fonte": "MAPA PVA_RESIDENCIAL BURITIS V.dwg"}}, {"type": "Feature", "geometry": {"type": "Polygon", "coordinates": [[[-54.344035196553, -15.535138685004585], [-54.34392987152458, -15.535119683645108], [-54.34396174162843, -15.534953640681085], [-54.34406706658036, -15.534972642012807], [-54.344035196553, -15.535138685004585]]]}, "properties": {"bairro": "Residencial Buritis V", "quadra": "3", "numero_lote": "24", "chave": "Residencial Buritis V|3|24", "area_gis_m2": 215.05, "fonte": "MAPA PVA_RESIDENCIAL BURITIS V.dwg"}}, {"type": "Feature", "geometry": {"type": "Polygon", "coordinates": [[[-54.343929871524956, -15.535119683643146], [-54.34382454652398, -15.53510068223629], [-54.34385641670394, -15.534934639301968], [-54.34396174162844, -15.534953640681085], [-54.343929871524956, -15.535119683643146]]]}, "properties": {"bairro": "Residencial Buritis V", "quadra": "3", "numero_lote": "23", "chave": "Residencial Buritis V|3|23", "area_gis_m2": 215.05, "fonte": "MAPA PVA_RESIDENCIAL BURITIS V.dwg"}}, {"type": "Feature", "geometry": {"type": "Polygon", "coordinates": [[[-54.34382454652436, -15.535100682234328], [-54.34371922155081, -15.535081680780106], [-54.343751091806894, -15.534915637875494], [-54.34385641670395, -15.53493463930198], [-54.34382454652436, -15.535100682234328]]]}, "properties": {"bairro": "Residencial Buritis V", "quadra": "3", "numero_lote": "22", "chave": "Residencial Buritis V|3|22", "area_gis_m2": 215.05, "fonte": "MAPA PVA_RESIDENCIAL BURITIS V.dwg"}}, {"type": "Feature", "geometry": {"type": "Polygon", "coordinates": [[[-54.3437192215512, -15.535081680778159], [-54.343613896605085, -15.535062679276525], [-54.343645766937286, -15.534896636401632], [-54.3437510918069, -15.534915637875494], [-54.3437192215512, -15.535081680778159]]]}, "properties": {"bairro": "Residencial Buritis V", "quadra": "3", "numero_lote": "21", "chave": "Residencial Buritis V|3|21", "area_gis_m2": 215.05, "fonte": "MAPA PVA_RESIDENCIAL BURITIS V.dwg"}}, {"type": "Feature", "geometry": {"type": "Polygon", "coordinates": [[[-54.34361389660547, -15.535062679274597], [-54.34350857168679, -15.535043677725598], [-54.34354044209511, -15.534877634880402], [-54.343645766937286, -15.534896636401648], [-54.34361389660547, -15.535062679274597]]]}, "properties": {"bairro": "Residencial Buritis V", "quadra": "3", "numero_lote": "20", "chave": "Residencial Buritis V|3|20", "area_gis_m2": 215.05, "fonte": "MAPA PVA_RESIDENCIAL BURITIS V.dwg"}}, {"type": "Feature", "geometry": {"type": "Polygon", "coordinates": [[[-54.34350857167538, -15.53504367772153], [-54.34340324678415, -15.535024676125149], [-54.34343511713235, -15.534858634019393], [-54.34354044194709, -15.534877635587996], [-54.34350857167538, -15.53504367772153]]]}, "properties": {"bairro": "Residencial Buritis V", "quadra": "3", "numero_lote": "19", "chave": "Residencial Buritis V|3|19", "area_gis_m2": 215.05, "fonte": "MAPA PVA_RESIDENCIAL BURITIS V.dwg"}}, {"type": "Feature", "geometry": {"type": "Polygon", "coordinates": [[[-54.34340324678453, -15.535024676123205], [-54.34329792192073, -15.535005674479464], [-54.34332979248128, -15.534839631693671], [-54.343435117268584, -15.534858633309664], [-54.34340324678453, -15.535024676123205]]]}, "properties": {"bairro": "Residencial Buritis V", "quadra": "3", "numero_lote": "18", "chave": "Residencial Buritis V|3|18", "area_gis_m2": 215.05, "fonte": "MAPA PVA_RESIDENCIAL BURITIS V.dwg"}}, {"type": "Feature", "geometry": {"type": "Polygon", "coordinates": [[[-54.34329792192111, -15.535005674477523], [-54.34319259708476, -15.534986672786383], [-54.34322446772141, -15.5348206300303], [-54.34332979248128, -15.534839631693696], [-54.34329792192111, -15.535005674477523]]]}, "properties": {"bairro": "Residencial Buritis V", "quadra": "3", "numero_lote": "17", "chave": "Residencial Buritis V|3|17", "area_gis_m2": 215.05, "fonte": "MAPA PVA_RESIDENCIAL BURITIS V.dwg"}}, {"type": "Feature", "geometry": {"type": "Polygon", "coordinates": [[[-54.343192597085135, -15.534986672784436], [-54.34308727227622, -15.534967671045923], [-54.343119142988996, -15.534801628319544], [-54.34322446772142, -15.5348206300303], [-54.343192597085135, -15.534986672784436]]]}, "properties": {"bairro": "Residencial Buritis V", "quadra": "3", "numero_lote": "16", "chave": "Residencial Buritis V|3|16", "area_gis_m2": 215.05, "fonte": "MAPA PVA_RESIDENCIAL BURITIS V.dwg"}}, {"type": "Feature", "geometry": {"type": "Polygon", "coordinates": [[[-54.3430872722766, -15.534967671043987], [-54.342981947495126, -15.5349486692581], [-54.34301381828401, -15.534782626561427], [-54.343119142989, -15.534801628319547], [-54.3430872722766, -15.534967671043987]]]}, "properties": {"bairro": "Residencial Buritis V", "quadra": "3", "numero_lote": "15", "chave": "Residencial Buritis V|3|15", "area_gis_m2": 215.05, "fonte": "MAPA PVA_RESIDENCIAL BURITIS V.dwg"}}, {"type": "Feature", "geometry": {"type": "Polygon", "coordinates": [[[-54.34414052160849, -15.535157686318636], [-54.34403519655264, -15.535138685006523], [-54.344067066580365, -15.534972642012788], [-54.34417239155973, -15.534991643297158], [-54.34414052160849, -15.535157686318636]]]}, "properties": {"bairro": "Residencial Buritis V", "quadra": "3", "numero_lote": "25", "chave": "Residencial Buritis V|3|25", "area_gis_m2": 215.05, "fonte": "MAPA PVA_RESIDENCIAL BURITIS V.dwg"}}, {"type": "Feature", "geometry": {"type": "Polygon", "coordinates": [[[-54.344248136355674, -15.535177100653641], [-54.34414052160811, -15.53515768632059], [-54.34417239155935, -15.534991643299145], [-54.34428000622876, -15.535011057603842], [-54.344248136355674, -15.535177100653641]]]}, "properties": {"bairro": "Residencial Buritis V", "quadra": "3", "numero_lote": "26", "chave": "Residencial Buritis V|3|26", "area_gis_m2": 219.73, "fonte": "MAPA PVA_RESIDENCIAL BURITIS V.dwg"}}, {"type": "Feature", "geometry": {"type": "Polygon", "coordinates": [[[-54.34298194749908, -15.53494866925677], [-54.342874333076786, -15.534929254339648], [-54.34290620393986, -15.534763211672661], [-54.34301381828401, -15.534782626561427], [-54.34298194749908, -15.53494866925677]]]}, "properties": {"bairro": "Residencial Buritis V", "quadra": "3", "numero_lote": "14", "chave": "Residencial Buritis V|3|14", "area_gis_m2": 219.73, "fonte": "MAPA PVA_RESIDENCIAL BURITIS V.dwg"}}, {"type": "Feature", "geometry": {"type": "Polygon", "coordinates": [[[-54.34368454666666, -15.530708036781615], [-54.34377613171659, -15.530724559504886], [-54.343739490777104, -15.530915464603824], [-54.34364790565072, -15.530898941852818], [-54.34368454666666, -15.530708036781615]]]}, "properties": {"bairro": "Residencial Buritis V", "quadra": "36", "numero_lote": "15", "chave": "Residencial Buritis V|36|15", "area_gis_m2": 215.0, "fonte": "MAPA PVA_RESIDENCIAL BURITIS V.dwg"}}, {"type": "Feature", "geometry": {"type": "Polygon", "coordinates": [[[-54.34377613171659, -15.530724559504886], [-54.34386771678727, -15.530741082192328], [-54.34383107592423, -15.530931987319004], [-54.343739490777104, -15.530915464603824], [-54.34377613171659, -15.530724559504886]]]}, "properties": {"bairro": "Residencial Buritis V", "quadra": "36", "numero_lote": "14", "chave": "Residencial Buritis V|36|14", "area_gis_m2": 215.0, "fonte": "MAPA PVA_RESIDENCIAL BURITIS V.dwg"}}, {"type": "Feature", "geometry": {"type": "Polygon", "coordinates": [[[-54.34386771678727, -15.530741082192328], [-54.343959301878684, -15.530757604843963], [-54.343922661092094, -15.530948509998403], [-54.34383107592423, -15.530931987319004], [-54.34386771678727, -15.530741082192328]]]}, "properties": {"bairro": "Residencial Buritis V", "quadra": "36", "numero_lote": "13", "chave": "Residencial Buritis V|36|13", "area_gis_m2": 215.0, "fonte": "MAPA PVA_RESIDENCIAL BURITIS V.dwg"}}, {"type": "Feature", "geometry": {"type": "Polygon", "coordinates": [[[-54.343959301878684, -15.530757604843963], [-54.34405088699084, -15.530774127459779], [-54.3440142462807, -15.530965032641962], [-54.343922661092094, -15.530948509998403], [-54.343959301878684, -15.530757604843963]]]}, "properties": {"bairro": "Residencial Buritis V", "quadra": "36", "numero_lote": "12", "chave": "Residencial Buritis V|36|12", "area_gis_m2": 215.0, "fonte": "MAPA PVA_RESIDENCIAL BURITIS V.dwg"}}, {"type": "Feature", "geometry": {"type": "Polygon", "coordinates": [[[-54.34405088699084, -15.530774127459779], [-54.34414247212375, -15.530790650039792], [-54.34410583149006, -15.53098155524971], [-54.3440142462807, -15.530965032641962], [-54.34405088699084, -15.530774127459779]]]}, "properties": {"bairro": "Residencial Buritis V", "quadra": "36", "numero_lote": "11", "chave": "Residencial Buritis V|36|11", "area_gis_m2": 215.0, "fonte": "MAPA PVA_RESIDENCIAL BURITIS V.dwg"}}, {"type": "Feature", "geometry": {"type": "Polygon", "coordinates": [[[-54.34414247212375, -15.530790650039792], [-54.34423405727739, -15.530807172583982], [-54.34419741672014, -15.530998077821643], [-54.34410583149006, -15.53098155524971], [-54.34414247212375, -15.530790650039792]]]}, "properties": {"bairro": "Residencial Buritis V", "quadra": "36", "numero_lote": "10", "chave": "Residencial Buritis V|36|10", "area_gis_m2": 215.0, "fonte": "MAPA PVA_RESIDENCIAL BURITIS V.dwg"}}, {"type": "Feature", "geometry": {"type": "Polygon", "coordinates": [[[-54.34423405727739, -15.530807172583982], [-54.34432564245177, -15.530823695092375], [-54.34428900197098, -15.531014600357777], [-54.34419741672014, -15.530998077821643], [-54.34423405727739, -15.530807172583982]]]}, "properties": {"bairro": "Residencial Buritis V", "quadra": "36", "numero_lote": "9", "chave": "Residencial Buritis V|36|9", "area_gis_m2": 215.0, "fonte": "MAPA PVA_RESIDENCIAL BURITIS V.dwg"}}, {"type": "Feature", "geometry": {"type": "Polygon", "coordinates": [[[-54.34432564245177, -15.530823695092375], [-54.34441722764689, -15.530840217564934], [-54.34438058724255, -15.531031122858101], [-54.34428900197098, -15.531014600357777], [-54.34432564245177, -15.530823695092375]]]}, "properties": {"bairro": "Residencial Buritis V", "quadra": "36", "numero_lote": "8", "chave": "Residencial Buritis V|36|8", "area_gis_m2": 215.0, "fonte": "MAPA PVA_RESIDENCIAL BURITIS V.dwg"}}, {"type": "Feature", "geometry": {"type": "Polygon", "coordinates": [[[-54.34441722764689, -15.530840217564934], [-54.344508812862756, -15.530856740001704], [-54.344472172534864, -15.531047645322579], [-54.34438058724255, -15.531031122858101], [-54.34441722764689, -15.530840217564934]]]}, "properties": {"bairro": "Residencial Buritis V", "quadra": "36", "numero_lote": "7", "chave": "Residencial Buritis V|36|7", "area_gis_m2": 215.0, "fonte": "MAPA PVA_RESIDENCIAL BURITIS V.dwg"}}, {"type": "Feature", "geometry": {"type": "Polygon", "coordinates": [[[-54.344508812862756, -15.530856740001704], [-54.34460039809936, -15.530873262402633], [-54.34456375784792, -15.531064167751252], [-54.344472172534864, -15.531047645322579], [-54.344508812862756, -15.530856740001704]]]}, "properties": {"bairro": "Residencial Buritis V", "quadra": "36", "numero_lote": "6", "chave": "Residencial Buritis V|36|6", "area_gis_m2": 215.0, "fonte": "MAPA PVA_RESIDENCIAL BURITIS V.dwg"}}, {"type": "Feature", "geometry": {"type": "Polygon", "coordinates": [[[-54.34460039809936, -15.530873262402633], [-54.3446919833567, -15.530889784767751], [-54.344655343181714, -15.53108069014413], [-54.34456375784792, -15.531064167751252], [-54.34460039809936, -15.530873262402633]]]}, "properties": {"bairro": "Residencial Buritis V", "quadra": "36", "numero_lote": "5", "chave": "Residencial Buritis V|36|5", "area_gis_m2": 215.0, "fonte": "MAPA PVA_RESIDENCIAL BURITIS V.dwg"}}, {"type": "Feature", "geometry": {"type": "Polygon", "coordinates": [[[-54.3446919833567, -15.530889784767751], [-54.34478356863478, -15.530906307097066], [-54.34474692853624, -15.531097212501173], [-54.344655343181714, -15.53108069014413], [-54.3446919833567, -15.530889784767751]]]}, "properties": {"bairro": "Residencial Buritis V", "quadra": "36", "numero_lote": "4", "chave": "Residencial Buritis V|36|4", "area_gis_m2": 215.0, "fonte": "MAPA PVA_RESIDENCIAL BURITIS V.dwg"}}, {"type": "Feature", "geometry": {"type": "Polygon", "coordinates": [[[-54.34364790565072, -15.530898941852818], [-54.343739490777104, -15.530915464603824], [-54.34370284974174, -15.531106369683135], [-54.3436112645389, -15.531089846904386], [-54.34364790565072, -15.530898941852818]]]}, "properties": {"bairro": "Residencial Buritis V", "quadra": "36", "numero_lote": "16", "chave": "Residencial Buritis V|36|16", "area_gis_m2": 215.0, "fonte": "MAPA PVA_RESIDENCIAL BURITIS V.dwg"}}, {"type": "Feature", "geometry": {"type": "Polygon", "coordinates": [[[-54.343739490777104, -15.530915464603824], [-54.34383107592423, -15.530931987319004], [-54.34379443496531, -15.531122892426097], [-54.34370284974174, -15.531106369683135], [-54.343739490777104, -15.530915464603824]]]}, "properties": {"bairro": "Residencial Buritis V", "quadra": "36", "numero_lote": "17", "chave": "Residencial Buritis V|36|17", "area_gis_m2": 215.0, "fonte": "MAPA PVA_RESIDENCIAL BURITIS V.dwg"}}, {"type": "Feature", "geometry": {"type": "Polygon", "coordinates": [[[-54.34383107592423, -15.530931987319004], [-54.343922661092094, -15.530948509998403], [-54.343886020209624, -15.531139415133222], [-54.34379443496531, -15.531122892426097], [-54.34383107592423, -15.530931987319004]]]}, "properties": {"bairro": "Residencial Buritis V", "quadra": "36", "numero_lote": "18", "chave": "Residencial Buritis V|36|18", "area_gis_m2": 215.0, "fonte": "MAPA PVA_RESIDENCIAL BURITIS V.dwg"}}, {"type": "Feature", "geometry": {"type": "Polygon", "coordinates": [[[-54.343922661092094, -15.530948509998403], [-54.3440142462807, -15.530965032641962], [-54.343977605474684, -15.531155937804519], [-54.343886020209624, -15.531139415133222], [-54.343922661092094, -15.530948509998403]]]}, "properties": {"bairro": "Residencial Buritis V", "quadra": "36", "numero_lote": "19", "chave": "Residencial Buritis V|36|19", "area_gis_m2": 215.0, "fonte": "MAPA PVA_RESIDENCIAL BURITIS V.dwg"}}, {"type": "Feature", "geometry": {"type": "Polygon", "coordinates": [[[-54.3440142462807, -15.530965032641962], [-54.34410583149006, -15.53098155524971], [-54.34406919076049, -15.531172460440025], [-54.343977605474684, -15.531155937804519], [-54.3440142462807, -15.530965032641962]]]}, "properties": {"bairro": "Residencial Buritis V", "quadra": "36", "numero_lote": "20", "chave": "Residencial Buritis V|36|20", "area_gis_m2": 215.0, "fonte": "MAPA PVA_RESIDENCIAL BURITIS V.dwg"}}, {"type": "Feature", "geometry": {"type": "Polygon", "coordinates": [[[-54.34410583149006, -15.53098155524971], [-54.34419741672014, -15.530998077821643], [-54.34416077606703, -15.531188983039696], [-54.34406919076049, -15.531172460440025], [-54.34410583149006, -15.53098155524971]]]}, "properties": {"bairro": "Residencial Buritis V", "quadra": "36", "numero_lote": "21", "chave": "Residencial Buritis V|36|21", "area_gis_m2": 215.0, "fonte": "MAPA PVA_RESIDENCIAL BURITIS V.dwg"}}, {"type": "Feature", "geometry": {"type": "Polygon", "coordinates": [[[-54.34419741672014, -15.530998077821643], [-54.34428900197098, -15.531014600357777], [-54.34425236139432, -15.531205505603568], [-54.34416077606703, -15.531188983039696], [-54.34419741672014, -15.530998077821643]]]}, "properties": {"bairro": "Residencial Buritis V", "quadra": "36", "numero_lote": "22", "chave": "Residencial Buritis V|36|22", "area_gis_m2": 215.0, "fonte": "MAPA PVA_RESIDENCIAL BURITIS V.dwg"}}, {"type": "Feature", "geometry": {"type": "Polygon", "coordinates": [[[-54.34428900197098, -15.531014600357777], [-54.344380587242554, -15.531031122858101], [-54.344343946742335, -15.53122202813162], [-54.34425236139432, -15.531205505603568], [-54.34428900197098, -15.531014600357777]]]}, "properties": {"bairro": "Residencial Buritis V", "quadra": "36", "numero_lote": "23", "chave": "Residencial Buritis V|36|23", "area_gis_m2": 215.0, "fonte": "MAPA PVA_RESIDENCIAL BURITIS V.dwg"}}, {"type": "Feature", "geometry": {"type": "Polygon", "coordinates": [[[-54.344380587242554, -15.531031122858101], [-54.344472172534864, -15.531047645322579], [-54.3444355321111, -15.531238550623849], [-54.344343946742335, -15.53122202813162], [-54.344380587242554, -15.531031122858101]]]}, "properties": {"bairro": "Residencial Buritis V", "quadra": "36", "numero_lote": "24", "chave": "Residencial Buritis V|36|24", "area_gis_m2": 215.0, "fonte": "MAPA PVA_RESIDENCIAL BURITIS V.dwg"}}, {"type": "Feature", "geometry": {"type": "Polygon", "coordinates": [[[-54.344472172534864, -15.531047645322579], [-54.34456375784792, -15.531064167751252], [-54.34452711750061, -15.531255073080278], [-54.3444355321111, -15.531238550623849], [-54.344472172534864, -15.531047645322579]]]}, "properties": {"bairro": "Residencial Buritis V", "quadra": "36", "numero_lote": "25", "chave": "Residencial Buritis V|36|25", "area_gis_m2": 215.0, "fonte": "MAPA PVA_RESIDENCIAL BURITIS V.dwg"}}, {"type": "Feature", "geometry": {"type": "Polygon", "coordinates": [[[-54.34456375784792, -15.531064167751252], [-54.34465534318171, -15.53108069014413], [-54.34461870291085, -15.53127159550087], [-54.34452711750061, -15.531255073080278], [-54.34456375784792, -15.531064167751252]]]}, "properties": {"bairro": "Residencial Buritis V", "quadra": "36", "numero_lote": "26", "chave": "Residencial Buritis V|36|26", "area_gis_m2": 215.0, "fonte": "MAPA PVA_RESIDENCIAL BURITIS V.dwg"}}, {"type": "Feature", "geometry": {"type": "Polygon", "coordinates": [[[-54.34465534318171, -15.53108069014413], [-54.34474692853624, -15.531097212501173], [-54.34471028834183, -15.531288117885651], [-54.34461870291085, -15.53127159550087], [-54.34465534318171, -15.53108069014413]]]}, "properties": {"bairro": "Residencial Buritis V", "quadra": "36", "numero_lote": "27", "chave": "Residencial Buritis V|36|27", "area_gis_m2": 215.0, "fonte": "MAPA PVA_RESIDENCIAL BURITIS V.dwg"}}, {"type": "Feature", "geometry": {"type": "Polygon", "coordinates": [[[-54.34474692853624, -15.531097212501173], [-54.34483851391151, -15.5311137348224], [-54.34480187379356, -15.531304640234621], [-54.34471028834183, -15.531288117885651], [-54.34474692853624, -15.531097212501173]]]}, "properties": {"bairro": "Residencial Buritis V", "quadra": "36", "numero_lote": "28", "chave": "Residencial Buritis V|36|28", "area_gis_m2": 215.0, "fonte": "MAPA PVA_RESIDENCIAL BURITIS V.dwg"}}, {"type": "Feature", "geometry": {"type": "Polygon", "coordinates": [[[-54.34483851391151, -15.5311137348224], [-54.34493009928788, -15.531130257104266], [-54.344893459266025, -15.531321162547792], [-54.34480187379356, -15.531304640234621], [-54.34483851391151, -15.5311137348224]]]}, "properties": {"bairro": "Residencial Buritis V", "quadra": "36", "numero_lote": "29", "chave": "Residencial Buritis V|36|29", "area_gis_m2": 215.0, "fonte": "MAPA PVA_RESIDENCIAL BURITIS V.dwg"}}, {"type": "Feature", "geometry": {"type": "Polygon", "coordinates": [[[-54.34478142346444, -15.531411192086086], [-54.344873008979576, -15.531427714414715], [-54.34483892510247, -15.53160530084603], [-54.34474733951621, -15.531588778491589], [-54.34478142346444, -15.531411192086086]]]}, "properties": {"bairro": "Residencial Buritis V", "quadra": "31", "numero_lote": "2", "chave": "Residencial Buritis V|31|2", "area_gis_m2": 200.0, "fonte": "MAPA PVA_RESIDENCIAL BURITIS V.dwg"}}, {"type": "Feature", "geometry": {"type": "Polygon", "coordinates": [[[-54.344689837970044, -15.53139466972163], [-54.34478142346444, -15.531411192086086], [-54.34474733951621, -15.531588778491589], [-54.3446557539507, -15.531572256101322], [-54.344689837970044, -15.53139466972163]]]}, "properties": {"bairro": "Residencial Buritis V", "quadra": "31", "numero_lote": "3", "chave": "Residencial Buritis V|31|3", "area_gis_m2": 200.0, "fonte": "MAPA PVA_RESIDENCIAL BURITIS V.dwg"}}, {"type": "Feature", "geometry": {"type": "Polygon", "coordinates": [[[-54.34459825249639, -15.531378147321373], [-54.344689837970044, -15.53139466972163], [-54.3446557539507, -15.531572256101322], [-54.34456416840593, -15.531555733675251], [-54.34459825249639, -15.531378147321373]]]}, "properties": {"bairro": "Residencial Buritis V", "quadra": "31", "numero_lote": "4", "chave": "Residencial Buritis V|31|4", "area_gis_m2": 200.0, "fonte": "MAPA PVA_RESIDENCIAL BURITIS V.dwg"}}, {"type": "Feature", "geometry": {"type": "Polygon", "coordinates": [[[-54.344506667043476, -15.53136162488528], [-54.34459825249639, -15.531378147321373], [-54.34456416840593, -15.531555733675251], [-54.344472582881885, -15.53153921121336], [-54.344506667043476, -15.53136162488528]]]}, "properties": {"bairro": "Residencial Buritis V", "quadra": "31", "numero_lote": "5", "chave": "Residencial Buritis V|31|5", "area_gis_m2": 200.0, "fonte": "MAPA PVA_RESIDENCIAL BURITIS V.dwg"}}, {"type": "Feature", "geometry": {"type": "Polygon", "coordinates": [[[-54.344415081611295, -15.531345102413372], [-54.344506667043476, -15.53136162488528], [-54.344472582881885, -15.53153921121336], [-54.34438099737859, -15.531522688715652], [-54.344415081611295, -15.531345102413372]]]}, "properties": {"bairro": "Residencial Buritis V", "quadra": "31", "numero_lote": "6", "chave": "Residencial Buritis V|31|6", "area_gis_m2": 200.0, "fonte": "MAPA PVA_RESIDENCIAL BURITIS V.dwg"}}, {"type": "Feature", "geometry": {"type": "Polygon", "coordinates": [[[-54.34432349619987, -15.53132857990565], [-54.344415081611295, -15.531345102413372], [-54.34438099737859, -15.531522688715652], [-54.34428941189604, -15.531506166182117], [-54.34432349619987, -15.53132857990565]]]}, "properties": {"bairro": "Residencial Buritis V", "quadra": "31", "numero_lote": "7", "chave": "Residencial Buritis V|31|7", "area_gis_m2": 200.0, "fonte": "MAPA PVA_RESIDENCIAL BURITIS V.dwg"}}, {"type": "Feature", "geometry": {"type": "Polygon", "coordinates": [[[-54.34423191080917, -15.531312057362117], [-54.34432349619987, -15.53132857990565], [-54.34428941189604, -15.531506166182117], [-54.344197826434225, -15.531489643612785], [-54.34423191080917, -15.531312057362117]]]}, "properties": {"bairro": "Residencial Buritis V", "quadra": "31", "numero_lote": "8", "chave": "Residencial Buritis V|31|8", "area_gis_m2": 200.0, "fonte": "MAPA PVA_RESIDENCIAL BURITIS V.dwg"}}, {"type": "Feature", "geometry": {"type": "Polygon", "coordinates": [[[-54.34414032543921, -15.531295534782755], [-54.34423191080917, -15.531312057362117], [-54.344197826434225, -15.531489643612785], [-54.344106240993156, -15.531473121007615], [-54.34414032543921, -15.531295534782755]]]}, "properties": {"bairro": "Residencial Buritis V", "quadra": "31", "numero_lote": "9", "chave": "Residencial Buritis V|31|9", "area_gis_m2": 200.0, "fonte": "MAPA PVA_RESIDENCIAL BURITIS V.dwg"}}, {"type": "Feature", "geometry": {"type": "Polygon", "coordinates": [[[-54.34404874009, -15.531279012167591], [-54.34414032543921, -15.531295534782755], [-54.344106240993156, -15.531473121007615], [-54.34401465557283, -15.531456598366644], [-54.34404874009, -15.531279012167591]]]}, "properties": {"bairro": "Residencial Buritis V", "quadra": "31", "numero_lote": "10", "chave": "Residencial Buritis V|31|10", "area_gis_m2": 200.0, "fonte": "MAPA PVA_RESIDENCIAL BURITIS V.dwg"}}, {"type": "Feature", "geometry": {"type": "Polygon", "coordinates": [[[-54.34395715476153, -15.531262489516621], [-54.34404874009, -15.531279012167591], [-54.34401465557283, -15.531456598366644], [-54.34392307017323, -15.531440075689837], [-54.34395715476153, -15.531262489516621]]]}, "properties": {"bairro": "Residencial Buritis V", "quadra": "31", "numero_lote": "11", "chave": "Residencial Buritis V|31|11", "area_gis_m2": 200.0, "fonte": "MAPA PVA_RESIDENCIAL BURITIS V.dwg"}}, {"type": "Feature", "geometry": {"type": "Polygon", "coordinates": [[[-54.3438655694538, -15.53124596682983], [-54.34395715476153, -15.531262489516621], [-54.34392307017323, -15.531440075689837], [-54.343831484794386, -15.531423552977252], [-54.3438655694538, -15.53124596682983]]]}, "properties": {"bairro": "Residencial Buritis V", "quadra": "31", "numero_lote": "12", "chave": "Residencial Buritis V|31|12", "area_gis_m2": 200.0, "fonte": "MAPA PVA_RESIDENCIAL BURITIS V.dwg"}}, {"type": "Feature", "geometry": {"type": "Polygon", "coordinates": [[[-54.343773984166816, -15.531229444107206], [-54.3438655694538, -15.53124596682983], [-54.343831484794386, -15.531423552977252], [-54.34373989943629, -15.531407030228824], [-54.343773984166816, -15.531229444107206]]]}, "properties": {"bairro": "Residencial Buritis V", "quadra": "31", "numero_lote": "13", "chave": "Residencial Buritis V|31|13", "area_gis_m2": 200.0, "fonte": "MAPA PVA_RESIDENCIAL BURITIS V.dwg"}}, {"type": "Feature", "geometry": {"type": "Polygon", "coordinates": [[[-54.34368239890057, -15.53121292134878], [-54.343773984166816, -15.531229444107206], [-54.34373989943629, -15.531407030228824], [-54.34364831409892, -15.531390507444591], [-54.34368239890057, -15.53121292134878]]]}, "properties": {"bairro": "Residencial Buritis V", "quadra": "31", "numero_lote": "14", "chave": "Residencial Buritis V|31|14", "area_gis_m2": 200.0, "fonte": "MAPA PVA_RESIDENCIAL BURITIS V.dwg"}}, {"type": "Feature", "geometry": {"type": "Polygon", "coordinates": [[[-54.34359081365506, -15.531196398554531], [-54.34368239890057, -15.53121292134878], [-54.34364831409892, -15.531390507444591], [-54.3435567287823, -15.531373984624532], [-54.34359081365506, -15.531196398554531]]]}, "properties": {"bairro": "Residencial Buritis V", "quadra": "31", "numero_lote": "15", "chave": "Residencial Buritis V|31|15", "area_gis_m2": 200.0, "fonte": "MAPA PVA_RESIDENCIAL BURITIS V.dwg"}}, {"type": "Feature", "geometry": {"type": "Polygon", "coordinates": [[[-54.34474733951621, -15.531588778491589], [-54.34483892510247, -15.53160530084603], [-54.344804841142405, -15.531782887260373], [-54.344713255485026, -15.531766364880124], [-54.34474733951621, -15.531588778491589]]]}, "properties": {"bairro": "Residencial Buritis V", "quadra": "31", "numero_lote": "29", "chave": "Residencial Buritis V|31|29", "area_gis_m2": 200.0, "fonte": "MAPA PVA_RESIDENCIAL BURITIS V.dwg"}}, {"type": "Feature", "geometry": {"type": "Polygon", "coordinates": [[[-54.3446557539507, -15.531572256101322], [-54.34474733951621, -15.531588778491589], [-54.344713255485026, -15.531766364880124], [-54.344621669848394, -15.53174984246406], [-54.3446557539507, -15.531572256101322]]]}, "properties": {"bairro": "Residencial Buritis V", "quadra": "31", "numero_lote": "28", "chave": "Residencial Buritis V|31|28", "area_gis_m2": 200.0, "fonte": "MAPA PVA_RESIDENCIAL BURITIS V.dwg"}}, {"type": "Feature", "geometry": {"type": "Polygon", "coordinates": [[[-54.34456416840593, -15.531555733675251], [-54.3446557539507, -15.531572256101322], [-54.344621669848394, -15.53174984246406], [-54.344530084232495, -15.531733320012176], [-54.34456416840593, -15.531555733675251]]]}, "properties": {"bairro": "Residencial Buritis V", "quadra": "31", "numero_lote": "27", "chave": "Residencial Buritis V|31|27", "area_gis_m2": 200.0, "fonte": "MAPA PVA_RESIDENCIAL BURITIS V.dwg"}}, {"type": "Feature", "geometry": {"type": "Polygon", "coordinates": [[[-54.344472582881885, -15.53153921121336], [-54.34456416840593, -15.531555733675251], [-54.344530084232495, -15.531733320012176], [-54.34443849863734, -15.531716797524473], [-54.344472582881885, -15.53153921121336]]]}, "properties": {"bairro": "Residencial Buritis V", "quadra": "31", "numero_lote": "26", "chave": "Residencial Buritis V|31|26", "area_gis_m2": 200.0, "fonte": "MAPA PVA_RESIDENCIAL BURITIS V.dwg"}}, {"type": "Feature", "geometry": {"type": "Polygon", "coordinates": [[[-54.34438099737859, -15.531522688715652], [-54.344472582881885, -15.53153921121336], [-54.34443849863734, -15.531716797524473], [-54.34434691306293, -15.531700275000967], [-54.34438099737859, -15.531522688715652]]]}, "properties": {"bairro": "Residencial Buritis V", "quadra": "31", "numero_lote": "25", "chave": "Residencial Buritis V|31|25", "area_gis_m2": 200.0, "fonte": "MAPA PVA_RESIDENCIAL BURITIS V.dwg"}}, {"type": "Feature", "geometry": {"type": "Polygon", "coordinates": [[[-54.34428941189604, -15.531506166182117], [-54.34438099737859, -15.531522688715652], [-54.34434691306293, -15.531700275000967], [-54.34425532750925, -15.531683752441618], [-54.34428941189604, -15.531506166182117]]]}, "properties": {"bairro": "Residencial Buritis V", "quadra": "31", "numero_lote": "24", "chave": "Residencial Buritis V|31|24", "area_gis_m2": 200.0, "fonte": "MAPA PVA_RESIDENCIAL BURITIS V.dwg"}}, {"type": "Feature", "geometry": {"type": "Polygon", "coordinates": [[[-54.344197826434225, -15.531489643612785], [-54.34428941189604, -15.531506166182117], [-54.34425532750925, -15.531683752441618], [-54.34416374197632, -15.53166722984647], [-54.344197826434225, -15.531489643612785]]]}, "properties": {"bairro": "Residencial Buritis V", "quadra": "31", "numero_lote": "23", "chave": "Residencial Buritis V|31|23", "area_gis_m2": 200.0, "fonte": "MAPA PVA_RESIDENCIAL BURITIS V.dwg"}}, {"type": "Feature", "geometry": {"type": "Polygon", "coordinates": [[[-54.344106240993156, -15.531473121007615], [-54.344197826434225, -15.531489643612785], [-54.34416374197632, -15.53166722984647], [-54.34407215646413, -15.531650707215492], [-54.344106240993156, -15.531473121007615]]]}, "properties": {"bairro": "Residencial Buritis V", "quadra": "31", "numero_lote": "22", "chave": "Residencial Buritis V|31|22", "area_gis_m2": 200.0, "fonte": "MAPA PVA_RESIDENCIAL BURITIS V.dwg"}}, {"type": "Feature", "geometry": {"type": "Polygon", "coordinates": [[[-54.34401465557283, -15.531456598366644], [-54.344106240993156, -15.531473121007615], [-54.34407215646413, -15.531650707215492], [-54.343980570972676, -15.531634184548707], [-54.34401465557283, -15.531456598366644]]]}, "properties": {"bairro": "Residencial Buritis V", "quadra": "31", "numero_lote": "21", "chave": "Residencial Buritis V|31|21", "area_gis_m2": 200.0, "fonte": "MAPA PVA_RESIDENCIAL BURITIS V.dwg"}}, {"type": "Feature", "geometry": {"type": "Polygon", "coordinates": [[[-54.34392307017323, -15.531440075689837], [-54.34401465557283, -15.531456598366644], [-54.343980570972676, -15.531634184548707], [-54.34388898550197, -15.531617661846113], [-54.34392307017323, -15.531440075689837]]]}, "properties": {"bairro": "Residencial Buritis V", "quadra": "31", "numero_lote": "20", "chave": "Residencial Buritis V|31|20", "area_gis_m2": 200.0, "fonte": "MAPA PVA_RESIDENCIAL BURITIS V.dwg"}}, {"type": "Feature", "geometry": {"type": "Polygon", "coordinates": [[[-54.343831484794386, -15.531423552977252], [-54.34392307017323, -15.531440075689837], [-54.34388898550197, -15.531617661846113], [-54.343797400052004, -15.531601139107712], [-54.343831484794386, -15.531423552977252]]]}, "properties": {"bairro": "Residencial Buritis V", "quadra": "31", "numero_lote": "19", "chave": "Residencial Buritis V|31|19", "area_gis_m2": 200.0, "fonte": "MAPA PVA_RESIDENCIAL BURITIS V.dwg"}}, {"type": "Feature", "geometry": {"type": "Polygon", "coordinates": [[[-54.34373989943629, -15.531407030228824], [-54.343831484794386, -15.531423552977252], [-54.343797400052004, -15.531601139107712], [-54.34370581462279, -15.53158461633347], [-54.34373989943629, -15.531407030228824]]]}, "properties": {"bairro": "Residencial Buritis V", "quadra": "31", "numero_lote": "18", "chave": "Residencial Buritis V|31|18", "area_gis_m2": 200.0, "fonte": "MAPA PVA_RESIDENCIAL BURITIS V.dwg"}}, {"type": "Feature", "geometry": {"type": "Polygon", "coordinates": [[[-54.34364831409892, -15.531390507444591], [-54.34373989943629, -15.531407030228824], [-54.34370581462279, -15.53158461633347], [-54.3436142292143, -15.53156809352342], [-54.34364831409892, -15.531390507444591]]]}, "properties": {"bairro": "Residencial Buritis V", "quadra": "31", "numero_lote": "17", "chave": "Residencial Buritis V|31|17", "area_gis_m2": 200.0, "fonte": "MAPA PVA_RESIDENCIAL BURITIS V.dwg"}}, {"type": "Feature", "geometry": {"type": "Polygon", "coordinates": [[[-54.3435567287823, -15.531373984624532], [-54.34364831409892, -15.531390507444591], [-54.3436142292143, -15.53156809352342], [-54.34352264382656, -15.531551570677564], [-54.3435567287823, -15.531373984624532]]]}, "properties": {"bairro": "Residencial Buritis V", "quadra": "31", "numero_lote": "16", "chave": "Residencial Buritis V|31|16", "area_gis_m2": 200.0, "fonte": "MAPA PVA_RESIDENCIAL BURITIS V.dwg"}}, {"type": "Feature", "geometry": {"type": "Polygon", "coordinates": [[[-54.34324143977572, -15.533016654967296], [-54.34333302575021, -15.533033178026125], [-54.343296383670804, -15.533224082891369], [-54.343204797619855, -15.533207559804803], [-54.34324143977572, -15.533016654967296]]]}, "properties": {"bairro": "Residencial Buritis V", "quadra": "16", "numero_lote": "15", "chave": "Residencial Buritis V|16|15", "area_gis_m2": 215.0, "fonte": "MAPA PVA_RESIDENCIAL BURITIS V.dwg"}}, {"type": "Feature", "geometry": {"type": "Polygon", "coordinates": [[[-54.34333302575021, -15.533033178026125], [-54.34342461174545, -15.53304970104912], [-54.3433879697425, -15.53324060594213], [-54.343296383670804, -15.533224082891369], [-54.34333302575021, -15.533033178026125]]]}, "properties": {"bairro": "Residencial Buritis V", "quadra": "16", "numero_lote": "14", "chave": "Residencial Buritis V|16|14", "area_gis_m2": 215.0, "fonte": "MAPA PVA_RESIDENCIAL BURITIS V.dwg"}}, {"type": "Feature", "geometry": {"type": "Polygon", "coordinates": [[[-54.34342461174545, -15.53304970104912], [-54.34351619776143, -15.533066224036293], [-54.34347955583495, -15.53325712895707], [-54.3433879697425, -15.53324060594213], [-54.34342461174545, -15.53304970104912]]]}, "properties": {"bairro": "Residencial Buritis V", "quadra": "16", "numero_lote": "13", "chave": "Residencial Buritis V|16|13", "area_gis_m2": 215.0, "fonte": "MAPA PVA_RESIDENCIAL BURITIS V.dwg"}}, {"type": "Feature", "geometry": {"type": "Polygon", "coordinates": [[[-54.34351619776143, -15.533066224036293], [-54.343607783798156, -15.533082746987638], [-54.34357114194814, -15.533273651936172], [-54.34347955583495, -15.53325712895707], [-54.34351619776143, -15.533066224036293]]]}, "properties": {"bairro": "Residencial Buritis V", "quadra": "16", "numero_lote": "12", "chave": "Residencial Buritis V|16|12", "area_gis_m2": 215.0, "fonte": "MAPA PVA_RESIDENCIAL BURITIS V.dwg"}}, {"type": "Feature", "geometry": {"type": "Polygon", "coordinates": [[[-54.343607783798156, -15.533082746987638], [-54.343699369855635, -15.533099269903197], [-54.34366272808207, -15.533290174879454], [-54.34357114194814, -15.533273651936172], [-54.343607783798156, -15.533082746987638]]]}, "properties": {"bairro": "Residencial Buritis V", "quadra": "16", "numero_lote": "11", "chave": "Residencial Buritis V|16|11", "area_gis_m2": 215.0, "fonte": "MAPA PVA_RESIDENCIAL BURITIS V.dwg"}}, {"type": "Feature", "geometry": {"type": "Polygon", "coordinates": [[[-54.343699369855635, -15.533099269903197], [-54.34379095593385, -15.533115792782906], [-54.343754314236755, -15.533306697786921], [-54.34366272808207, -15.533290174879454], [-54.343699369855635, -15.533099269903197]]]}, "properties": {"bairro": "Residencial Buritis V", "quadra": "16", "numero_lote": "10", "chave": "Residencial Buritis V|16|10", "area_gis_m2": 215.0, "fonte": "MAPA PVA_RESIDENCIAL BURITIS V.dwg"}}, {"type": "Feature", "geometry": {"type": "Polygon", "coordinates": [[[-54.34379095593385, -15.533115792782906], [-54.34388254203281, -15.533132315626807], [-54.34384590041218, -15.533323220658561], [-54.343754314236755, -15.533306697786921], [-54.34379095593385, -15.533115792782906]]]}, "properties": {"bairro": "Residencial Buritis V", "quadra": "16", "numero_lote": "9", "chave": "Residencial Buritis V|16|9", "area_gis_m2": 215.0, "fonte": "MAPA PVA_RESIDENCIAL BURITIS V.dwg"}}, {"type": "Feature", "geometry": {"type": "Polygon", "coordinates": [[[-54.34388254203281, -15.533132315626807], [-54.34397412815252, -15.533148838434887], [-54.34393748660835, -15.533339743494395], [-54.34384590041218, -15.533323220658561], [-54.34388254203281, -15.533132315626807]]]}, "properties": {"bairro": "Residencial Buritis V", "quadra": "16", "numero_lote": "8", "chave": "Residencial Buritis V|16|8", "area_gis_m2": 215.0, "fonte": "MAPA PVA_RESIDENCIAL BURITIS V.dwg"}}, {"type": "Feature", "geometry": {"type": "Polygon", "coordinates": [[[-54.34397412815252, -15.533148838434887], [-54.34406571429296, -15.533165361207145], [-54.34402907282526, -15.533356266294394], [-54.34393748660835, -15.533339743494395], [-54.34397412815252, -15.533148838434887]]]}, "properties": {"bairro": "Residencial Buritis V", "quadra": "16", "numero_lote": "7", "chave": "Residencial Buritis V|16|7", "area_gis_m2": 215.0, "fonte": "MAPA PVA_RESIDENCIAL BURITIS V.dwg"}}, {"type": "Feature", "geometry": {"type": "Polygon", "coordinates": [[[-54.34406571429296, -15.533165361207145], [-54.34415730045416, -15.53318188394358], [-54.34412065906291, -15.533372789058577], [-54.34402907282526, -15.533356266294394], [-54.34406571429296, -15.533165361207145]]]}, "properties": {"bairro": "Residencial Buritis V", "quadra": "16", "numero_lote": "6", "chave": "Residencial Buritis V|16|6", "area_gis_m2": 215.0, "fonte": "MAPA PVA_RESIDENCIAL BURITIS V.dwg"}}, {"type": "Feature", "geometry": {"type": "Polygon", "coordinates": [[[-54.34415730045416, -15.53318188394358], [-54.34424888663609, -15.533198406644205], [-54.34421224532131, -15.533389311786959], [-54.34412065906291, -15.533372789058577], [-54.34415730045416, -15.53318188394358]]]}, "properties": {"bairro": "Residencial Buritis V", "quadra": "16", "numero_lote": "5", "chave": "Residencial Buritis V|16|5", "area_gis_m2": 215.0, "fonte": "MAPA PVA_RESIDENCIAL BURITIS V.dwg"}}, {"type": "Feature", "geometry": {"type": "Polygon", "coordinates": [[[-54.34424888663609, -15.533198406644205], [-54.344340472838766, -15.533214929308992], [-54.34430383160045, -15.533405834479499], [-54.34421224532131, -15.533389311786959], [-54.34424888663609, -15.533198406644205]]]}, "properties": {"bairro": "Residencial Buritis V", "quadra": "16", "numero_lote": "4", "chave": "Residencial Buritis V|16|4", "area_gis_m2": 215.0, "fonte": "MAPA PVA_RESIDENCIAL BURITIS V.dwg"}}, {"type": "Feature", "geometry": {"type": "Polygon", "coordinates": [[[-54.344340472838766, -15.533214929308992], [-54.344432059062186, -15.533231451937976], [-54.34439541790034, -15.53342235713621], [-54.34430383160045, -15.533405834479499], [-54.344340472838766, -15.533214929308992]]]}, "properties": {"bairro": "Residencial Buritis V", "quadra": "16", "numero_lote": "3", "chave": "Residencial Buritis V|16|3", "area_gis_m2": 215.0, "fonte": "MAPA PVA_RESIDENCIAL BURITIS V.dwg"}}, {"type": "Feature", "geometry": {"type": "Polygon", "coordinates": [[[-54.344432059062186, -15.533231451937976], [-54.34452364530635, -15.533247974531147], [-54.344487004220966, -15.533438879757103], [-54.34439541790034, -15.53342235713621], [-54.344432059062186, -15.533231451937976]]]}, "properties": {"bairro": "Residencial Buritis V", "quadra": "16", "numero_lote": "2", "chave": "Residencial Buritis V|16|2", "area_gis_m2": 215.0, "fonte": "MAPA PVA_RESIDENCIAL BURITIS V.dwg"}}, {"type": "Feature", "geometry": {"type": "Polygon", "coordinates": [[[-54.343204797619855, -15.533207559804803], [-54.343296383670804, -15.533224082891369], [-54.34325974149551, -15.533414987737027], [-54.3431681553681, -15.533398464622707], [-54.343204797619855, -15.533207559804803]]]}, "properties": {"bairro": "Residencial Buritis V", "quadra": "16", "numero_lote": "16", "chave": "Residencial Buritis V|16|16", "area_gis_m2": 215.0, "fonte": "MAPA PVA_RESIDENCIAL BURITIS V.dwg"}}, {"type": "Feature", "geometry": {"type": "Polygon", "coordinates": [[[-54.343296383670804, -15.533224082891369], [-54.3433879697425, -15.53324060594213], [-54.34335132764367, -15.533431510815522], [-54.34325974149551, -15.533414987737027], [-54.343296383670804, -15.533224082891369]]]}, "properties": {"bairro": "Residencial Buritis V", "quadra": "16", "numero_lote": "17", "chave": "Residencial Buritis V|16|17", "area_gis_m2": 215.0, "fonte": "MAPA PVA_RESIDENCIAL BURITIS V.dwg"}}, {"type": "Feature", "geometry": {"type": "Polygon", "coordinates": [[[-54.3433879697425, -15.53324060594213], [-54.34347955583495, -15.53325712895707], [-54.34344291381258, -15.533448033858212], [-54.34335132764367, -15.533431510815522], [-54.3433879697425, -15.53324060594213]]]}, "properties": {"bairro": "Residencial Buritis V", "quadra": "16", "numero_lote": "18", "chave": "Residencial Buritis V|16|18", "area_gis_m2": 215.0, "fonte": "MAPA PVA_RESIDENCIAL BURITIS V.dwg"}}, {"type": "Feature", "geometry": {"type": "Polygon", "coordinates": [[[-54.34347955583495, -15.53325712895707], [-54.34357114194814, -15.533273651936172], [-54.34353450000223, -15.533464556865052], [-54.34344291381258, -15.533448033858212], [-54.34347955583495, -15.53325712895707]]]}, "properties": {"bairro": "Residencial Buritis V", "quadra": "16", "numero_lote": "19", "chave": "Residencial Buritis V|16|19", "area_gis_m2": 215.0, "fonte": "MAPA PVA_RESIDENCIAL BURITIS V.dwg"}}, {"type": "Feature", "geometry": {"type": "Polygon", "coordinates": [[[-54.34357114194814, -15.533273651936172], [-54.34366272808207, -15.533290174879454], [-54.34362608621263, -15.533481079836085], [-54.34353450000223, -15.533464556865052], [-54.34357114194814, -15.533273651936172]]]}, "properties": {"bairro": "Residencial Buritis V", "quadra": "16", "numero_lote": "20", "chave": "Residencial Buritis V|16|20", "area_gis_m2": 215.0, "fonte": "MAPA PVA_RESIDENCIAL BURITIS V.dwg"}}, {"type": "Feature", "geometry": {"type": "Polygon", "coordinates": [[[-54.34366272808207, -15.533290174879454], [-54.343754314236755, -15.533306697786921], [-54.343717672443766, -15.533497602771314], [-54.34362608621263, -15.533481079836085], [-54.34366272808207, -15.533290174879454]]]}, "properties": {"bairro": "Residencial Buritis V", "quadra": "16", "numero_lote": "21", "chave": "Residencial Buritis V|16|21", "area_gis_m2": 215.0, "fonte": "MAPA PVA_RESIDENCIAL BURITIS V.dwg"}}, {"type": "Feature", "geometry": {"type": "Polygon", "coordinates": [[[-54.343754314236755, -15.533306697786921], [-54.34384590041218, -15.533323220658561], [-54.34380925869565, -15.533514125670706], [-54.343717672443766, -15.533497602771314], [-54.343754314236755, -15.533306697786921]]]}, "properties": {"bairro": "Residencial Buritis V", "quadra": "16", "numero_lote": "22", "chave": "Residencial Buritis V|16|22", "area_gis_m2": 215.0, "fonte": "MAPA PVA_RESIDENCIAL BURITIS V.dwg"}}, {"type": "Feature", "geometry": {"type": "Polygon", "coordinates": [[[-54.34384590041218, -15.533323220658561], [-54.34393748660834, -15.533339743494395], [-54.34390084496829, -15.533530648534281], [-54.34380925869565, -15.533514125670706], [-54.34384590041218, -15.533323220658561]]]}, "properties": {"bairro": "Residencial Buritis V", "quadra": "16", "numero_lote": "23", "chave": "Residencial Buritis V|16|23", "area_gis_m2": 215.0, "fonte": "MAPA PVA_RESIDENCIAL BURITIS V.dwg"}}, {"type": "Feature", "geometry": {"type": "Polygon", "coordinates": [[[-54.34393748660834, -15.533339743494395], [-54.34402907282526, -15.533356266294394], [-54.343992431261654, -15.53354717136204], [-54.34390084496829, -15.533530648534281], [-54.34393748660834, -15.533339743494395]]]}, "properties": {"bairro": "Residencial Buritis V", "quadra": "16", "numero_lote": "24", "chave": "Residencial Buritis V|16|24", "area_gis_m2": 215.0, "fonte": "MAPA PVA_RESIDENCIAL BURITIS V.dwg"}}, {"type": "Feature", "geometry": {"type": "Polygon", "coordinates": [[[-54.34402907282526, -15.533356266294394], [-54.34412065906291, -15.533372789058577], [-54.34408401757578, -15.533563694153953], [-54.343992431261654, -15.53354717136204], [-54.34402907282526, -15.533356266294394]]]}, "properties": {"bairro": "Residencial Buritis V", "quadra": "16", "numero_lote": "25", "chave": "Residencial Buritis V|16|25", "area_gis_m2": 215.0, "fonte": "MAPA PVA_RESIDENCIAL BURITIS V.dwg"}}, {"type": "Feature", "geometry": {"type": "Polygon", "coordinates": [[[-54.34412065906291, -15.533372789058577], [-54.34421224532131, -15.533389311786959], [-54.344175603910635, -15.53358021691008], [-54.34408401757578, -15.533563694153953], [-54.34412065906291, -15.533372789058577]]]}, "properties": {"bairro": "Residencial Buritis V", "quadra": "16", "numero_lote": "26", "chave": "Residencial Buritis V|16|26", "area_gis_m2": 215.0, "fonte": "MAPA PVA_RESIDENCIAL BURITIS V.dwg"}}, {"type": "Feature", "geometry": {"type": "Polygon", "coordinates": [[[-54.34421224532131, -15.533389311786959], [-54.34430383160045, -15.533405834479499], [-54.344267190266244, -15.533596739630363], [-54.344175603910635, -15.53358021691008], [-54.34421224532131, -15.533389311786959]]]}, "properties": {"bairro": "Residencial Buritis V", "quadra": "16", "numero_lote": "27", "chave": "Residencial Buritis V|16|27", "area_gis_m2": 215.0, "fonte": "MAPA PVA_RESIDENCIAL BURITIS V.dwg"}}, {"type": "Feature", "geometry": {"type": "Polygon", "coordinates": [[[-54.34311702648444, -15.533664843405612], [-54.343208612718556, -15.533681366558643], [-54.34317367461358, -15.533863392064749], [-54.343082088306566, -15.533846868885256], [-54.34311702648444, -15.533664843405612]]]}, "properties": {"bairro": "Residencial Buritis V", "quadra": "11", "numero_lote": "15", "chave": "Residencial Buritis V|11|15", "area_gis_m2": 205.0, "fonte": "MAPA PVA_RESIDENCIAL BURITIS V.dwg"}}, {"type": "Feature", "geometry": {"type": "Polygon", "coordinates": [[[-54.343208612718556, -15.533681366558643], [-54.34330019897341, -15.533697889675853], [-54.34326526094134, -15.533879915208422], [-54.34317367461358, -15.533863392064749], [-54.343208612718556, -15.533681366558643]]]}, "properties": {"bairro": "Residencial Buritis V", "quadra": "11", "numero_lote": "14", "chave": "Residencial Buritis V|11|14", "area_gis_m2": 205.0, "fonte": "MAPA PVA_RESIDENCIAL BURITIS V.dwg"}}, {"type": "Feature", "geometry": {"type": "Polygon", "coordinates": [[[-54.34330019897341, -15.533697889675853], [-54.343391785249004, -15.533714412757249], [-54.34335684728984, -15.533896438316292], [-54.34326526094134, -15.533879915208422], [-54.34330019897341, -15.533697889675853]]]}, "properties": {"bairro": "Residencial Buritis V", "quadra": "11", "numero_lote": "13", "chave": "Residencial Buritis V|11|13", "area_gis_m2": 205.0, "fonte": "MAPA PVA_RESIDENCIAL BURITIS V.dwg"}}, {"type": "Feature", "geometry": {"type": "Polygon", "coordinates": [[[-54.343391785249004, -15.533714412757249], [-54.34348337154535, -15.53373093580282], [-54.3434484336591, -15.533912961388326], [-54.34335684728984, -15.533896438316292], [-54.343391785249004, -15.533714412757249]]]}, "properties": {"bairro": "Residencial Buritis V", "quadra": "11", "numero_lote": "12", "chave": "Residencial Buritis V|11|12", "area_gis_m2": 205.0, "fonte": "MAPA PVA_RESIDENCIAL BURITIS V.dwg"}}, {"type": "Feature", "geometry": {"type": "Polygon", "coordinates": [[[-54.34348337154535, -15.53373093580282], [-54.34357495786244, -15.533747458812597], [-54.3435400200491, -15.533929484424554], [-54.3434484336591, -15.533912961388326], [-54.34348337154535, -15.53373093580282]]]}, "properties": {"bairro": "Residencial Buritis V", "quadra": "11", "numero_lote": "11", "chave": "Residencial Buritis V|11|11", "area_gis_m2": 205.0, "fonte": "MAPA PVA_RESIDENCIAL BURITIS V.dwg"}}, {"type": "Feature", "geometry": {"type": "Polygon", "coordinates": [[[-54.34357495786244, -15.533747458812597], [-54.343666544200275, -15.533763981786525], [-54.343631606459844, -15.533946007424944], [-54.3435400200491, -15.533929484424554], [-54.34357495786244, -15.533747458812597]]]}, "properties": {"bairro": "Residencial Buritis V", "quadra": "11", "numero_lote": "10", "chave": "Residencial Buritis V|11|10", "area_gis_m2": 205.0, "fonte": "MAPA PVA_RESIDENCIAL BURITIS V.dwg"}}, {"type": "Feature", "geometry": {"type": "Polygon", "coordinates": [[[-54.343666544200275, -15.533763981786525], [-54.343758130558854, -15.533780504724625], [-54.34372319289133, -15.533962530389518], [-54.343631606459844, -15.533946007424944], [-54.343666544200275, -15.533763981786525]]]}, "properties": {"bairro": "Residencial Buritis V", "quadra": "11", "numero_lote": "9", "chave": "Residencial Buritis V|11|9", "area_gis_m2": 205.0, "fonte": "MAPA PVA_RESIDENCIAL BURITIS V.dwg"}}, {"type": "Feature", "geometry": {"type": "Polygon", "coordinates": [[[-54.343758130558854, -15.533780504724625], [-54.34384971693818, -15.533797027626933], [-54.34381477934357, -15.533979053318255], [-54.34372319289133, -15.533962530389518], [-54.343758130558854, -15.533780504724625]]]}, "properties": {"bairro": "Residencial Buritis V", "quadra": "11", "numero_lote": "8", "chave": "Residencial Buritis V|11|8", "area_gis_m2": 205.0, "fonte": "MAPA PVA_RESIDENCIAL BURITIS V.dwg"}}, {"type": "Feature", "geometry": {"type": "Polygon", "coordinates": [[[-54.34384971693818, -15.533797027626933], [-54.343941303338255, -15.533813550493395], [-54.34390636581655, -15.533995576211186], [-54.34381477934357, -15.533979053318255], [-54.34384971693818, -15.533797027626933]]]}, "properties": {"bairro": "Residencial Buritis V", "quadra": "11", "numero_lote": "7", "chave": "Residencial Buritis V|11|7", "area_gis_m2": 205.0, "fonte": "MAPA PVA_RESIDENCIAL BURITIS V.dwg"}}, {"type": "Feature", "geometry": {"type": "Polygon", "coordinates": [[[-54.343941303338255, -15.533813550493395], [-54.34403288975907, -15.533830073324042], [-54.343997952310275, -15.534012099068295], [-54.34390636581655, -15.533995576211186], [-54.343941303338255, -15.533813550493395]]]}, "properties": {"bairro": "Residencial Buritis V", "quadra": "11", "numero_lote": "6", "chave": "Residencial Buritis V|11|6", "area_gis_m2": 205.0, "fonte": "MAPA PVA_RESIDENCIAL BURITIS V.dwg"}}, {"type": "Feature", "geometry": {"type": "Polygon", "coordinates": [[[-54.34403288975907, -15.533830073324042], [-54.34412447620063, -15.533846596118876], [-54.34408953882474, -15.534028621889581], [-54.343997952310275, -15.534012099068295], [-54.34403288975907, -15.533830073324042]]]}, "properties": {"bairro": "Residencial Buritis V", "quadra": "11", "numero_lote": "5", "chave": "Residencial Buritis V|11|5", "area_gis_m2": 205.0, "fonte": "MAPA PVA_RESIDENCIAL BURITIS V.dwg"}}, {"type": "Feature", "geometry": {"type": "Polygon", "coordinates": [[[-54.34412447620063, -15.533846596118876], [-54.34421606266293, -15.533863118877877], [-54.34418112535996, -15.534045144675035], [-54.34408953882474, -15.534028621889581], [-54.34412447620063, -15.533846596118876]]]}, "properties": {"bairro": "Residencial Buritis V", "quadra": "11", "numero_lote": "4", "chave": "Residencial Buritis V|11|4", "area_gis_m2": 205.0, "fonte": "MAPA PVA_RESIDENCIAL BURITIS V.dwg"}}, {"type": "Feature", "geometry": {"type": "Polygon", "coordinates": [[[-54.34427271191591, -15.53406166742466], [-54.344364298492614, -15.534078190138485], [-54.344329361248285, -15.534260215970733], [-54.344237774598675, -15.53424369323047], [-54.34427271191591, -15.53406166742466]]]}, "properties": {"bairro": "Residencial Buritis V", "quadra": "11", "numero_lote": "29", "chave": "Residencial Buritis V|11|29", "area_gis_m2": 205.0, "fonte": "MAPA PVA_RESIDENCIAL BURITIS V.dwg"}}, {"type": "Feature", "geometry": {"type": "Polygon", "coordinates": [[[-54.34418112535996, -15.534045144675035], [-54.34427271191591, -15.53406166742466], [-54.344237774598675, -15.53424369323047], [-54.344146187969805, -15.534227170454379], [-54.34418112535996, -15.534045144675035]]]}, "properties": {"bairro": "Residencial Buritis V", "quadra": "11", "numero_lote": "28", "chave": "Residencial Buritis V|11|28", "area_gis_m2": 205.0, "fonte": "MAPA PVA_RESIDENCIAL BURITIS V.dwg"}}, {"type": "Feature", "geometry": {"type": "Polygon", "coordinates": [[[-54.34408953882474, -15.534028621889581], [-54.34418112535996, -15.534045144675035], [-54.344146187969805, -15.534227170454379], [-54.344054601361684, -15.534210647642452], [-54.34408953882474, -15.534028621889581]]]}, "properties": {"bairro": "Residencial Buritis V", "quadra": "11", "numero_lote": "27", "chave": "Residencial Buritis V|11|27", "area_gis_m2": 205.0, "fonte": "MAPA PVA_RESIDENCIAL BURITIS V.dwg"}}, {"type": "Feature", "geometry": {"type": "Polygon", "coordinates": [[[-54.343997952310275, -15.534012099068295], [-54.34408953882474, -15.534028621889581], [-54.344054601361684, -15.534210647642452], [-54.3439630147743, -15.534194124794718], [-54.343997952310275, -15.534012099068295]]]}, "properties": {"bairro": "Residencial Buritis V", "quadra": "11", "numero_lote": "26", "chave": "Residencial Buritis V|11|26", "area_gis_m2": 205.0, "fonte": "MAPA PVA_RESIDENCIAL BURITIS V.dwg"}}, {"type": "Feature", "geometry": {"type": "Polygon", "coordinates": [[[-54.34390636581655, -15.533995576211186], [-54.343997952310275, -15.534012099068295], [-54.3439630147743, -15.534194124794718], [-54.34387142820767, -15.534177601911153], [-54.34390636581655, -15.533995576211186]]]}, "properties": {"bairro": "Residencial Buritis V", "quadra": "11", "numero_lote": "25", "chave": "Residencial Buritis V|11|25", "area_gis_m2": 205.0, "fonte": "MAPA PVA_RESIDENCIAL BURITIS V.dwg"}}, {"type": "Feature", "geometry": {"type": "Polygon", "coordinates": [[[-54.34381477934357, -15.533979053318255], [-54.34390636581655, -15.533995576211186], [-54.34387142820767, -15.534177601911153], [-54.34377984166177, -15.53416107899176], [-54.34381477934357, -15.533979053318255]]]}, "properties": {"bairro": "Residencial Buritis V", "quadra": "11", "numero_lote": "24", "chave": "Residencial Buritis V|11|24", "area_gis_m2": 205.0, "fonte": "MAPA PVA_RESIDENCIAL BURITIS V.dwg"}}, {"type": "Feature", "geometry": {"type": "Polygon", "coordinates": [[[-54.34372319289133, -15.533962530389518], [-54.34381477934357, -15.533979053318255], [-54.34377984166177, -15.53416107899176], [-54.34368825513663, -15.534144556036564], [-54.34372319289133, -15.533962530389518]]]}, "properties": {"bairro": "Residencial Buritis V", "quadra": "11", "numero_lote": "23", "chave": "Residencial Buritis V|11|23", "area_gis_m2": 205.0, "fonte": "MAPA PVA_RESIDENCIAL BURITIS V.dwg"}}, {"type": "Feature", "geometry": {"type": "Polygon", "coordinates": [[[-54.343631606459844, -15.533946007424944], [-54.34372319289133, -15.533962530389518], [-54.34368825513663, -15.534144556036564], [-54.34359666863223, -15.534128033045528], [-54.343631606459844, -15.533946007424944]]]}, "properties": {"bairro": "Residencial Buritis V", "quadra": "11", "numero_lote": "22", "chave": "Residencial Buritis V|11|22", "area_gis_m2": 205.0, "fonte": "MAPA PVA_RESIDENCIAL BURITIS V.dwg"}}, {"type": "Feature", "geometry": {"type": "Polygon", "coordinates": [[[-54.3435400200491, -15.533929484424554], [-54.343631606459844, -15.533946007424944], [-54.34359666863223, -15.534128033045528], [-54.34350508214857, -15.534111510018683], [-54.3435400200491, -15.533929484424554]]]}, "properties": {"bairro": "Residencial Buritis V", "quadra": "11", "numero_lote": "21", "chave": "Residencial Buritis V|11|21", "area_gis_m2": 205.0, "fonte": "MAPA PVA_RESIDENCIAL BURITIS V.dwg"}}, {"type": "Feature", "geometry": {"type": "Polygon", "coordinates": [[[-54.3434484336591, -15.533912961388326], [-54.3435400200491, -15.533929484424554], [-54.34350508214857, -15.534111510018683], [-54.34341349568566, -15.534094986956008], [-54.3434484336591, -15.533912961388326]]]}, "properties": {"bairro": "Residencial Buritis V", "quadra": "11", "numero_lote": "20", "chave": "Residencial Buritis V|11|20", "area_gis_m2": 205.0, "fonte": "MAPA PVA_RESIDENCIAL BURITIS V.dwg"}}, {"type": "Feature", "geometry": {"type": "Polygon", "coordinates": [[[-54.34335684728984, -15.533896438316292], [-54.3434484336591, -15.533912961388326], [-54.34341349568566, -15.534094986956008], [-54.3433219092435, -15.534078463857517], [-54.34335684728984, -15.533896438316292]]]}, "properties": {"bairro": "Residencial Buritis V", "quadra": "11", "numero_lote": "19", "chave": "Residencial Buritis V|11|19", "area_gis_m2": 205.0, "fonte": "MAPA PVA_RESIDENCIAL BURITIS V.dwg"}}, {"type": "Feature", "geometry": {"type": "Polygon", "coordinates": [[[-54.34326526094134, -15.533879915208422], [-54.34335684728984, -15.533896438316292], [-54.3433219092435, -15.534078463857517], [-54.34323032282209, -15.534061940723182], [-54.34326526094134, -15.533879915208422]]]}, "properties": {"bairro": "Residencial Buritis V", "quadra": "11", "numero_lote": "18", "chave": "Residencial Buritis V|11|18", "area_gis_m2": 205.0, "fonte": "MAPA PVA_RESIDENCIAL BURITIS V.dwg"}}, {"type": "Feature", "geometry": {"type": "Polygon", "coordinates": [[[-54.34317367461358, -15.533863392064749], [-54.34326526094134, -15.533879915208422], [-54.34323032282209, -15.534061940723182], [-54.343138736421416, -15.534045417553056], [-54.34317367461358, -15.533863392064749]]]}, "properties": {"bairro": "Residencial Buritis V", "quadra": "11", "numero_lote": "17", "chave": "Residencial Buritis V|11|17", "area_gis_m2": 205.0, "fonte": "MAPA PVA_RESIDENCIAL BURITIS V.dwg"}}, {"type": "Feature", "geometry": {"type": "Polygon", "coordinates": [[[-54.343082088306566, -15.533846868885256], [-54.34317367461358, -15.533863392064749], [-54.343138736421416, -15.534045417553056], [-54.34304715004149, -15.5340288943471], [-54.343082088306566, -15.533846868885256]]]}, "properties": {"bairro": "Residencial Buritis V", "quadra": "11", "numero_lote": "16", "chave": "Residencial Buritis V|11|16", "area_gis_m2": 205.0, "fonte": "MAPA PVA_RESIDENCIAL BURITIS V.dwg"}}, {"type": "Feature", "geometry": {"type": "Polygon", "coordinates": [[[-54.344183238124344, -15.534527831038025], [-54.344274824887776, -15.534544353819589], [-54.344240739554586, -15.534721939953037], [-54.344149152720014, -15.534705417145663], [-54.344183238124344, -15.534527831038025]]]}, "properties": {"bairro": "Residencial Buritis V", "quadra": "6", "numero_lote": "29", "chave": "Residencial Buritis V|6|29", "area_gis_m2": 200.0, "fonte": "MAPA PVA_RESIDENCIAL BURITIS V.dwg"}}, {"type": "Feature", "geometry": {"type": "Polygon", "coordinates": [[[-54.34409165138166, -15.534511308220624], [-54.344183238124344, -15.534527831038025], [-54.344149152720014, -15.534705417145663], [-54.3440575659062, -15.534688894302462], [-54.34409165138166, -15.534511308220624]]]}, "properties": {"bairro": "Residencial Buritis V", "quadra": "6", "numero_lote": "28", "chave": "Residencial Buritis V|6|28", "area_gis_m2": 200.0, "fonte": "MAPA PVA_RESIDENCIAL BURITIS V.dwg"}}, {"type": "Feature", "geometry": {"type": "Polygon", "coordinates": [[[-54.34400006465972, -15.534494785367402], [-54.34409165138166, -15.534511308220624], [-54.3440575659062, -15.534688894302462], [-54.34396597911312, -15.534672371423444], [-54.34400006465972, -15.534494785367402]]]}, "properties": {"bairro": "Residencial Buritis V", "quadra": "6", "numero_lote": "27", "chave": "Residencial Buritis V|6|27", "area_gis_m2": 200.0, "fonte": "MAPA PVA_RESIDENCIAL BURITIS V.dwg"}}, {"type": "Feature", "geometry": {"type": "Polygon", "coordinates": [[[-54.34390847795852, -15.534478262478364], [-54.34400006465972, -15.534494785367402], [-54.34396597911312, -15.534672371423444], [-54.34387439234079, -15.53465584850858], [-54.34390847795852, -15.534478262478364]]]}, "properties": {"bairro": "Residencial Buritis V", "quadra": "6", "numero_lote": "26", "chave": "Residencial Buritis V|6|26", "area_gis_m2": 200.0, "fonte": "MAPA PVA_RESIDENCIAL BURITIS V.dwg"}}, {"type": "Feature", "geometry": {"type": "Polygon", "coordinates": [[[-54.343816891278074, -15.534461739553512], [-54.34390847795852, -15.534478262478364], [-54.34387439234079, -15.53465584850858], [-54.3437828055892, -15.534639325557904], [-54.343816891278074, -15.534461739553512]]]}, "properties": {"bairro": "Residencial Buritis V", "quadra": "6", "numero_lote": "25", "chave": "Residencial Buritis V|6|25", "area_gis_m2": 200.0, "fonte": "MAPA PVA_RESIDENCIAL BURITIS V.dwg"}}, {"type": "Feature", "geometry": {"type": "Polygon", "coordinates": [[[-54.34372530461837, -15.534445216592829], [-54.343816891278074, -15.534461739553512], [-54.3437828055892, -15.534639325557904], [-54.34369121885836, -15.534622802571395], [-54.34372530461837, -15.534445216592829]]]}, "properties": {"bairro": "Residencial Buritis V", "quadra": "6", "numero_lote": "24", "chave": "Residencial Buritis V|6|24", "area_gis_m2": 200.0, "fonte": "MAPA PVA_RESIDENCIAL BURITIS V.dwg"}}, {"type": "Feature", "geometry": {"type": "Polygon", "coordinates": [[[-54.34363371797941, -15.534428693596327], [-54.34372530461837, -15.534445216592829], [-54.34369121885836, -15.534622802571395], [-54.34359963214827, -15.53460627954907], [-54.34363371797941, -15.534428693596327]]]}, "properties": {"bairro": "Residencial Buritis V", "quadra": "6", "numero_lote": "23", "chave": "Residencial Buritis V|6|23", "area_gis_m2": 200.0, "fonte": "MAPA PVA_RESIDENCIAL BURITIS V.dwg"}}, {"type": "Feature", "geometry": {"type": "Polygon", "coordinates": [[[-54.34354213136119, -15.534412170563975], [-54.34363371797941, -15.534428693596327], [-54.34359963214827, -15.53460627954907], [-54.343508045458925, -15.534589756490934], [-54.34354213136119, -15.534412170563975]]]}, "properties": {"bairro": "Residencial Buritis V", "quadra": "6", "numero_lote": "22", "chave": "Residencial Buritis V|6|22", "area_gis_m2": 200.0, "fonte": "MAPA PVA_RESIDENCIAL BURITIS V.dwg"}}, {"type": "Feature", "geometry": {"type": "Polygon", "coordinates": [[[-54.343450544763726, -15.534395647495831], [-54.34354213136119, -15.534412170563975], [-54.343508045458925, -15.534589756490934], [-54.343416458790315, -15.534573233396976], [-54.343450544763726, -15.534395647495831]]]}, "properties": {"bairro": "Residencial Buritis V", "quadra": "6", "numero_lote": "21", "chave": "Residencial Buritis V|6|21", "area_gis_m2": 200.0, "fonte": "MAPA PVA_RESIDENCIAL BURITIS V.dwg"}}, {"type": "Feature", "geometry": {"type": "Polygon", "coordinates": [[[-54.343358958187004, -15.534379124391837], [-54.343450544763726, -15.534395647495831], [-54.343416458790315, -15.534573233396976], [-54.34332487214247, -15.534556710267166], [-54.343358958187004, -15.534379124391837]]]}, "properties": {"bairro": "Residencial Buritis V", "quadra": "6", "numero_lote": "20", "chave": "Residencial Buritis V|6|20", "area_gis_m2": 200.0, "fonte": "MAPA PVA_RESIDENCIAL BURITIS V.dwg"}}, {"type": "Feature", "geometry": {"type": "Polygon", "coordinates": [[[-54.34326737163103, -15.53436260125207], [-54.343358958187004, -15.534379124391837], [-54.34332487214247, -15.534556710267166], [-54.34323328551536, -15.534540187101559], [-54.34326737163103, -15.53436260125207]]]}, "properties": {"bairro": "Residencial Buritis V", "quadra": "6", "numero_lote": "19", "chave": "Residencial Buritis V|6|19", "area_gis_m2": 200.0, "fonte": "MAPA PVA_RESIDENCIAL BURITIS V.dwg"}}, {"type": "Feature", "geometry": {"type": "Polygon", "coordinates": [[[-54.3431757850958, -15.534346078076432], [-54.34326737163103, -15.53436260125207], [-54.34323328551536, -15.534540187101559], [-54.343141698909, -15.53452366390012], [-54.3431757850958, -15.534346078076432]]]}, "properties": {"bairro": "Residencial Buritis V", "quadra": "6", "numero_lote": "18", "chave": "Residencial Buritis V|6|18", "area_gis_m2": 200.0, "fonte": "MAPA PVA_RESIDENCIAL BURITIS V.dwg"}}, {"type": "Feature", "geometry": {"type": "Polygon", "coordinates": [[[-54.34308419858132, -15.534329554864971], [-54.3431757850958, -15.534346078076432], [-54.343141698909, -15.53452366390012], [-54.34305011232338, -15.534507140662866], [-54.34308419858132, -15.534329554864971]]]}, "properties": {"bairro": "Residencial Buritis V", "quadra": "6", "numero_lote": "17", "chave": "Residencial Buritis V|6|17", "area_gis_m2": 200.0, "fonte": "MAPA PVA_RESIDENCIAL BURITIS V.dwg"}}, {"type": "Feature", "geometry": {"type": "Polygon", "coordinates": [[[-54.34299261208759, -15.53431303161771], [-54.34308419858132, -15.534329554864971], [-54.34305011232338, -15.534507140662866], [-54.34295852575852, -15.53449061738977], [-54.34299261208759, -15.53431303161771]]]}, "properties": {"bairro": "Residencial Buritis V", "quadra": "6", "numero_lote": "16", "chave": "Residencial Buritis V|6|16", "area_gis_m2": 200.0, "fonte": "MAPA PVA_RESIDENCIAL BURITIS V.dwg"}}, {"type": "Feature", "geometry": {"type": "Polygon", "coordinates": [[[-54.343026698333674, -15.534135445828657], [-54.34311828475627, -15.534151969050118], [-54.34308419858132, -15.534329554864971], [-54.34299261208759, -15.53431303161771], [-54.343026698333674, -15.534135445828657]]]}, "properties": {"bairro": "Residencial Buritis V", "quadra": "6", "numero_lote": "15", "chave": "Residencial Buritis V|6|15", "area_gis_m2": 200.0, "fonte": "MAPA PVA_RESIDENCIAL BURITIS V.dwg"}}, {"type": "Feature", "geometry": {"type": "Polygon", "coordinates": [[[-54.34311828475627, -15.534151969050118], [-54.343209871199626, -15.534168492235732], [-54.3431757850958, -15.534346078076432], [-54.34308419858132, -15.534329554864971], [-54.34311828475627, -15.534151969050118]]]}, "properties": {"bairro": "Residencial Buritis V", "quadra": "6", "numero_lote": "14", "chave": "Residencial Buritis V|6|14", "area_gis_m2": 200.0, "fonte": "MAPA PVA_RESIDENCIAL BURITIS V.dwg"}}, {"type": "Feature", "geometry": {"type": "Polygon", "coordinates": [[[-54.343209871199626, -15.534168492235732], [-54.34330145766372, -15.534185015385559], [-54.34326737163103, -15.53436260125207], [-54.3431757850958, -15.534346078076432], [-54.343209871199626, -15.534168492235732]]]}, "properties": {"bairro": "Residencial Buritis V", "quadra": "6", "numero_lote": "13", "chave": "Residencial Buritis V|6|13", "area_gis_m2": 200.0, "fonte": "MAPA PVA_RESIDENCIAL BURITIS V.dwg"}}, {"type": "Feature", "geometry": {"type": "Polygon", "coordinates": [[[-54.34330145766372, -15.534185015385559], [-54.34339304414856, -15.534201538499538], [-54.343358958187004, -15.534379124391837], [-54.34326737163103, -15.53436260125207], [-54.34330145766372, -15.534185015385559]]]}, "properties": {"bairro": "Residencial Buritis V", "quadra": "6", "numero_lote": "12", "chave": "Residencial Buritis V|6|12", "area_gis_m2": 200.0, "fonte": "MAPA PVA_RESIDENCIAL BURITIS V.dwg"}}, {"type": "Feature", "geometry": {"type": "Polygon", "coordinates": [[[-54.34339304414856, -15.534201538499538], [-54.343484630654146, -15.534218061577711], [-54.343450544763726, -15.534395647495831], [-54.343358958187004, -15.534379124391837], [-54.34339304414856, -15.534201538499538]]]}, "properties": {"bairro": "Residencial Buritis V", "quadra": "6", "numero_lote": "11", "chave": "Residencial Buritis V|6|11", "area_gis_m2": 200.0, "fonte": "MAPA PVA_RESIDENCIAL BURITIS V.dwg"}}, {"type": "Feature", "geometry": {"type": "Polygon", "coordinates": [[[-54.343484630654146, -15.534218061577711], [-54.343576217180484, -15.534234584620048], [-54.34354213136119, -15.534412170563975], [-54.343450544763726, -15.534395647495831], [-54.343484630654146, -15.534218061577711]]]}, "properties": {"bairro": "Residencial Buritis V", "quadra": "6", "numero_lote": "10", "chave": "Residencial Buritis V|6|10", "area_gis_m2": 200.0, "fonte": "MAPA PVA_RESIDENCIAL BURITIS V.dwg"}}, {"type": "Feature", "geometry": {"type": "Polygon", "coordinates": [[[-54.343576217180484, -15.534234584620048], [-54.34366780372757, -15.534251107626561], [-54.34363371797941, -15.534428693596327], [-54.34354213136119, -15.534412170563975], [-54.343576217180484, -15.534234584620048]]]}, "properties": {"bairro": "Residencial Buritis V", "quadra": "6", "numero_lote": "9", "chave": "Residencial Buritis V|6|9", "area_gis_m2": 200.0, "fonte": "MAPA PVA_RESIDENCIAL BURITIS V.dwg"}}, {"type": "Feature", "geometry": {"type": "Polygon", "coordinates": [[[-54.34366780372757, -15.534251107626561], [-54.34375939029539, -15.534267630597247], [-54.34372530461837, -15.534445216592829], [-54.34363371797941, -15.534428693596327], [-54.34366780372757, -15.534251107626561]]]}, "properties": {"bairro": "Residencial Buritis V", "quadra": "6", "numero_lote": "8", "chave": "Residencial Buritis V|6|8", "area_gis_m2": 200.0, "fonte": "MAPA PVA_RESIDENCIAL BURITIS V.dwg"}}, {"type": "Feature", "geometry": {"type": "Polygon", "coordinates": [[[-54.34375939029539, -15.534267630597247], [-54.34385097688396, -15.53428415353213], [-54.343816891278074, -15.534461739553512], [-54.34372530461837, -15.534445216592829], [-54.34375939029539, -15.534267630597247]]]}, "properties": {"bairro": "Residencial Buritis V", "quadra": "6", "numero_lote": "7", "chave": "Residencial Buritis V|6|7", "area_gis_m2": 200.0, "fonte": "MAPA PVA_RESIDENCIAL BURITIS V.dwg"}}, {"type": "Feature", "geometry": {"type": "Polygon", "coordinates": [[[-54.34385097688396, -15.53428415353213], [-54.34394256349327, -15.534300676431178], [-54.34390847795852, -15.534478262478364], [-54.343816891278074, -15.534461739553512], [-54.34385097688396, -15.53428415353213]]]}, "properties": {"bairro": "Residencial Buritis V", "quadra": "6", "numero_lote": "6", "chave": "Residencial Buritis V|6|6", "area_gis_m2": 200.0, "fonte": "MAPA PVA_RESIDENCIAL BURITIS V.dwg"}}, {"type": "Feature", "geometry": {"type": "Polygon", "coordinates": [[[-54.34394256349327, -15.534300676431178], [-54.34403415012334, -15.534317199294408], [-54.34400006465972, -15.534494785367402], [-54.34390847795852, -15.534478262478364], [-54.34394256349327, -15.534300676431178]]]}, "properties": {"bairro": "Residencial Buritis V", "quadra": "6", "numero_lote": "5", "chave": "Residencial Buritis V|6|5", "area_gis_m2": 200.0, "fonte": "MAPA PVA_RESIDENCIAL BURITIS V.dwg"}}, {"type": "Feature", "geometry": {"type": "Polygon", "coordinates": [[[-54.34403415012334, -15.534317199294408], [-54.344125736774146, -15.534333722121808], [-54.34409165138166, -15.534511308220624], [-54.34400006465972, -15.534494785367402], [-54.34403415012334, -15.534317199294408]]]}, "properties": {"bairro": "Residencial Buritis V", "quadra": "6", "numero_lote": "4", "chave": "Residencial Buritis V|6|4", "area_gis_m2": 200.0, "fonte": "MAPA PVA_RESIDENCIAL BURITIS V.dwg"}}, {"type": "Feature", "geometry": {"type": "Polygon", "coordinates": [[[-54.344125736774146, -15.534333722121808], [-54.34421732344569, -15.534350244913407], [-54.344183238124344, -15.534527831038025], [-54.34409165138166, -15.534511308220624], [-54.344125736774146, -15.534333722121808]]]}, "properties": {"bairro": "Residencial Buritis V", "quadra": "6", "numero_lote": "3", "chave": "Residencial Buritis V|6|3", "area_gis_m2": 200.0, "fonte": "MAPA PVA_RESIDENCIAL BURITIS V.dwg"}}, {"type": "Feature", "geometry": {"type": "Polygon", "coordinates": [[[-54.34421732344569, -15.534350244913407], [-54.34430891013799, -15.534366767669164], [-54.344274824887776, -15.534544353819589], [-54.344183238124344, -15.534527831038025], [-54.34421732344569, -15.534350244913407]]]}, "properties": {"bairro": "Residencial Buritis V", "quadra": "6", "numero_lote": "2", "chave": "Residencial Buritis V|6|2", "area_gis_m2": 200.0, "fonte": "MAPA PVA_RESIDENCIAL BURITIS V.dwg"}}, {"type": "Feature", "geometry": {"type": "Polygon", "coordinates": [[[-54.34430383160045, -15.533405834479499], [-54.34439541790034, -15.53342235713621], [-54.34435877664259, -15.533613262314832], [-54.344267190266244, -15.533596739630363], [-54.34430383160045, -15.533405834479499]]]}, "properties": {"bairro": "Residencial Buritis V", "quadra": "16", "numero_lote": "28", "chave": "Residencial Buritis V|16|28", "area_gis_m2": 215.0, "fonte": "MAPA PVA_RESIDENCIAL BURITIS V.dwg"}}, {"type": "Feature", "geometry": {"type": "Polygon", "coordinates": [[[-54.34439541790034, -15.53342235713621], [-54.344487004220966, -15.533438879757103], [-54.344450363039684, -15.53362978496349], [-54.34435877664259, -15.533613262314832], [-54.34439541790034, -15.53342235713621]]]}, "properties": {"bairro": "Residencial Buritis V", "quadra": "16", "numero_lote": "29", "chave": "Residencial Buritis V|16|29", "area_gis_m2": 215.0, "fonte": "MAPA PVA_RESIDENCIAL BURITIS V.dwg"}}, {"type": "Feature", "geometry": {"type": "Polygon", "coordinates": [[[-54.344307649145975, -15.533879641601072], [-54.34439923564977, -15.533896164288402], [-54.344364298492614, -15.534078190138485], [-54.34427271191591, -15.534061667424693], [-54.344307649145975, -15.533879641601072]]]}, "properties": {"bairro": "Residencial Buritis V", "quadra": "11", "numero_lote": "2", "chave": "Residencial Buritis V|11|2", "area_gis_m2": 205.0, "fonte": "MAPA PVA_RESIDENCIAL BURITIS V.dwg"}}, {"type": "Feature", "geometry": {"type": "Polygon", "coordinates": [[[-54.34421606266293, -15.533863118877877], [-54.344307649145975, -15.533879641601072], [-54.34427271191591, -15.534061667424693], [-54.34418112535996, -15.534045144675035], [-54.34421606266293, -15.533863118877877]]]}, "properties": {"bairro": "Residencial Buritis V", "quadra": "11", "numero_lote": "3", "chave": "Residencial Buritis V|11|3", "area_gis_m2": 205.0, "fonte": "MAPA PVA_RESIDENCIAL BURITIS V.dwg"}}, {"type": "Feature", "geometry": {"type": "Polygon", "coordinates": [[[-54.34478356863478, -15.530906307097066], [-54.3448751539336, -15.530922829390546], [-54.34483851391151, -15.5311137348224], [-54.34474692853624, -15.531097212501173], [-54.34478356863478, -15.530906307097066]]]}, "properties": {"bairro": "Residencial Buritis V", "quadra": "36", "numero_lote": "3", "chave": "Residencial Buritis V|36|3", "area_gis_m2": 215.0, "fonte": "MAPA PVA_RESIDENCIAL BURITIS V.dwg"}}, {"type": "Feature", "geometry": {"type": "Polygon", "coordinates": [[[-54.3448751539336, -15.530922829390546], [-54.34496673923351, -15.530939351644674], [-54.34493009930752, -15.531130257107815], [-54.34483851391151, -15.5311137348224], [-54.3448751539336, -15.530922829390546]]]}, "properties": {"bairro": "Residencial Buritis V", "quadra": "36", "numero_lote": "2", "chave": "Residencial Buritis V|36|2", "area_gis_m2": 215.0, "fonte": "MAPA PVA_RESIDENCIAL BURITIS V.dwg"}}, {"type": "Feature", "geometry": {"type": "Polygon", "coordinates": [[[-54.34493009930752, -15.53113025710781], [-54.345021684704626, -15.531146779353861], [-54.34498504475922, -15.531337684825127], [-54.34489345926602, -15.531321162547776], [-54.34493009930752, -15.53113025710781]]]}, "properties": {"bairro": "Residencial Buritis V", "quadra": "36", "numero_lote": "30", "chave": "Residencial Buritis V|36|30", "area_gis_m2": 215.0, "fonte": "MAPA PVA_RESIDENCIAL BURITIS V.dwg"}}, {"type": "Feature", "geometry": {"type": "Polygon", "coordinates": [[[-54.34496673925315, -15.530939351648222], [-54.345058324573806, -15.530955873866551], [-54.345021684724266, -15.531146779357407], [-54.34493009930752, -15.53113025710781], [-54.34496673925315, -15.530939351648222]]]}, "properties": {"bairro": "Residencial Buritis V", "quadra": "36", "numero_lote": "1", "chave": "Residencial Buritis V|36|1", "area_gis_m2": 215.0, "fonte": "MAPA PVA_RESIDENCIAL BURITIS V.dwg"}}, {"type": "Feature", "geometry": {"type": "Polygon", "coordinates": [[[-54.344873008979576, -15.531427714414736], [-54.344964594515446, -15.531444236707548], [-54.34493051070947, -15.531621823164663], [-54.34483892510247, -15.531605300846039], [-54.344873008979576, -15.531427714414736]]]}, "properties": {"bairro": "Residencial Buritis V", "quadra": "31", "numero_lote": "1", "chave": "Residencial Buritis V|31|1", "area_gis_m2": 200.0, "fonte": "MAPA PVA_RESIDENCIAL BURITIS V.dwg"}}, {"type": "Feature", "geometry": {"type": "Polygon", "coordinates": [[[-54.34483892510247, -15.531605300846039], [-54.34493051070947, -15.531621823164663], [-54.34489642682052, -15.531799409604808], [-54.344804841142405, -15.531782887260379], [-54.34483892510247, -15.531605300846039]]]}, "properties": {"bairro": "Residencial Buritis V", "quadra": "31", "numero_lote": "30", "chave": "Residencial Buritis V|31|30", "area_gis_m2": 200.0, "fonte": "MAPA PVA_RESIDENCIAL BURITIS V.dwg"}}, {"type": "Feature", "geometry": {"type": "Polygon", "coordinates": [[[-54.34452364530635, -15.533247974531147], [-54.34461523157126, -15.533264497088474], [-54.34457859056233, -15.5334554023422], [-54.344487004220966, -15.533438879757124], [-54.34452364530635, -15.533247974531147]]]}, "properties": {"bairro": "Residencial Buritis V", "quadra": "16", "numero_lote": "1", "chave": "Residencial Buritis V|16|1", "area_gis_m2": 215.0, "fonte": "MAPA PVA_RESIDENCIAL BURITIS V.dwg"}}, {"type": "Feature", "geometry": {"type": "Polygon", "coordinates": [[[-54.344487004220966, -15.533438879757124], [-54.34457859056233, -15.5334554023422], [-54.34454194945752, -15.53364630757631], [-54.344450363039684, -15.53362978496349], [-54.344487004220966, -15.533438879757124]]]}, "properties": {"bairro": "Residencial Buritis V", "quadra": "16", "numero_lote": "30", "chave": "Residencial Buritis V|16|30", "area_gis_m2": 215.0, "fonte": "MAPA PVA_RESIDENCIAL BURITIS V.dwg"}}, {"type": "Feature", "geometry": {"type": "Polygon", "coordinates": [[[-54.34436429849262, -15.534078190138485], [-54.34445588509006, -15.534094712816477], [-54.34442094791865, -15.534276738675175], [-54.34432936124829, -15.534260215970733], [-54.34436429849262, -15.534078190138485]]]}, "properties": {"bairro": "Residencial Buritis V", "quadra": "11", "numero_lote": "30", "chave": "Residencial Buritis V|11|30", "area_gis_m2": 205.0, "fonte": "MAPA PVA_RESIDENCIAL BURITIS V.dwg"}}, {"type": "Feature", "geometry": {"type": "Polygon", "coordinates": [[[-54.34439923564977, -15.533896164288405], [-54.34449082217431, -15.533912686939946], [-54.34445588509006, -15.534094712816477], [-54.34436429849262, -15.534078190138485], [-54.34439923564977, -15.533896164288405]]]}, "properties": {"bairro": "Residencial Buritis V", "quadra": "11", "numero_lote": "1", "chave": "Residencial Buritis V|11|1", "area_gis_m2": 205.0, "fonte": "MAPA PVA_RESIDENCIAL BURITIS V.dwg"}}, {"type": "Feature", "geometry": {"type": "Polygon", "coordinates": [[[-54.344274824887776, -15.534544353819605], [-54.34436641167195, -15.534560876565342], [-54.34433232640989, -15.534738462724595], [-54.344240739554586, -15.534721939953037], [-54.344274824887776, -15.534544353819605]]]}, "properties": {"bairro": "Residencial Buritis V", "quadra": "6", "numero_lote": "30", "chave": "Residencial Buritis V|6|30", "area_gis_m2": 200.0, "fonte": "MAPA PVA_RESIDENCIAL BURITIS V.dwg"}}, {"type": "Feature", "geometry": {"type": "Polygon", "coordinates": [[[-54.34430891013799, -15.534366767669164], [-54.34440049685103, -15.534383290389083], [-54.34436641167195, -15.534560876565342], [-54.344274824887776, -15.534544353819605], [-54.34430891013799, -15.534366767669164]]]}, "properties": {"bairro": "Residencial Buritis V", "quadra": "6", "numero_lote": "1", "chave": "Residencial Buritis V|6|1", "area_gis_m2": 200.0, "fonte": "MAPA PVA_RESIDENCIAL BURITIS V.dwg"}}, {"type": "Feature", "geometry": {"type": "Polygon", "coordinates": [[[-54.345578191726936, -15.535245253440575], [-54.34547286638141, -15.535226252788625], [-54.34550473531525, -15.535060209411615], [-54.34561006058428, -15.535079210035821], [-54.345578191726936, -15.535245253440575]]]}, "properties": {"bairro": "Residencial Buritis V", "quadra": "4", "numero_lote": "3", "chave": "Residencial Buritis V|4|3", "area_gis_m2": 215.05, "fonte": "MAPA PVA_RESIDENCIAL BURITIS V.dwg"}}, {"type": "Feature", "geometry": {"type": "Polygon", "coordinates": [[[-54.34547286638179, -15.53522625278668], [-54.3453675410637, -15.535207252087327], [-54.34539941007366, -15.535041208740013], [-54.34550473531526, -15.535060209411615], [-54.34547286638179, -15.53522625278668]]]}, "properties": {"bairro": "Residencial Buritis V", "quadra": "4", "numero_lote": "4", "chave": "Residencial Buritis V|4|4", "area_gis_m2": 215.05, "fonte": "MAPA PVA_RESIDENCIAL BURITIS V.dwg"}}, {"type": "Feature", "geometry": {"type": "Polygon", "coordinates": [[[-54.34536754106408, -15.535207252085375], [-54.34526221577342, -15.535188251338658], [-54.3452940848595, -15.535022208021038], [-54.34539941007367, -15.535041208740013], [-54.34536754106408, -15.535207252085375]]]}, "properties": {"bairro": "Residencial Buritis V", "quadra": "4", "numero_lote": "5", "chave": "Residencial Buritis V|4|5", "area_gis_m2": 215.05, "fonte": "MAPA PVA_RESIDENCIAL BURITIS V.dwg"}}, {"type": "Feature", "geometry": {"type": "Polygon", "coordinates": [[[-54.3452622157738, -15.535188251336718], [-54.34515689051058, -15.535169250542614], [-54.34518875967278, -15.535003207254695], [-54.34529408485951, -15.535022208021038], [-54.3452622157738, -15.535188251336718]]]}, "properties": {"bairro": "Residencial Buritis V", "quadra": "4", "numero_lote": "6", "chave": "Residencial Buritis V|4|6", "area_gis_m2": 215.05, "fonte": "MAPA PVA_RESIDENCIAL BURITIS V.dwg"}}, {"type": "Feature", "geometry": {"type": "Polygon", "coordinates": [[[-54.34515689051095, -15.535169250540683], [-54.345051565275156, -15.535150249699186], [-54.345083434513484, -15.534984206440964], [-54.34518875967279, -15.535003207254698], [-54.34515689051095, -15.535169250540683]]]}, "properties": {"bairro": "Residencial Buritis V", "quadra": "4", "numero_lote": "7", "chave": "Residencial Buritis V|4|7", "area_gis_m2": 215.05, "fonte": "MAPA PVA_RESIDENCIAL BURITIS V.dwg"}}, {"type": "Feature", "geometry": {"type": "Polygon", "coordinates": [[[-54.345051565263745, -15.535150249695109], [-54.34494624005538, -15.535131248806241], [-54.34497810923361, -15.534965206287442], [-54.34508343436547, -15.534984207148574], [-54.345051565263745, -15.535150249695109]]]}, "properties": {"bairro": "Residencial Buritis V", "quadra": "4", "numero_lote": "8", "chave": "Residencial Buritis V|4|8", "area_gis_m2": 215.05, "fonte": "MAPA PVA_RESIDENCIAL BURITIS V.dwg"}}, {"type": "Feature", "geometry": {"type": "Polygon", "coordinates": [[[-54.34494624005576, -15.5351312488043], [-54.34484091487483, -15.535112247868057], [-54.3448727842654, -15.534946204669225], [-54.34497810936983, -15.534965205577734], [-54.34494624005576, -15.5351312488043]]]}, "properties": {"bairro": "Residencial Buritis V", "quadra": "4", "numero_lote": "9", "chave": "Residencial Buritis V|4|9", "area_gis_m2": 215.05, "fonte": "MAPA PVA_RESIDENCIAL BURITIS V.dwg"}}, {"type": "Feature", "geometry": {"type": "Polygon", "coordinates": [[[-54.34484091487521, -15.535112247866117], [-54.344735589721715, -15.535093246882491], [-54.344767459188404, -15.534927203713377], [-54.344872784265405, -15.534946204669245], [-54.34484091487521, -15.535112247866117]]]}, "properties": {"bairro": "Residencial Buritis V", "quadra": "4", "numero_lote": "10", "chave": "Residencial Buritis V|4|10", "area_gis_m2": 215.05, "fonte": "MAPA PVA_RESIDENCIAL BURITIS V.dwg"}}, {"type": "Feature", "geometry": {"type": "Polygon", "coordinates": [[[-54.34473558972209, -15.535093246880535], [-54.344630264596034, -15.53507424584954], [-54.34466213413884, -15.534908202710112], [-54.34476745918841, -15.534927203713377], [-54.34473558972209, -15.535093246880535]]]}, "properties": {"bairro": "Residencial Buritis V", "quadra": "4", "numero_lote": "11", "chave": "Residencial Buritis V|4|11", "area_gis_m2": 215.05, "fonte": "MAPA PVA_RESIDENCIAL BURITIS V.dwg"}}, {"type": "Feature", "geometry": {"type": "Polygon", "coordinates": [[[-54.34463026459641, -15.5350742458476], [-54.34452493949779, -15.535055244769202], [-54.3445568091167, -15.534889201659489], [-54.344662134138844, -15.534908202710112], [-54.34463026459641, -15.5350742458476]]]}, "properties": {"bairro": "Residencial Buritis V", "quadra": "4", "numero_lote": "12", "chave": "Residencial Buritis V|4|12", "area_gis_m2": 215.05, "fonte": "MAPA PVA_RESIDENCIAL BURITIS V.dwg"}}, {"type": "Feature", "geometry": {"type": "Polygon", "coordinates": [[[-54.345683517099516, -15.535264254047112], [-54.34557819172657, -15.535245253442511], [-54.345610060584285, -15.535079210035814], [-54.345715385880744, -15.535098210612649], [-54.345683517099516, -15.535264254047112]]]}, "properties": {"bairro": "Residencial Buritis V", "quadra": "4", "numero_lote": "2", "chave": "Residencial Buritis V|4|2", "area_gis_m2": 215.05, "fonte": "MAPA PVA_RESIDENCIAL BURITIS V.dwg"}}, {"type": "Feature", "geometry": {"type": "Polygon", "coordinates": [[[-54.345791132170696, -15.535283667659192], [-54.34568351709914, -15.535264254049068], [-54.34571538588037, -15.53509821061463], [-54.34582300087376, -15.535117624196435], [-54.345791132170696, -15.535283667659192]]]}, "properties": {"bairro": "Residencial Buritis V", "quadra": "4", "numero_lote": "1", "chave": "Residencial Buritis V|4|1", "area_gis_m2": 219.73, "fonte": "MAPA PVA_RESIDENCIAL BURITIS V.dwg"}}, {"type": "Feature", "geometry": {"type": "Polygon", "coordinates": [[[-54.34452493950174, -15.535055244767886], [-54.3444173247554, -15.535035830573655], [-54.344449194448515, -15.534869787493601], [-54.3445568091167, -15.534889201659489], [-54.34452493950174, -15.535055244767886]]]}, "properties": {"bairro": "Residencial Buritis V", "quadra": "4", "numero_lote": "13", "chave": "Residencial Buritis V|4|13", "area_gis_m2": 219.73, "fonte": "MAPA PVA_RESIDENCIAL BURITIS V.dwg"}}, {"type": "Feature", "geometry": {"type": "Polygon", "coordinates": [[[-54.345546322804374, -15.535411296811652], [-54.345440997382354, -15.535392296131935], [-54.34547286638873, -15.535226252769762], [-54.345578191734255, -15.53524525342174], [-54.345546322804374, -15.535411296811652]]]}, "properties": {"bairro": "Residencial Buritis V", "quadra": "4", "numero_lote": "24", "chave": "Residencial Buritis V|4|24", "area_gis_m2": 215.05, "fonte": "MAPA PVA_RESIDENCIAL BURITIS V.dwg"}}, {"type": "Feature", "geometry": {"type": "Polygon", "coordinates": [[[-54.34544099738273, -15.535392296130004], [-54.345335671988146, -15.535373295402911], [-54.34536754107065, -15.53520725207043], [-54.34547286638874, -15.535226252769762], [-54.34544099738273, -15.535392296130004]]]}, "properties": {"bairro": "Residencial Buritis V", "quadra": "4", "numero_lote": "23", "chave": "Residencial Buritis V|4|23", "area_gis_m2": 215.05, "fonte": "MAPA PVA_RESIDENCIAL BURITIS V.dwg"}}, {"type": "Feature", "geometry": {"type": "Polygon", "coordinates": [[[-54.34533567198853, -15.535373295400955], [-54.34523034662138, -15.535354294626485], [-54.34526221578, -15.535188251323703], [-54.34536754107065, -15.53520725207043], [-54.34533567198853, -15.535373295400955]]]}, "properties": {"bairro": "Residencial Buritis V", "quadra": "4", "numero_lote": "22", "chave": "Residencial Buritis V|4|22", "area_gis_m2": 215.05, "fonte": "MAPA PVA_RESIDENCIAL BURITIS V.dwg"}}, {"type": "Feature", "geometry": {"type": "Polygon", "coordinates": [[[-54.34523034662175, -15.535354294624545], [-54.34512502128204, -15.535335293802694], [-54.34515689051677, -15.535169250529615], [-54.34526221578, -15.535188251323712], [-54.34523034662175, -15.535354294624545]]]}, "properties": {"bairro": "Residencial Buritis V", "quadra": "4", "numero_lote": "21", "chave": "Residencial Buritis V|4|21", "area_gis_m2": 215.05, "fonte": "MAPA PVA_RESIDENCIAL BURITIS V.dwg"}}, {"type": "Feature", "geometry": {"type": "Polygon", "coordinates": [[[-54.345125021282406, -15.535335293800742], [-54.34501969597012, -15.535316292931501], [-54.34505156528098, -15.53515024968812], [-54.34515689051677, -15.535169250529615], [-54.345125021282406, -15.535335293800742]]]}, "properties": {"bairro": "Residencial Buritis V", "quadra": "4", "numero_lote": "20", "chave": "Residencial Buritis V|4|20", "area_gis_m2": 215.05, "fonte": "MAPA PVA_RESIDENCIAL BURITIS V.dwg"}}, {"type": "Feature", "geometry": {"type": "Polygon", "coordinates": [[[-54.345019695958705, -15.535316292927435], [-54.344914370673855, -15.535297292010837], [-54.34494623992462, -15.535131249506872], [-54.34505156513298, -15.535150250395725], [-54.345019695958705, -15.535316292927435]]]}, "properties": {"bairro": "Residencial Buritis V", "quadra": "4", "numero_lote": "19", "chave": "Residencial Buritis V|4|19", "area_gis_m2": 215.05, "fonte": "MAPA PVA_RESIDENCIAL BURITIS V.dwg"}}, {"type": "Feature", "geometry": {"type": "Polygon", "coordinates": [[[-54.34491437067423, -15.53529729200888], [-54.34480904541681, -15.535278291044884], [-54.34484091487991, -15.535112247860898], [-54.344946240060835, -15.535131248797134], [-54.34491437067423, -15.53529729200888]]]}, "properties": {"bairro": "Residencial Buritis V", "quadra": "4", "numero_lote": "18", "chave": "Residencial Buritis V|4|18", "area_gis_m2": 215.05, "fonte": "MAPA PVA_RESIDENCIAL BURITIS V.dwg"}}, {"type": "Feature", "geometry": {"type": "Polygon", "coordinates": [[[-54.344809045417186, -15.535278291042943], [-54.3447037201872, -15.535259290031576], [-54.34473558972642, -15.53509324687727], [-54.34484091487992, -15.535112247860898], [-54.344809045417186, -15.535278291042943]]]}, "properties": {"bairro": "Residencial Buritis V", "quadra": "4", "numero_lote": "17", "chave": "Residencial Buritis V|4|17", "area_gis_m2": 215.05, "fonte": "MAPA PVA_RESIDENCIAL BURITIS V.dwg"}}, {"type": "Feature", "geometry": {"type": "Polygon", "coordinates": [[[-54.344703720187574, -15.535259290029623], [-54.34459839498502, -15.535240288970869], [-54.34463026460036, -15.53507424584626], [-54.344735589726426, -15.53509324687727], [-54.344703720187574, -15.535259290029623]]]}, "properties": {"bairro": "Residencial Buritis V", "quadra": "4", "numero_lote": "16", "chave": "Residencial Buritis V|4|16", "area_gis_m2": 215.05, "fonte": "MAPA PVA_RESIDENCIAL BURITIS V.dwg"}}, {"type": "Feature", "geometry": {"type": "Polygon", "coordinates": [[[-54.3445983949854, -15.535240288968916], [-54.34449306981028, -15.535221287862777], [-54.344524939501746, -15.535055244767886], [-54.34463026460037, -15.53507424584626], [-54.3445983949854, -15.535240288968916]]]}, "properties": {"bairro": "Residencial Buritis V", "quadra": "4", "numero_lote": "15", "chave": "Residencial Buritis V|4|15", "area_gis_m2": 215.05, "fonte": "MAPA PVA_RESIDENCIAL BURITIS V.dwg"}}, {"type": "Feature", "geometry": {"type": "Polygon", "coordinates": [[[-54.34565164825346, -15.53543029744591], [-54.34554632280401, -15.535411296813583], [-54.34557819173426, -15.53524525342172], [-54.34568351710721, -15.535264254026304], [-54.34565164825346, -15.53543029744591]]]}, "properties": {"bairro": "Residencial Buritis V", "quadra": "4", "numero_lote": "25", "chave": "Residencial Buritis V|4|25", "area_gis_m2": 215.05, "fonte": "MAPA PVA_RESIDENCIAL BURITIS V.dwg"}}, {"type": "Feature", "geometry": {"type": "Polygon", "coordinates": [[[-54.34575926340279, -15.535449711086367], [-54.34565164825308, -15.53543029744787], [-54.345683517106835, -15.535264254028293], [-54.345791132178384, -15.535283667638437], [-54.34575926340279, -15.535449711086367]]]}, "properties": {"bairro": "Residencial Buritis V", "quadra": "4", "numero_lote": "26", "chave": "Residencial Buritis V|4|26", "area_gis_m2": 219.73, "fonte": "MAPA PVA_RESIDENCIAL BURITIS V.dwg"}}, {"type": "Feature", "geometry": {"type": "Polygon", "coordinates": [[[-54.344493069814234, -15.535221287861466], [-54.34438545498973, -15.53520187363888], [-54.3444173247554, -15.535035830573655], [-54.34452493950174, -15.535055244767886], [-54.344493069814234, -15.535221287861466]]]}, "properties": {"bairro": "Residencial Buritis V", "quadra": "4", "numero_lote": "14", "chave": "Residencial Buritis V|4|14", "area_gis_m2": 219.73, "fonte": "MAPA PVA_RESIDENCIAL BURITIS V.dwg"}}, {"type": "Feature", "geometry": {"type": "Polygon", "coordinates": [[[-54.34614261758689, -15.53230441866477], [-54.34603729359607, -15.532285418504195], [-54.3460688204079, -15.532121150751985], [-54.34617414432307, -15.532140150885121], [-54.34614261758689, -15.53230441866477]]]}, "properties": {"bairro": "Residencial Buritis V", "quadra": "28", "numero_lote": "3", "chave": "Residencial Buritis V|28|3", "area_gis_m2": 212.75, "fonte": "MAPA PVA_RESIDENCIAL BURITIS V.dwg"}}, {"type": "Feature", "geometry": {"type": "Polygon", "coordinates": [[[-54.346037293596076, -15.532285418504195], [-54.345931969632666, -15.532266418296242], [-54.34596349652016, -15.53210215057148], [-54.34606882040791, -15.532121150751985], [-54.346037293596076, -15.532285418504195]]]}, "properties": {"bairro": "Residencial Buritis V", "quadra": "28", "numero_lote": "4", "chave": "Residencial Buritis V|28|4", "area_gis_m2": 212.75, "fonte": "MAPA PVA_RESIDENCIAL BURITIS V.dwg"}}, {"type": "Feature", "geometry": {"type": "Polygon", "coordinates": [[[-54.34593196963267, -15.532266418296267], [-54.3458266456967, -15.532247418040946], [-54.34585817265986, -15.53208315034362], [-54.34596349652017, -15.5321021505715], [-54.34593196963267, -15.532266418296267]]]}, "properties": {"bairro": "Residencial Buritis V", "quadra": "28", "numero_lote": "5", "chave": "Residencial Buritis V|28|5", "area_gis_m2": 212.75, "fonte": "MAPA PVA_RESIDENCIAL BURITIS V.dwg"}}, {"type": "Feature", "geometry": {"type": "Polygon", "coordinates": [[[-54.345826645696704, -15.532247418040946], [-54.345721321788155, -15.53222841773824], [-54.345752848826976, -15.532064150068374], [-54.34585817265986, -15.53208315034362], [-54.345826645696704, -15.532247418040946]]]}, "properties": {"bairro": "Residencial Buritis V", "quadra": "28", "numero_lote": "6", "chave": "Residencial Buritis V|28|6", "area_gis_m2": 212.75, "fonte": "MAPA PVA_RESIDENCIAL BURITIS V.dwg"}}, {"type": "Feature", "geometry": {"type": "Polygon", "coordinates": [[[-54.345721321788155, -15.532228417738267], [-54.34561599790703, -15.532209417388193], [-54.34564752502151, -15.532045149745755], [-54.345752848826976, -15.532064150068374], [-54.345721321788155, -15.532228417738267]]]}, "properties": {"bairro": "Residencial Buritis V", "quadra": "28", "numero_lote": "7", "chave": "Residencial Buritis V|28|7", "area_gis_m2": 212.75, "fonte": "MAPA PVA_RESIDENCIAL BURITIS V.dwg"}}, {"type": "Feature", "geometry": {"type": "Polygon", "coordinates": [[[-54.345615997759026, -15.532209418095784], [-54.34551067390533, -15.532190417698352], [-54.34554220109547, -15.532026150083368], [-54.345647524873506, -15.532045150453358], [-54.345615997759026, -15.532209418095784]]]}, "properties": {"bairro": "Residencial Buritis V", "quadra": "28", "numero_lote": "8", "chave": "Residencial Buritis V|28|8", "area_gis_m2": 212.75, "fonte": "MAPA PVA_RESIDENCIAL BURITIS V.dwg"}}, {"type": "Feature", "geometry": {"type": "Polygon", "coordinates": [[[-54.34551067404155, -15.532190416988632], [-54.34540535021528, -15.532171416543813], [-54.34543687748108, -15.532007148956286], [-54.34554220123169, -15.532026149373653], [-54.34551067404155, -15.532190416988632]]]}, "properties": {"bairro": "Residencial Buritis V", "quadra": "28", "numero_lote": "9", "chave": "Residencial Buritis V|28|9", "area_gis_m2": 212.75, "fonte": "MAPA PVA_RESIDENCIAL BURITIS V.dwg"}}, {"type": "Feature", "geometry": {"type": "Polygon", "coordinates": [[[-54.34540535021528, -15.532171416543838], [-54.34530002641643, -15.53215241605166], [-54.345331553757894, -15.531988148491576], [-54.345436877481085, -15.532007148956302], [-54.34540535021528, -15.532171416543838]]]}, "properties": {"bairro": "Residencial Buritis V", "quadra": "28", "numero_lote": "10", "chave": "Residencial Buritis V|28|10", "area_gis_m2": 212.75, "fonte": "MAPA PVA_RESIDENCIAL BURITIS V.dwg"}}, {"type": "Feature", "geometry": {"type": "Polygon", "coordinates": [[[-54.34530002641644, -15.53215241605166], [-54.345194702645024, -15.532133415512106], [-54.345226230062146, -15.531969147979463], [-54.3453315537579, -15.531988148491576], [-54.34530002641644, -15.53215241605166]]]}, "properties": {"bairro": "Residencial Buritis V", "quadra": "28", "numero_lote": "11", "chave": "Residencial Buritis V|28|11", "area_gis_m2": 212.75, "fonte": "MAPA PVA_RESIDENCIAL BURITIS V.dwg"}}, {"type": "Feature", "geometry": {"type": "Polygon", "coordinates": [[[-54.34519470264503, -15.532133415512106], [-54.345089378901044, -15.532114414925195], [-54.34512090639382, -15.531950147420005], [-54.345226230062146, -15.531969147979463], [-54.34519470264503, -15.532133415512106]]]}, "properties": {"bairro": "Residencial Buritis V", "quadra": "28", "numero_lote": "12", "chave": "Residencial Buritis V|28|12", "area_gis_m2": 212.75, "fonte": "MAPA PVA_RESIDENCIAL BURITIS V.dwg"}}, {"type": "Feature", "geometry": {"type": "Polygon", "coordinates": [[[-54.346111090779736, -15.532468686429892], [-54.346005766713255, -15.532449686241875], [-54.34603729359606, -15.532285418504195], [-54.346142617586885, -15.53230441866477], [-54.346111090779736, -15.532468686429892]]]}, "properties": {"bairro": "Residencial Buritis V", "quadra": "28", "numero_lote": "24", "chave": "Residencial Buritis V|28|24", "area_gis_m2": 212.75, "fonte": "MAPA PVA_RESIDENCIAL BURITIS V.dwg"}}, {"type": "Feature", "geometry": {"type": "Polygon", "coordinates": [[[-54.346005766713255, -15.532449686241875], [-54.34590044267419, -15.53243068600649], [-54.345931969632666, -15.532266418296219], [-54.34603729359607, -15.532285418504195], [-54.346005766713255, -15.532449686241875]]]}, "properties": {"bairro": "Residencial Buritis V", "quadra": "28", "numero_lote": "23", "chave": "Residencial Buritis V|28|23", "area_gis_m2": 212.75, "fonte": "MAPA PVA_RESIDENCIAL BURITIS V.dwg"}}, {"type": "Feature", "geometry": {"type": "Polygon", "coordinates": [[[-54.34590044267419, -15.53243068600649], [-54.34579511866256, -15.532411685723726], [-54.34582664569669, -15.532247418040926], [-54.345931969632666, -15.532266418296242], [-54.34590044267419, -15.53243068600649]]]}, "properties": {"bairro": "Residencial Buritis V", "quadra": "28", "numero_lote": "22", "chave": "Residencial Buritis V|28|22", "area_gis_m2": 212.75, "fonte": "MAPA PVA_RESIDENCIAL BURITIS V.dwg"}}, {"type": "Feature", "geometry": {"type": "Polygon", "coordinates": [[[-54.345795118662565, -15.532411685723734], [-54.34568979467835, -15.532392685393596], [-54.34572132178815, -15.53222841773824], [-54.3458266456967, -15.532247418040946], [-54.345795118662565, -15.532411685723734]]]}, "properties": {"bairro": "Residencial Buritis V", "quadra": "28", "numero_lote": "21", "chave": "Residencial Buritis V|28|21", "area_gis_m2": 212.75, "fonte": "MAPA PVA_RESIDENCIAL BURITIS V.dwg"}}, {"type": "Feature", "geometry": {"type": "Polygon", "coordinates": [[[-54.34568979467836, -15.532392685393596], [-54.34558447072157, -15.532373685016093], [-54.345615997907025, -15.532209417388184], [-54.345721321788155, -15.53222841773824], [-54.34568979467836, -15.532392685393596]]]}, "properties": {"bairro": "Residencial Buritis V", "quadra": "28", "numero_lote": "20", "chave": "Residencial Buritis V|28|20", "area_gis_m2": 212.75, "fonte": "MAPA PVA_RESIDENCIAL BURITIS V.dwg"}}, {"type": "Feature", "geometry": {"type": "Polygon", "coordinates": [[[-54.34558447057356, -15.532373685723698], [-54.34547914664421, -15.532354685298815], [-54.34551067390532, -15.532190417698352], [-54.34561599775902, -15.532209418095784], [-54.34558447057356, -15.532373685723698]]]}, "properties": {"bairro": "Residencial Buritis V", "quadra": "28", "numero_lote": "19", "chave": "Residencial Buritis V|28|19", "area_gis_m2": 212.75, "fonte": "MAPA PVA_RESIDENCIAL BURITIS V.dwg"}}, {"type": "Feature", "geometry": {"type": "Polygon", "coordinates": [[[-54.34547914678043, -15.532354684589093], [-54.3453738228785, -15.532335684116829], [-54.34540535021527, -15.532171416543813], [-54.34551067404154, -15.532190416988632], [-54.34547914678043, -15.532354684589093]]]}, "properties": {"bairro": "Residencial Buritis V", "quadra": "28", "numero_lote": "18", "chave": "Residencial Buritis V|28|18", "area_gis_m2": 212.75, "fonte": "MAPA PVA_RESIDENCIAL BURITIS V.dwg"}}, {"type": "Feature", "geometry": {"type": "Polygon", "coordinates": [[[-54.3453738228785, -15.532335684116845], [-54.34526849900399, -15.53231668359723], [-54.34530002641643, -15.53215241605166], [-54.34540535021528, -15.532171416543813], [-54.3453738228785, -15.532335684116845]]]}, "properties": {"bairro": "Residencial Buritis V", "quadra": "28", "numero_lote": "17", "chave": "Residencial Buritis V|28|17", "area_gis_m2": 212.75, "fonte": "MAPA PVA_RESIDENCIAL BURITIS V.dwg"}}, {"type": "Feature", "geometry": {"type": "Polygon", "coordinates": [[[-54.345268499004, -15.53231668359723], [-54.34516317515693, -15.53229768303022], [-54.34519470264502, -15.532133415512106], [-54.34530002641643, -15.53215241605166], [-54.345268499004, -15.53231668359723]]]}, "properties": {"bairro": "Residencial Buritis V", "quadra": "28", "numero_lote": "16", "chave": "Residencial Buritis V|28|16", "area_gis_m2": 212.75, "fonte": "MAPA PVA_RESIDENCIAL BURITIS V.dwg"}}, {"type": "Feature", "geometry": {"type": "Polygon", "coordinates": [[[-54.345163175156934, -15.53229768303022], [-54.34505785133728, -15.532278682415866], [-54.34508937890104, -15.532114414925195], [-54.345194702645024, -15.532133415512106], [-54.345163175156934, -15.53229768303022]]]}, "properties": {"bairro": "Residencial Buritis V", "quadra": "28", "numero_lote": "15", "chave": "Residencial Buritis V|28|15", "area_gis_m2": 212.75, "fonte": "MAPA PVA_RESIDENCIAL BURITIS V.dwg"}}, {"type": "Feature", "geometry": {"type": "Polygon", "coordinates": [[[-54.34519564068448, -15.530980645958333], [-54.345287226076614, -15.530997168090666], [-54.345250586398514, -15.531188073647321], [-54.345159000929925, -15.53117155148724], [-54.34519564068448, -15.530980645958333]]]}, "properties": {"bairro": "Residencial Buritis V", "quadra": "37", "numero_lote": "15", "chave": "Residencial Buritis V|37|15", "area_gis_m2": 215.0, "fonte": "MAPA PVA_RESIDENCIAL BURITIS V.dwg"}}, {"type": "Feature", "geometry": {"type": "Polygon", "coordinates": [[[-54.345287226076614, -15.530997168090666], [-54.345378811489475, -15.531013690187187], [-54.34534217188782, -15.531204595771598], [-54.345250586398514, -15.531188073647321], [-54.345287226076614, -15.530997168090666]]]}, "properties": {"bairro": "Residencial Buritis V", "quadra": "37", "numero_lote": "14", "chave": "Residencial Buritis V|37|14", "area_gis_m2": 215.0, "fonte": "MAPA PVA_RESIDENCIAL BURITIS V.dwg"}}, {"type": "Feature", "geometry": {"type": "Polygon", "coordinates": [[[-54.345378811489475, -15.531013690187187], [-54.345470396923076, -15.531030212247911], [-54.345433757397885, -15.53122111786004], [-54.34534217188782, -15.531204595771598], [-54.345378811489475, -15.531013690187187]]]}, "properties": {"bairro": "Residencial Buritis V", "quadra": "37", "numero_lote": "13", "chave": "Residencial Buritis V|37|13", "area_gis_m2": 215.0, "fonte": "MAPA PVA_RESIDENCIAL BURITIS V.dwg"}}, {"type": "Feature", "geometry": {"type": "Polygon", "coordinates": [[[-54.345470396923076, -15.531030212247911], [-54.34556198237742, -15.531046734272811], [-54.345525342928674, -15.531237639912666], [-54.345433757397885, -15.53122111786004], [-54.345470396923076, -15.531030212247911]]]}, "properties": {"bairro": "Residencial Buritis V", "quadra": "37", "numero_lote": "12", "chave": "Residencial Buritis V|37|12", "area_gis_m2": 215.0, "fonte": "MAPA PVA_RESIDENCIAL BURITIS V.dwg"}}, {"type": "Feature", "geometry": {"type": "Polygon", "coordinates": [[[-54.34556198237742, -15.531046734272811], [-54.345653567852494, -15.531063256261886], [-54.345616928480204, -15.531254161929498], [-54.345525342928674, -15.531237639912666], [-54.34556198237742, -15.531046734272811]]]}, "properties": {"bairro": "Residencial Buritis V", "quadra": "37", "numero_lote": "11", "chave": "Residencial Buritis V|37|11", "area_gis_m2": 215.0, "fonte": "MAPA PVA_RESIDENCIAL BURITIS V.dwg"}}, {"type": "Feature", "geometry": {"type": "Polygon", "coordinates": [[[-54.345653567852494, -15.531063256261886], [-54.34574515334831, -15.531079778215142], [-54.345708514052475, -15.531270683910497], [-54.345616928480204, -15.531254161929498], [-54.345653567852494, -15.531063256261886]]]}, "properties": {"bairro": "Residencial Buritis V", "quadra": "37", "numero_lote": "10", "chave": "Residencial Buritis V|37|10", "area_gis_m2": 215.0, "fonte": "MAPA PVA_RESIDENCIAL BURITIS V.dwg"}}, {"type": "Feature", "geometry": {"type": "Polygon", "coordinates": [[[-54.34574515334831, -15.531079778215142], [-54.345836738864854, -15.5310963001326], [-54.34580009964548, -15.531287205855696], [-54.345708514052475, -15.531270683910497], [-54.34574515334831, -15.531079778215142]]]}, "properties": {"bairro": "Residencial Buritis V", "quadra": "37", "numero_lote": "9", "chave": "Residencial Buritis V|37|9", "area_gis_m2": 215.0, "fonte": "MAPA PVA_RESIDENCIAL BURITIS V.dwg"}}, {"type": "Feature", "geometry": {"type": "Polygon", "coordinates": [[[-54.345836738864854, -15.5310963001326], [-54.345928324402145, -15.531112822014249], [-54.345891685259225, -15.531303727765055], [-54.34580009964548, -15.531287205855696], [-54.345836738864854, -15.5310963001326]]]}, "properties": {"bairro": "Residencial Buritis V", "quadra": "37", "numero_lote": "8", "chave": "Residencial Buritis V|37|8", "area_gis_m2": 215.0, "fonte": "MAPA PVA_RESIDENCIAL BURITIS V.dwg"}}, {"type": "Feature", "geometry": {"type": "Polygon", "coordinates": [[[-54.345928324402145, -15.531112822014249], [-54.34601990996017, -15.531129343860052], [-54.345983270893704, -15.531320249638602], [-54.345891685259225, -15.531303727765055], [-54.345928324402145, -15.531112822014249]]]}, "properties": {"bairro": "Residencial Buritis V", "quadra": "37", "numero_lote": "7", "chave": "Residencial Buritis V|37|7", "area_gis_m2": 215.0, "fonte": "MAPA PVA_RESIDENCIAL BURITIS V.dwg"}}, {"type": "Feature", "geometry": {"type": "Polygon", "coordinates": [[[-54.34601990996017, -15.531129343860052], [-54.34611149553893, -15.531145865670062], [-54.34607485654892, -15.531336771476324], [-54.345983270893704, -15.531320249638602], [-54.34601990996017, -15.531129343860052]]]}, "properties": {"bairro": "Residencial Buritis V", "quadra": "37", "numero_lote": "6", "chave": "Residencial Buritis V|37|6", "area_gis_m2": 215.0, "fonte": "MAPA PVA_RESIDENCIAL BURITIS V.dwg"}}, {"type": "Feature", "geometry": {"type": "Polygon", "coordinates": [[[-54.34611149553893, -15.531145865670062], [-54.34620308113842, -15.531162387444242], [-54.34616644222486, -15.531353293278245], [-54.34607485654892, -15.531336771476324], [-54.34611149553893, -15.531145865670062]]]}, "properties": {"bairro": "Residencial Buritis V", "quadra": "37", "numero_lote": "5", "chave": "Residencial Buritis V|37|5", "area_gis_m2": 215.0, "fonte": "MAPA PVA_RESIDENCIAL BURITIS V.dwg"}}, {"type": "Feature", "geometry": {"type": "Polygon", "coordinates": [[[-54.34620308113842, -15.531162387444242], [-54.34629466675865, -15.5311789091826], [-54.34625802792155, -15.531369815044341], [-54.34616644222486, -15.531353293278245], [-54.34620308113842, -15.531162387444242]]]}, "properties": {"bairro": "Residencial Buritis V", "quadra": "37", "numero_lote": "4", "chave": "Residencial Buritis V|37|4", "area_gis_m2": 215.0, "fonte": "MAPA PVA_RESIDENCIAL BURITIS V.dwg"}}, {"type": "Feature", "geometry": {"type": "Polygon", "coordinates": [[[-54.345159000929925, -15.53117155148724], [-54.345250586398514, -15.531188073647321], [-54.34521394662454, -15.531378979184378], [-54.34512236107951, -15.53136245699657], [-54.345159000929925, -15.53117155148724]]]}, "properties": {"bairro": "Residencial Buritis V", "quadra": "37", "numero_lote": "16", "chave": "Residencial Buritis V|37|16", "area_gis_m2": 215.0, "fonte": "MAPA PVA_RESIDENCIAL BURITIS V.dwg"}}, {"type": "Feature", "geometry": {"type": "Polygon", "coordinates": [[[-54.345250586398514, -15.531188073647321], [-54.34534217188782, -15.531204595771598], [-54.34530553219032, -15.531395501336377], [-54.34521394662454, -15.531378979184378], [-54.345250586398514, -15.531188073647321]]]}, "properties": {"bairro": "Residencial Buritis V", "quadra": "37", "numero_lote": "17", "chave": "Residencial Buritis V|37|17", "area_gis_m2": 215.0, "fonte": "MAPA PVA_RESIDENCIAL BURITIS V.dwg"}}, {"type": "Feature", "geometry": {"type": "Polygon", "coordinates": [[[-54.34534217188782, -15.531204595771598], [-54.345433757397885, -15.53122111786004], [-54.34539711777683, -15.53141202345256], [-54.34530553219032, -15.531395501336377], [-54.34534217188782, -15.531204595771598]]]}, "properties": {"bairro": "Residencial Buritis V", "quadra": "37", "numero_lote": "18", "chave": "Residencial Buritis V|37|18", "area_gis_m2": 215.0, "fonte": "MAPA PVA_RESIDENCIAL BURITIS V.dwg"}}, {"type": "Feature", "geometry": {"type": "Polygon", "coordinates": [[[-54.345433757397885, -15.53122111786004], [-54.345525342928674, -15.531237639912666], [-54.34548870338408, -15.531428545532941], [-54.34539711777683, -15.53141202345256], [-54.345433757397885, -15.53122111786004]]]}, "properties": {"bairro": "Residencial Buritis V", "quadra": "37", "numero_lote": "19", "chave": "Residencial Buritis V|37|19", "area_gis_m2": 215.0, "fonte": "MAPA PVA_RESIDENCIAL BURITIS V.dwg"}}, {"type": "Feature", "geometry": {"type": "Polygon", "coordinates": [[[-54.345525342928674, -15.531237639912666], [-54.345616928480204, -15.531254161929498], [-54.34558028901206, -15.531445067577502], [-54.34548870338408, -15.531428545532941], [-54.345525342928674, -15.531237639912666]]]}, "properties": {"bairro": "Residencial Buritis V", "quadra": "37", "numero_lote": "20", "chave": "Residencial Buritis V|37|20", "area_gis_m2": 215.0, "fonte": "MAPA PVA_RESIDENCIAL BURITIS V.dwg"}}, {"type": "Feature", "geometry": {"type": "Polygon", "coordinates": [[[-54.345616928480204, -15.531254161929498], [-54.345708514052475, -15.531270683910497], [-54.34567187466079, -15.53146158958624], [-54.34558028901206, -15.531445067577502], [-54.345616928480204, -15.531254161929498]]]}, "properties": {"bairro": "Residencial Buritis V", "quadra": "37", "numero_lote": "21", "chave": "Residencial Buritis V|37|21", "area_gis_m2": 215.0, "fonte": "MAPA PVA_RESIDENCIAL BURITIS V.dwg"}}, {"type": "Feature", "geometry": {"type": "Polygon", "coordinates": [[[-54.345708514052475, -15.531270683910497], [-54.34580009964548, -15.531287205855696], [-54.34576346033025, -15.531478111559148], [-54.34567187466079, -15.53146158958624], [-54.345708514052475, -15.531270683910497]]]}, "properties": {"bairro": "Residencial Buritis V", "quadra": "37", "numero_lote": "22", "chave": "Residencial Buritis V|37|22", "area_gis_m2": 215.0, "fonte": "MAPA PVA_RESIDENCIAL BURITIS V.dwg"}}, {"type": "Feature", "geometry": {"type": "Polygon", "coordinates": [[[-54.34580009964548, -15.531287205855696], [-54.345891685259225, -15.531303727765055], [-54.345855046020446, -15.531494633496239], [-54.34576346033025, -15.531478111559148], [-54.34580009964548, -15.531287205855696]]]}, "properties": {"bairro": "Residencial Buritis V", "quadra": "37", "numero_lote": "23", "chave": "Residencial Buritis V|37|23", "area_gis_m2": 215.0, "fonte": "MAPA PVA_RESIDENCIAL BURITIS V.dwg"}}, {"type": "Feature", "geometry": {"type": "Polygon", "coordinates": [[[-54.345891685259225, -15.531303727765055], [-54.345983270893704, -15.531320249638602], [-54.34594663173138, -15.53151115539754], [-54.345855046020446, -15.531494633496239], [-54.345891685259225, -15.531303727765055]]]}, "properties": {"bairro": "Residencial Buritis V", "quadra": "37", "numero_lote": "24", "chave": "Residencial Buritis V|37|24", "area_gis_m2": 215.0, "fonte": "MAPA PVA_RESIDENCIAL BURITIS V.dwg"}}, {"type": "Feature", "geometry": {"type": "Polygon", "coordinates": [[[-54.345983270893704, -15.531320249638602], [-54.34607485654892, -15.531336771476324], [-54.346038217463054, -15.531527677263], [-54.34594663173138, -15.53151115539754], [-54.345983270893704, -15.531320249638602]]]}, "properties": {"bairro": "Residencial Buritis V", "quadra": "37", "numero_lote": "25", "chave": "Residencial Buritis V|37|25", "area_gis_m2": 215.0, "fonte": "MAPA PVA_RESIDENCIAL BURITIS V.dwg"}}, {"type": "Feature", "geometry": {"type": "Polygon", "coordinates": [[[-54.34607485654892, -15.531336771476324], [-54.34616644222486, -15.531353293278245], [-54.34612980321546, -15.531544199092643], [-54.346038217463054, -15.531527677263], [-54.34607485654892, -15.531336771476324]]]}, "properties": {"bairro": "Residencial Buritis V", "quadra": "37", "numero_lote": "26", "chave": "Residencial Buritis V|37|26", "area_gis_m2": 215.0, "fonte": "MAPA PVA_RESIDENCIAL BURITIS V.dwg"}}, {"type": "Feature", "geometry": {"type": "Polygon", "coordinates": [[[-54.34616644222486, -15.531353293278245], [-54.34625802792155, -15.531369815044341], [-54.3462213889886, -15.531560720886468], [-54.34612980321546, -15.531544199092643], [-54.34616644222486, -15.531353293278245]]]}, "properties": {"bairro": "Residencial Buritis V", "quadra": "37", "numero_lote": "27", "chave": "Residencial Buritis V|37|27", "area_gis_m2": 215.0, "fonte": "MAPA PVA_RESIDENCIAL BURITIS V.dwg"}}, {"type": "Feature", "geometry": {"type": "Polygon", "coordinates": [[[-54.34625802792155, -15.531369815044341], [-54.34634961363898, -15.531386336774624], [-54.34631297478248, -15.53157724264449], [-54.3462213889886, -15.531560720886468], [-54.34625802792155, -15.531369815044341]]]}, "properties": {"bairro": "Residencial Buritis V", "quadra": "37", "numero_lote": "28", "chave": "Residencial Buritis V|37|28", "area_gis_m2": 215.0, "fonte": "MAPA PVA_RESIDENCIAL BURITIS V.dwg"}}, {"type": "Feature", "geometry": {"type": "Polygon", "coordinates": [[[-54.34634961363898, -15.531386336774624], [-54.346441199357486, -15.531402858465547], [-54.3464045605971, -15.531593764366697], [-54.34631297478248, -15.53157724264449], [-54.34634961363898, -15.531386336774624]]]}, "properties": {"bairro": "Residencial Buritis V", "quadra": "37", "numero_lote": "29", "chave": "Residencial Buritis V|37|29", "area_gis_m2": 215.0, "fonte": "MAPA PVA_RESIDENCIAL BURITIS V.dwg"}}, {"type": "Feature", "geometry": {"type": "Polygon", "coordinates": [[[-54.34629252515745, -15.53168379475136], [-54.346384111014736, -15.531700316489047], [-54.346350028311114, -15.531877903346063], [-54.3462584423827, -15.531861381582601], [-54.34629252515745, -15.53168379475136]]]}, "properties": {"bairro": "Residencial Buritis V", "quadra": "30", "numero_lote": "2", "chave": "Residencial Buritis V|30|2", "area_gis_m2": 200.0, "fonte": "MAPA PVA_RESIDENCIAL BURITIS V.dwg"}}, {"type": "Feature", "geometry": {"type": "Polygon", "coordinates": [[[-54.346200939320894, -15.531667272977883], [-54.34629252515745, -15.53168379475136], [-54.3462584423827, -15.531861381582601], [-54.34616685647502, -15.531844859783304], [-54.346200939320894, -15.531667272977883]]]}, "properties": {"bairro": "Residencial Buritis V", "quadra": "30", "numero_lote": "3", "chave": "Residencial Buritis V|30|3", "area_gis_m2": 200.0, "fonte": "MAPA PVA_RESIDENCIAL BURITIS V.dwg"}}, {"type": "Feature", "geometry": {"type": "Polygon", "coordinates": [[[-54.34610935350508, -15.531650751168575], [-54.346200939320894, -15.531667272977883], [-54.34616685647502, -15.531844859783304], [-54.346075270588074, -15.53182833794818], [-54.34610935350508, -15.531650751168575]]]}, "properties": {"bairro": "Residencial Buritis V", "quadra": "30", "numero_lote": "4", "chave": "Residencial Buritis V|30|4", "area_gis_m2": 200.0, "fonte": "MAPA PVA_RESIDENCIAL BURITIS V.dwg"}}, {"type": "Feature", "geometry": {"type": "Polygon", "coordinates": [[[-54.346017767709995, -15.531634229323442], [-54.34610935350508, -15.531650751168575], [-54.346075270588074, -15.53182833794818], [-54.34598368472187, -15.53181181607726], [-54.346017767709995, -15.531634229323442]]]}, "properties": {"bairro": "Residencial Buritis V", "quadra": "30", "numero_lote": "5", "chave": "Residencial Buritis V|30|5", "area_gis_m2": 200.0, "fonte": "MAPA PVA_RESIDENCIAL BURITIS V.dwg"}}, {"type": "Feature", "geometry": {"type": "Polygon", "coordinates": [[[-54.345926181935646, -15.531617707442503], [-54.346017767709995, -15.531634229323442], [-54.34598368472187, -15.53181181607726], [-54.345892098876405, -15.531795294170516], [-54.345926181935646, -15.531617707442503]]]}, "properties": {"bairro": "Residencial Buritis V", "quadra": "30", "numero_lote": "6", "chave": "Residencial Buritis V|30|6", "area_gis_m2": 200.0, "fonte": "MAPA PVA_RESIDENCIAL BURITIS V.dwg"}}, {"type": "Feature", "geometry": {"type": "Polygon", "coordinates": [[[-54.34583459618204, -15.531601185525743], [-54.345926181935646, -15.531617707442503], [-54.345892098876405, -15.531795294170516], [-54.34580051305167, -15.531778772227945], [-54.34583459618204, -15.531601185525743]]]}, "properties": {"bairro": "Residencial Buritis V", "quadra": "30", "numero_lote": "7", "chave": "Residencial Buritis V|30|7", "area_gis_m2": 200.0, "fonte": "MAPA PVA_RESIDENCIAL BURITIS V.dwg"}}, {"type": "Feature", "geometry": {"type": "Polygon", "coordinates": [[[-54.34574301044917, -15.53158466357315], [-54.34583459618204, -15.531601185525743], [-54.34580051305167, -15.531778772227945], [-54.34570892724767, -15.53176225024957], [-54.34574301044917, -15.53158466357315]]]}, "properties": {"bairro": "Residencial Buritis V", "quadra": "30", "numero_lote": "8", "chave": "Residencial Buritis V|30|8", "area_gis_m2": 200.0, "fonte": "MAPA PVA_RESIDENCIAL BURITIS V.dwg"}}, {"type": "Feature", "geometry": {"type": "Polygon", "coordinates": [[[-54.34565142473703, -15.531568141584756], [-54.34574301044917, -15.53158466357315], [-54.34570892724767, -15.53176225024957], [-54.34561734146442, -15.531745728235373], [-54.34565142473703, -15.531568141584756]]]}, "properties": {"bairro": "Residencial Buritis V", "quadra": "30", "numero_lote": "9", "chave": "Residencial Buritis V|30|9", "area_gis_m2": 200.0, "fonte": "MAPA PVA_RESIDENCIAL BURITIS V.dwg"}}, {"type": "Feature", "geometry": {"type": "Polygon", "coordinates": [[[-54.34555983904563, -15.531551619560544], [-54.34565142473703, -15.531568141584756], [-54.34561734146442, -15.531745728235373], [-54.34552575570189, -15.531729206185357], [-54.34555983904563, -15.531551619560544]]]}, "properties": {"bairro": "Residencial Buritis V", "quadra": "30", "numero_lote": "10", "chave": "Residencial Buritis V|30|10", "area_gis_m2": 200.0, "fonte": "MAPA PVA_RESIDENCIAL BURITIS V.dwg"}}, {"type": "Feature", "geometry": {"type": "Polygon", "coordinates": [[[-54.345468253374975, -15.5315350975005], [-54.34555983904563, -15.531551619560544], [-54.34552575570189, -15.531729206185357], [-54.34543416996011, -15.531712684099514], [-54.345468253374975, -15.5315350975005]]]}, "properties": {"bairro": "Residencial Buritis V", "quadra": "30", "numero_lote": "11", "chave": "Residencial Buritis V|30|11", "area_gis_m2": 200.0, "fonte": "MAPA PVA_RESIDENCIAL BURITIS V.dwg"}}, {"type": "Feature", "geometry": {"type": "Polygon", "coordinates": [[[-54.34537666772505, -15.531518575404649], [-54.345468253374975, -15.5315350975005], [-54.34543416996011, -15.531712684099514], [-54.34534258423907, -15.53169616197785], [-54.34537666772505, -15.531518575404649]]]}, "properties": {"bairro": "Residencial Buritis V", "quadra": "30", "numero_lote": "12", "chave": "Residencial Buritis V|30|12", "area_gis_m2": 200.0, "fonte": "MAPA PVA_RESIDENCIAL BURITIS V.dwg"}}, {"type": "Feature", "geometry": {"type": "Polygon", "coordinates": [[[-54.34528508209586, -15.53150205327297], [-54.34537666772505, -15.531518575404649], [-54.34534258423907, -15.53169616197785], [-54.34525099853876, -15.531679639820396], [-54.34528508209586, -15.53150205327297]]]}, "properties": {"bairro": "Residencial Buritis V", "quadra": "30", "numero_lote": "13", "chave": "Residencial Buritis V|30|13", "area_gis_m2": 200.0, "fonte": "MAPA PVA_RESIDENCIAL BURITIS V.dwg"}}, {"type": "Feature", "geometry": {"type": "Polygon", "coordinates": [[[-54.34519349648742, -15.531485531105481], [-54.34528508209586, -15.53150205327297], [-54.34525099853876, -15.531679639820396], [-54.345159412859196, -15.531663117627089], [-54.34519349648742, -15.531485531105481]]]}, "properties": {"bairro": "Residencial Buritis V", "quadra": "30", "numero_lote": "14", "chave": "Residencial Buritis V|30|14", "area_gis_m2": 200.0, "fonte": "MAPA PVA_RESIDENCIAL BURITIS V.dwg"}}, {"type": "Feature", "geometry": {"type": "Polygon", "coordinates": [[[-54.345101910899714, -15.531469008902192], [-54.34519349648742, -15.531485531105481], [-54.345159412859196, -15.531663117627089], [-54.34506782720036, -15.531646595397975], [-54.345101910899714, -15.531469008902192]]]}, "properties": {"bairro": "Residencial Buritis V", "quadra": "30", "numero_lote": "15", "chave": "Residencial Buritis V|30|15", "area_gis_m2": 200.0, "fonte": "MAPA PVA_RESIDENCIAL BURITIS V.dwg"}}, {"type": "Feature", "geometry": {"type": "Polygon", "coordinates": [[[-54.3462584423827, -15.531861381582601], [-54.346350028311114, -15.531877903346063], [-54.34631594552455, -15.532055490186112], [-54.346224359525, -15.532038968396849], [-54.3462584423827, -15.531861381582601]]]}, "properties": {"bairro": "Residencial Buritis V", "quadra": "30", "numero_lote": "29", "chave": "Residencial Buritis V|30|29", "area_gis_m2": 200.0, "fonte": "MAPA PVA_RESIDENCIAL BURITIS V.dwg"}}, {"type": "Feature", "geometry": {"type": "Polygon", "coordinates": [[[-54.34616685647502, -15.531844859783304], [-54.3462584423827, -15.531861381582601], [-54.346224359525, -15.532038968396849], [-54.3461327735462, -15.532022446571753], [-54.34616685647502, -15.531844859783304]]]}, "properties": {"bairro": "Residencial Buritis V", "quadra": "30", "numero_lote": "28", "chave": "Residencial Buritis V|30|28", "area_gis_m2": 200.0, "fonte": "MAPA PVA_RESIDENCIAL BURITIS V.dwg"}}, {"type": "Feature", "geometry": {"type": "Polygon", "coordinates": [[[-54.346075270588074, -15.53182833794818], [-54.34616685647502, -15.531844859783304], [-54.3461327735462, -15.532022446571753], [-54.346041187588135, -15.532005924710857], [-54.346075270588074, -15.53182833794818]]]}, "properties": {"bairro": "Residencial Buritis V", "quadra": "30", "numero_lote": "27", "chave": "Residencial Buritis V|30|27", "area_gis_m2": 200.0, "fonte": "MAPA PVA_RESIDENCIAL BURITIS V.dwg"}}, {"type": "Feature", "geometry": {"type": "Polygon", "coordinates": [[[-54.34598368472187, -15.53181181607726], [-54.346075270588074, -15.53182833794818], [-54.346041187588135, -15.532005924710857], [-54.3459496016508, -15.531989402814117], [-54.34598368472187, -15.53181181607726]]]}, "properties": {"bairro": "Residencial Buritis V", "quadra": "30", "numero_lote": "26", "chave": "Residencial Buritis V|30|26", "area_gis_m2": 200.0, "fonte": "MAPA PVA_RESIDENCIAL BURITIS V.dwg"}}, {"type": "Feature", "geometry": {"type": "Polygon", "coordinates": [[[-54.345892098876405, -15.531795294170516], [-54.34598368472187, -15.53181181607726], [-54.3459496016508, -15.531989402814117], [-54.3458580157342, -15.531972880881577], [-54.345892098876405, -15.531795294170516]]]}, "properties": {"bairro": "Residencial Buritis V", "quadra": "30", "numero_lote": "25", "chave": "Residencial Buritis V|30|25", "area_gis_m2": 200.0, "fonte": "MAPA PVA_RESIDENCIAL BURITIS V.dwg"}}, {"type": "Feature", "geometry": {"type": "Polygon", "coordinates": [[[-54.34580051305167, -15.531778772227945], [-54.345892098876405, -15.531795294170516], [-54.3458580157342, -15.531972880881577], [-54.34576642983834, -15.531956358913197], [-54.34580051305167, -15.531778772227945]]]}, "properties": {"bairro": "Residencial Buritis V", "quadra": "30", "numero_lote": "24", "chave": "Residencial Buritis V|30|24", "area_gis_m2": 200.0, "fonte": "MAPA PVA_RESIDENCIAL BURITIS V.dwg"}}, {"type": "Feature", "geometry": {"type": "Polygon", "coordinates": [[[-54.34570892724767, -15.53176225024957], [-54.34580051305167, -15.531778772227945], [-54.34576642983834, -15.531956358913197], [-54.34567484396323, -15.531939836909014], [-54.34570892724767, -15.53176225024957]]]}, "properties": {"bairro": "Residencial Buritis V", "quadra": "30", "numero_lote": "23", "chave": "Residencial Buritis V|30|23", "area_gis_m2": 200.0, "fonte": "MAPA PVA_RESIDENCIAL BURITIS V.dwg"}}, {"type": "Feature", "geometry": {"type": "Polygon", "coordinates": [[[-54.34561734146442, -15.531745728235373], [-54.34570892724767, -15.53176225024957], [-54.34567484396323, -15.531939836909014], [-54.345583258108846, -15.531923314869017], [-54.34561734146442, -15.531745728235373]]]}, "properties": {"bairro": "Residencial Buritis V", "quadra": "30", "numero_lote": "22", "chave": "Residencial Buritis V|30|22", "area_gis_m2": 200.0, "fonte": "MAPA PVA_RESIDENCIAL BURITIS V.dwg"}}, {"type": "Feature", "geometry": {"type": "Polygon", "coordinates": [[[-54.34552575570189, -15.531729206185357], [-54.34561734146442, -15.531745728235373], [-54.345583258108846, -15.531923314869017], [-54.3454916722752, -15.531906792793201], [-54.34552575570189, -15.531729206185357]]]}, "properties": {"bairro": "Residencial Buritis V", "quadra": "30", "numero_lote": "21", "chave": "Residencial Buritis V|30|21", "area_gis_m2": 200.0, "fonte": "MAPA PVA_RESIDENCIAL BURITIS V.dwg"}}, {"type": "Feature", "geometry": {"type": "Polygon", "coordinates": [[[-54.34543416996011, -15.531712684099514], [-54.34552575570189, -15.531729206185357], [-54.3454916722752, -15.531906792793201], [-54.34540008646229, -15.531890270681554], [-54.34543416996011, -15.531712684099514]]]}, "properties": {"bairro": "Residencial Buritis V", "quadra": "30", "numero_lote": "20", "chave": "Residencial Buritis V|30|20", "area_gis_m2": 200.0, "fonte": "MAPA PVA_RESIDENCIAL BURITIS V.dwg"}}, {"type": "Feature", "geometry": {"type": "Polygon", "coordinates": [[[-54.34534258423907, -15.53169616197785], [-54.34543416996011, -15.531712684099514], [-54.34540008646229, -15.531890270681554], [-54.34530850067013, -15.5318737485341], [-54.34534258423907, -15.53169616197785]]]}, "properties": {"bairro": "Residencial Buritis V", "quadra": "30", "numero_lote": "19", "chave": "Residencial Buritis V|30|19", "area_gis_m2": 200.0, "fonte": "MAPA PVA_RESIDENCIAL BURITIS V.dwg"}}, {"type": "Feature", "geometry": {"type": "Polygon", "coordinates": [[[-54.34525099853876, -15.531679639820396], [-54.34534258423907, -15.53169616197785], [-54.34530850067013, -15.5318737485341], [-54.3452169148987, -15.531857226350834], [-54.34525099853876, -15.531679639820396]]]}, "properties": {"bairro": "Residencial Buritis V", "quadra": "30", "numero_lote": "18", "chave": "Residencial Buritis V|30|18", "area_gis_m2": 200.0, "fonte": "MAPA PVA_RESIDENCIAL BURITIS V.dwg"}}, {"type": "Feature", "geometry": {"type": "Polygon", "coordinates": [[[-54.345159412859196, -15.531663117627089], [-54.34525099853876, -15.531679639820396], [-54.3452169148987, -15.531857226350834], [-54.345125329148004, -15.531840704131724], [-54.345159412859196, -15.531663117627089]]]}, "properties": {"bairro": "Residencial Buritis V", "quadra": "30", "numero_lote": "17", "chave": "Residencial Buritis V|30|17", "area_gis_m2": 200.0, "fonte": "MAPA PVA_RESIDENCIAL BURITIS V.dwg"}}, {"type": "Feature", "geometry": {"type": "Polygon", "coordinates": [[[-54.34506782720036, -15.531646595397975], [-54.345159412859196, -15.531663117627089], [-54.345125329148004, -15.531840704131724], [-54.34503374341806, -15.53182418187682], [-54.34506782720036, -15.531646595397975]]]}, "properties": {"bairro": "Residencial Buritis V", "quadra": "30", "numero_lote": "16", "chave": "Residencial Buritis V|30|16", "area_gis_m2": 200.0, "fonte": "MAPA PVA_RESIDENCIAL BURITIS V.dwg"}}, {"type": "Feature", "geometry": {"type": "Polygon", "coordinates": [[[-54.344929787369644, -15.532365820532458], [-54.34502137331653, -15.532382342866073], [-54.34498728926936, -15.532559929301978], [-54.34489570325136, -15.53254340694255], [-54.344929787369644, -15.532365820532458]]]}, "properties": {"bairro": "Residencial Buritis V", "quadra": "22", "numero_lote": "15", "chave": "Residencial Buritis V|22|15", "area_gis_m2": 200.0, "fonte": "MAPA PVA_RESIDENCIAL BURITIS V.dwg"}}, {"type": "Feature", "geometry": {"type": "Polygon", "coordinates": [[[-54.34502137331653, -15.532382342866073], [-54.34511295928415, -15.532398865163863], [-54.34507887530811, -15.53257645162558], [-54.34498728926936, -15.532559929301978], [-54.34502137331653, -15.532382342866073]]]}, "properties": {"bairro": "Residencial Buritis V", "quadra": "22", "numero_lote": "14", "chave": "Residencial Buritis V|22|14", "area_gis_m2": 200.0, "fonte": "MAPA PVA_RESIDENCIAL BURITIS V.dwg"}}, {"type": "Feature", "geometry": {"type": "Polygon", "coordinates": [[[-54.34511295928415, -15.532398865163863], [-54.34520454527251, -15.532415387425852], [-54.3451704613676, -15.532592973913351], [-54.34507887530811, -15.53257645162558], [-54.34511295928415, -15.532398865163863]]]}, "properties": {"bairro": "Residencial Buritis V", "quadra": "22", "numero_lote": "13", "chave": "Residencial Buritis V|22|13", "area_gis_m2": 200.0, "fonte": "MAPA PVA_RESIDENCIAL BURITIS V.dwg"}}, {"type": "Feature", "geometry": {"type": "Polygon", "coordinates": [[[-54.34520454527251, -15.532415387425852], [-54.34529613128161, -15.532431909652008], [-54.345262047447825, -15.532609496165326], [-54.3451704613676, -15.532592973913351], [-54.34520454527251, -15.532415387425852]]]}, "properties": {"bairro": "Residencial Buritis V", "quadra": "22", "numero_lote": "12", "chave": "Residencial Buritis V|22|12", "area_gis_m2": 200.0, "fonte": "MAPA PVA_RESIDENCIAL BURITIS V.dwg"}}, {"type": "Feature", "geometry": {"type": "Polygon", "coordinates": [[[-54.34529613128161, -15.532431909652008], [-54.345387717311446, -15.532448431842337], [-54.34535363354879, -15.532626018381478], [-54.345262047447825, -15.532609496165326], [-54.34529613128161, -15.532431909652008]]]}, "properties": {"bairro": "Residencial Buritis V", "quadra": "22", "numero_lote": "11", "chave": "Residencial Buritis V|22|11", "area_gis_m2": 200.0, "fonte": "MAPA PVA_RESIDENCIAL BURITIS V.dwg"}}, {"type": "Feature", "geometry": {"type": "Polygon", "coordinates": [[[-54.345387717311446, -15.532448431842337], [-54.345479303362026, -15.532464953996866], [-54.345445219670495, -15.532642540561797], [-54.34535363354879, -15.532626018381478], [-54.345387717311446, -15.532448431842337]]]}, "properties": {"bairro": "Residencial Buritis V", "quadra": "22", "numero_lote": "10", "chave": "Residencial Buritis V|22|10", "area_gis_m2": 200.0, "fonte": "MAPA PVA_RESIDENCIAL BURITIS V.dwg"}}, {"type": "Feature", "geometry": {"type": "Polygon", "coordinates": [[[-54.345479303362026, -15.532464953996866], [-54.34557088943335, -15.532481476115587], [-54.34553680581294, -15.532659062706296], [-54.345445219670495, -15.532642540561797], [-54.345479303362026, -15.532464953996866]]]}, "properties": {"bairro": "Residencial Buritis V", "quadra": "22", "numero_lote": "9", "chave": "Residencial Buritis V|22|9", "area_gis_m2": 200.0, "fonte": "MAPA PVA_RESIDENCIAL BURITIS V.dwg"}}, {"type": "Feature", "geometry": {"type": "Polygon", "coordinates": [[[-54.34557088943335, -15.532481476115587], [-54.3456624755254, -15.532497998198435], [-54.34562839197613, -15.532675584814978], [-54.34553680581294, -15.532659062706296], [-54.34557088943335, -15.532481476115587]]]}, "properties": {"bairro": "Residencial Buritis V", "quadra": "22", "numero_lote": "8", "chave": "Residencial Buritis V|22|8", "area_gis_m2": 200.0, "fonte": "MAPA PVA_RESIDENCIAL BURITIS V.dwg"}}, {"type": "Feature", "geometry": {"type": "Polygon", "coordinates": [[[-54.3456624755254, -15.532497998198435], [-54.34575406163819, -15.532514520245506], [-54.34571997816005, -15.53269210688785], [-54.34562839197613, -15.532675584814978], [-54.3456624755254, -15.532497998198435]]]}, "properties": {"bairro": "Residencial Buritis V", "quadra": "22", "numero_lote": "7", "chave": "Residencial Buritis V|22|7", "area_gis_m2": 200.0, "fonte": "MAPA PVA_RESIDENCIAL BURITIS V.dwg"}}, {"type": "Feature", "geometry": {"type": "Polygon", "coordinates": [[[-54.34575406163819, -15.532514520245506], [-54.345845647771725, -15.532531042256744], [-54.34581156436471, -15.532708628924885], [-54.34571997816005, -15.53269210688785], [-54.34575406163819, -15.532514520245506]]]}, "properties": {"bairro": "Residencial Buritis V", "quadra": "22", "numero_lote": "6", "chave": "Residencial Buritis V|22|6", "area_gis_m2": 200.0, "fonte": "MAPA PVA_RESIDENCIAL BURITIS V.dwg"}}, {"type": "Feature", "geometry": {"type": "Polygon", "coordinates": [[[-54.345845647771725, -15.532531042256744], [-54.345937233925994, -15.53254756423216], [-54.34590315059011, -15.532725150926094], [-54.34581156436471, -15.532708628924885], [-54.345845647771725, -15.532531042256744]]]}, "properties": {"bairro": "Residencial Buritis V", "quadra": "22", "numero_lote": "5", "chave": "Residencial Buritis V|22|5", "area_gis_m2": 200.0, "fonte": "MAPA PVA_RESIDENCIAL BURITIS V.dwg"}}, {"type": "Feature", "geometry": {"type": "Polygon", "coordinates": [[[-54.345937233925994, -15.53254756423216], [-54.346028820101004, -15.532564086171757], [-54.345994736836246, -15.53274167289151], [-54.34590315059011, -15.532725150926094], [-54.345937233925994, -15.53254756423216]]]}, "properties": {"bairro": "Residencial Buritis V", "quadra": "22", "numero_lote": "4", "chave": "Residencial Buritis V|22|4", "area_gis_m2": 200.0, "fonte": "MAPA PVA_RESIDENCIAL BURITIS V.dwg"}}, {"type": "Feature", "geometry": {"type": "Polygon", "coordinates": [[[-54.346028820101004, -15.532564086171757], [-54.34612040629674, -15.532580608075532], [-54.346086323103115, -15.53275819482108], [-54.345994736836246, -15.53274167289151], [-54.346028820101004, -15.532564086171757]]]}, "properties": {"bairro": "Residencial Buritis V", "quadra": "22", "numero_lote": "3", "chave": "Residencial Buritis V|22|3", "area_gis_m2": 200.0, "fonte": "MAPA PVA_RESIDENCIAL BURITIS V.dwg"}}, {"type": "Feature", "geometry": {"type": "Polygon", "coordinates": [[[-54.34612040629674, -15.532580608075532], [-54.346211992513226, -15.532597129943507], [-54.346177909390725, -15.532774716714833], [-54.346086323103115, -15.53275819482108], [-54.34612040629674, -15.532580608075532]]]}, "properties": {"bairro": "Residencial Buritis V", "quadra": "22", "numero_lote": "2", "chave": "Residencial Buritis V|22|2", "area_gis_m2": 200.0, "fonte": "MAPA PVA_RESIDENCIAL BURITIS V.dwg"}}, {"type": "Feature", "geometry": {"type": "Polygon", "coordinates": [[[-54.34489570325136, -15.53254340694255], [-54.34498728926936, -15.532559929301978], [-54.34495320513924, -15.532737515720921], [-54.34486161905011, -15.532720993335694], [-54.34489570325136, -15.53254340694255]]]}, "properties": {"bairro": "Residencial Buritis V", "quadra": "22", "numero_lote": "16", "chave": "Residencial Buritis V|22|16", "area_gis_m2": 200.0, "fonte": "MAPA PVA_RESIDENCIAL BURITIS V.dwg"}}, {"type": "Feature", "geometry": {"type": "Polygon", "coordinates": [[[-54.34498728926936, -15.532559929301978], [-54.34507887530811, -15.53257645162558], [-54.345044791249116, -15.532754038070337], [-54.34495320513924, -15.532737515720921], [-54.34498728926936, -15.532559929301978]]]}, "properties": {"bairro": "Residencial Buritis V", "quadra": "22", "numero_lote": "17", "chave": "Residencial Buritis V|22|17", "area_gis_m2": 200.0, "fonte": "MAPA PVA_RESIDENCIAL BURITIS V.dwg"}}, {"type": "Feature", "geometry": {"type": "Polygon", "coordinates": [[[-54.34507887530811, -15.53257645162558], [-54.3451704613676, -15.532592973913351], [-54.34513637737973, -15.53277056038392], [-54.345044791249116, -15.532754038070337], [-54.34507887530811, -15.53257645162558]]]}, "properties": {"bairro": "Residencial Buritis V", "quadra": "22", "numero_lote": "18", "chave": "Residencial Buritis V|22|18", "area_gis_m2": 200.0, "fonte": "MAPA PVA_RESIDENCIAL BURITIS V.dwg"}}, {"type": "Feature", "geometry": {"type": "Polygon", "coordinates": [[[-54.3451704613676, -15.532592973913351], [-54.345262047447825, -15.532609496165326], [-54.34522796353108, -15.532787082661688], [-54.34513637737973, -15.53277056038392], [-54.3451704613676, -15.532592973913351]]]}, "properties": {"bairro": "Residencial Buritis V", "quadra": "22", "numero_lote": "19", "chave": "Residencial Buritis V|22|19", "area_gis_m2": 200.0, "fonte": "MAPA PVA_RESIDENCIAL BURITIS V.dwg"}}, {"type": "Feature", "geometry": {"type": "Polygon", "coordinates": [[[-54.345262047447825, -15.532609496165326], [-54.34535363354879, -15.532626018381478], [-54.34531954970317, -15.532803604903645], [-54.34522796353108, -15.532787082661688], [-54.345262047447825, -15.532609496165326]]]}, "properties": {"bairro": "Residencial Buritis V", "quadra": "22", "numero_lote": "20", "chave": "Residencial Buritis V|22|20", "area_gis_m2": 200.0, "fonte": "MAPA PVA_RESIDENCIAL BURITIS V.dwg"}}, {"type": "Feature", "geometry": {"type": "Polygon", "coordinates": [[[-54.34535363354879, -15.532626018381478], [-54.345445219670495, -15.532642540561797], [-54.34541113589601, -15.53282012710977], [-54.34531954970317, -15.532803604903645], [-54.34535363354879, -15.532626018381478]]]}, "properties": {"bairro": "Residencial Buritis V", "quadra": "22", "numero_lote": "21", "chave": "Residencial Buritis V|22|21", "area_gis_m2": 200.0, "fonte": "MAPA PVA_RESIDENCIAL BURITIS V.dwg"}}, {"type": "Feature", "geometry": {"type": "Polygon", "coordinates": [[[-54.345445219670495, -15.532642540561797], [-54.34553680581294, -15.532659062706296], [-54.345502722109586, -15.532836649280064], [-54.34541113589601, -15.53282012710977], [-54.345445219670495, -15.532642540561797]]]}, "properties": {"bairro": "Residencial Buritis V", "quadra": "22", "numero_lote": "22", "chave": "Residencial Buritis V|22|22", "area_gis_m2": 200.0, "fonte": "MAPA PVA_RESIDENCIAL BURITIS V.dwg"}}, {"type": "Feature", "geometry": {"type": "Polygon", "coordinates": [[[-54.34553680581294, -15.532659062706296], [-54.34562839197613, -15.532675584814978], [-54.34559430834389, -15.532853171414544], [-54.345502722109586, -15.532836649280064], [-54.34553680581294, -15.532659062706296]]]}, "properties": {"bairro": "Residencial Buritis V", "quadra": "22", "numero_lote": "23", "chave": "Residencial Buritis V|22|23", "area_gis_m2": 200.0, "fonte": "MAPA PVA_RESIDENCIAL BURITIS V.dwg"}}, {"type": "Feature", "geometry": {"type": "Polygon", "coordinates": [[[-54.34562839197613, -15.532675584814978], [-54.34571997816005, -15.53269210688785], [-54.34568589459895, -15.532869693513218], [-54.34559430834389, -15.532853171414544], [-54.34562839197613, -15.532675584814978]]]}, "properties": {"bairro": "Residencial Buritis V", "quadra": "22", "numero_lote": "24", "chave": "Residencial Buritis V|22|24", "area_gis_m2": 200.0, "fonte": "MAPA PVA_RESIDENCIAL BURITIS V.dwg"}}, {"type": "Feature", "geometry": {"type": "Polygon", "coordinates": [[[-54.34571997816005, -15.53269210688785], [-54.34581156436471, -15.532708628924885], [-54.34577748087474, -15.53288621557606], [-54.34568589459895, -15.532869693513218], [-54.34571997816005, -15.53269210688785]]]}, "properties": {"bairro": "Residencial Buritis V", "quadra": "22", "numero_lote": "25", "chave": "Residencial Buritis V|22|25", "area_gis_m2": 200.0, "fonte": "MAPA PVA_RESIDENCIAL BURITIS V.dwg"}}, {"type": "Feature", "geometry": {"type": "Polygon", "coordinates": [[[-54.34581156436471, -15.532708628924885], [-54.34590315059011, -15.532725150926094], [-54.345869067171265, -15.532902737603072], [-54.34577748087474, -15.53288621557606], [-54.34581156436471, -15.532708628924885]]]}, "properties": {"bairro": "Residencial Buritis V", "quadra": "22", "numero_lote": "26", "chave": "Residencial Buritis V|22|26", "area_gis_m2": 200.0, "fonte": "MAPA PVA_RESIDENCIAL BURITIS V.dwg"}}, {"type": "Feature", "geometry": {"type": "Polygon", "coordinates": [[[-54.34590315059011, -15.532725150926094], [-54.345994736836246, -15.53274167289151], [-54.345960653488525, -15.532919259594287], [-54.345869067171265, -15.532902737603072], [-54.34590315059011, -15.532725150926094]]]}, "properties": {"bairro": "Residencial Buritis V", "quadra": "22", "numero_lote": "27", "chave": "Residencial Buritis V|22|27", "area_gis_m2": 200.0, "fonte": "MAPA PVA_RESIDENCIAL BURITIS V.dwg"}}, {"type": "Feature", "geometry": {"type": "Polygon", "coordinates": [[[-54.345994736836246, -15.53274167289151], [-54.346086323103115, -15.53275819482108], [-54.346052239826534, -15.532935781549655], [-54.345960653488525, -15.532919259594287], [-54.345994736836246, -15.53274167289151]]]}, "properties": {"bairro": "Residencial Buritis V", "quadra": "22", "numero_lote": "28", "chave": "Residencial Buritis V|22|28", "area_gis_m2": 200.0, "fonte": "MAPA PVA_RESIDENCIAL BURITIS V.dwg"}}, {"type": "Feature", "geometry": {"type": "Polygon", "coordinates": [[[-54.346086323103115, -15.53275819482108], [-54.346177909390725, -15.532774716714833], [-54.34614382618528, -15.532952303469228], [-54.346052239826534, -15.532935781549655], [-54.346086323103115, -15.53275819482108]]]}, "properties": {"bairro": "Residencial Buritis V", "quadra": "22", "numero_lote": "29", "chave": "Residencial Buritis V|22|29", "area_gis_m2": 200.0, "fonte": "MAPA PVA_RESIDENCIAL BURITIS V.dwg"}}, {"type": "Feature", "geometry": {"type": "Polygon", "coordinates": [[[-54.34484116848953, -15.532827545163432], [-54.34493275462135, -15.532844067564135], [-54.344898670358475, -15.53302165395595], [-54.34480708415553, -15.533005131529425], [-54.34484116848953, -15.532827545163432]]]}, "properties": {"bairro": "Residencial Buritis V", "quadra": "21", "numero_lote": "15", "chave": "Residencial Buritis V|21|15", "area_gis_m2": 200.0, "fonte": "MAPA PVA_RESIDENCIAL BURITIS V.dwg"}}, {"type": "Feature", "geometry": {"type": "Polygon", "coordinates": [[[-54.3450243407739, -15.532860589929044], [-54.34511592694718, -15.532877112258126], [-54.34508184282658, -15.533054698701502], [-54.34499025658216, -15.533038176346636], [-54.3450243407739, -15.532860589929044]]]}, "properties": {"bairro": "Residencial Buritis V", "quadra": "21", "numero_lote": "13", "chave": "Residencial Buritis V|21|13", "area_gis_m2": 200.0, "fonte": "MAPA PVA_RESIDENCIAL BURITIS V.dwg"}}, {"type": "Feature", "geometry": {"type": "Polygon", "coordinates": [[[-54.34493275462135, -15.532844067564135], [-54.3450243407739, -15.532860589929044], [-54.34499025658216, -15.533038176346636], [-54.344898670358475, -15.53302165395595], [-54.34493275462135, -15.532844067564135]]]}, "properties": {"bairro": "Residencial Buritis V", "quadra": "21", "numero_lote": "14", "chave": "Residencial Buritis V|21|14", "area_gis_m2": 200.0, "fonte": "MAPA PVA_RESIDENCIAL BURITIS V.dwg"}}, {"type": "Feature", "geometry": {"type": "Polygon", "coordinates": [[[-54.34511592694718, -15.532877112258126], [-54.34520751314122, -15.53289363455137], [-54.34517342909174, -15.533071221020558], [-54.34508184282658, -15.533054698701502], [-54.34511592694718, -15.532877112258126]]]}, "properties": {"bairro": "Residencial Buritis V", "quadra": "21", "numero_lote": "12", "chave": "Residencial Buritis V|21|12", "area_gis_m2": 200.0, "fonte": "MAPA PVA_RESIDENCIAL BURITIS V.dwg"}}, {"type": "Feature", "geometry": {"type": "Polygon", "coordinates": [[[-54.34520751314122, -15.53289363455137], [-54.345299099355984, -15.532910156808795], [-54.345265015377635, -15.533087743303787], [-54.34517342909174, -15.533071221020558], [-54.34520751314122, -15.53289363455137]]]}, "properties": {"bairro": "Residencial Buritis V", "quadra": "21", "numero_lote": "11", "chave": "Residencial Buritis V|21|11", "area_gis_m2": 200.0, "fonte": "MAPA PVA_RESIDENCIAL BURITIS V.dwg"}}, {"type": "Feature", "geometry": {"type": "Polygon", "coordinates": [[[-54.345299099355984, -15.532910156808795], [-54.3453906855915, -15.5329266790304], [-54.34535660168427, -15.533104265551213], [-54.345265015377635, -15.533087743303787], [-54.345299099355984, -15.532910156808795]]]}, "properties": {"bairro": "Residencial Buritis V", "quadra": "21", "numero_lote": "10", "chave": "Residencial Buritis V|21|10", "area_gis_m2": 200.0, "fonte": "MAPA PVA_RESIDENCIAL BURITIS V.dwg"}}, {"type": "Feature", "geometry": {"type": "Polygon", "coordinates": [[[-54.3453906855915, -15.5329266790304], [-54.34548227184775, -15.532943201216176], [-54.34544818801166, -15.533120787762801], [-54.34535660168427, -15.533104265551213], [-54.3453906855915, -15.5329266790304]]]}, "properties": {"bairro": "Residencial Buritis V", "quadra": "21", "numero_lote": "9", "chave": "Residencial Buritis V|21|9", "area_gis_m2": 200.0, "fonte": "MAPA PVA_RESIDENCIAL BURITIS V.dwg"}}, {"type": "Feature", "geometry": {"type": "Polygon", "coordinates": [[[-54.34548227184775, -15.532943201216176], [-54.34557385812474, -15.532959723366153], [-54.34553977435978, -15.533137309938557], [-54.34544818801166, -15.533120787762801], [-54.34548227184775, -15.532943201216176]]]}, "properties": {"bairro": "Residencial Buritis V", "quadra": "21", "numero_lote": "8", "chave": "Residencial Buritis V|21|8", "area_gis_m2": 200.0, "fonte": "MAPA PVA_RESIDENCIAL BURITIS V.dwg"}}, {"type": "Feature", "geometry": {"type": "Polygon", "coordinates": [[[-54.34557385812474, -15.532959723366153], [-54.345665444422465, -15.532976245480295], [-54.34563136072864, -15.533153832078513], [-54.34553977435978, -15.533137309938557], [-54.34557385812474, -15.532959723366153]]]}, "properties": {"bairro": "Residencial Buritis V", "quadra": "21", "numero_lote": "7", "chave": "Residencial Buritis V|21|7", "area_gis_m2": 200.0, "fonte": "MAPA PVA_RESIDENCIAL BURITIS V.dwg"}}, {"type": "Feature", "geometry": {"type": "Polygon", "coordinates": [[[-54.345665444422465, -15.532976245480295], [-54.34575703074094, -15.532992767558618], [-54.34572294711824, -15.533170354182639], [-54.34563136072864, -15.533153832078513], [-54.345665444422465, -15.532976245480295]]]}, "properties": {"bairro": "Residencial Buritis V", "quadra": "21", "numero_lote": "6", "chave": "Residencial Buritis V|21|6", "area_gis_m2": 200.0, "fonte": "MAPA PVA_RESIDENCIAL BURITIS V.dwg"}}, {"type": "Feature", "geometry": {"type": "Polygon", "coordinates": [[[-54.34575703074094, -15.532992767558618], [-54.345848617080144, -15.533009289601136], [-54.34581453352858, -15.533186876250937], [-54.34572294711824, -15.533170354182639], [-54.34575703074094, -15.532992767558618]]]}, "properties": {"bairro": "Residencial Buritis V", "quadra": "21", "numero_lote": "5", "chave": "Residencial Buritis V|21|5", "area_gis_m2": 200.0, "fonte": "MAPA PVA_RESIDENCIAL BURITIS V.dwg"}}, {"type": "Feature", "geometry": {"type": "Polygon", "coordinates": [[[-54.345848617080144, -15.533009289601136], [-54.34594020344009, -15.533025811607809], [-54.34590611995966, -15.533203398283417], [-54.34581453352858, -15.533186876250937], [-54.345848617080144, -15.533009289601136]]]}, "properties": {"bairro": "Residencial Buritis V", "quadra": "21", "numero_lote": "4", "chave": "Residencial Buritis V|21|4", "area_gis_m2": 200.0, "fonte": "MAPA PVA_RESIDENCIAL BURITIS V.dwg"}}, {"type": "Feature", "geometry": {"type": "Polygon", "coordinates": [[[-54.34594020344009, -15.533025811607809], [-54.34603178982077, -15.533042333578654], [-54.345997706411474, -15.533219920280095], [-54.34590611995966, -15.533203398283417], [-54.34594020344009, -15.533025811607809]]]}, "properties": {"bairro": "Residencial Buritis V", "quadra": "21", "numero_lote": "3", "chave": "Residencial Buritis V|21|3", "area_gis_m2": 200.0, "fonte": "MAPA PVA_RESIDENCIAL BURITIS V.dwg"}}, {"type": "Feature", "geometry": {"type": "Polygon", "coordinates": [[[-54.34603178982077, -15.533042333578654], [-54.346123376222195, -15.533058855513689], [-54.346089292884024, -15.533236442240925], [-54.345997706411474, -15.533219920280095], [-54.34603178982077, -15.533042333578654]]]}, "properties": {"bairro": "Residencial Buritis V", "quadra": "21", "numero_lote": "2", "chave": "Residencial Buritis V|21|2", "area_gis_m2": 200.0, "fonte": "MAPA PVA_RESIDENCIAL BURITIS V.dwg"}}, {"type": "Feature", "geometry": {"type": "Polygon", "coordinates": [[[-54.34480708415554, -15.533005131529425], [-54.344898670358475, -15.53302165395595], [-54.34486458601265, -15.533199240330763], [-54.34477299973858, -15.533182717878434], [-54.34480708415554, -15.533005131529425]]]}, "properties": {"bairro": "Residencial Buritis V", "quadra": "21", "numero_lote": "16", "chave": "Residencial Buritis V|21|16", "area_gis_m2": 200.0, "fonte": "MAPA PVA_RESIDENCIAL BURITIS V.dwg"}}, {"type": "Feature", "geometry": {"type": "Polygon", "coordinates": [[[-54.344898670358475, -15.53302165395595], [-54.34499025658216, -15.533038176346636], [-54.344956172307455, -15.533215762747272], [-54.34486458601265, -15.533199240330763], [-54.344898670358475, -15.53302165395595]]]}, "properties": {"bairro": "Residencial Buritis V", "quadra": "21", "numero_lote": "17", "chave": "Residencial Buritis V|21|17", "area_gis_m2": 200.0, "fonte": "MAPA PVA_RESIDENCIAL BURITIS V.dwg"}}, {"type": "Feature", "geometry": {"type": "Polygon", "coordinates": [[[-54.34499025658216, -15.533038176346636], [-54.34508184282658, -15.533054698701502], [-54.345047758623004, -15.533232285127943], [-54.344956172307455, -15.533215762747272], [-54.34499025658216, -15.533038176346636]]]}, "properties": {"bairro": "Residencial Buritis V", "quadra": "21", "numero_lote": "18", "chave": "Residencial Buritis V|21|18", "area_gis_m2": 200.0, "fonte": "MAPA PVA_RESIDENCIAL BURITIS V.dwg"}}, {"type": "Feature", "geometry": {"type": "Polygon", "coordinates": [[[-54.34508184282658, -15.533054698701502], [-54.34517342909174, -15.533071221020558], [-54.3451393449593, -15.533248807472805], [-54.345047758623004, -15.533232285127943], [-54.34508184282658, -15.533054698701502]]]}, "properties": {"bairro": "Residencial Buritis V", "quadra": "21", "numero_lote": "19", "chave": "Residencial Buritis V|21|19", "area_gis_m2": 200.0, "fonte": "MAPA PVA_RESIDENCIAL BURITIS V.dwg"}}, {"type": "Feature", "geometry": {"type": "Polygon", "coordinates": [[[-54.34517342909174, -15.533071221020558], [-54.345265015377635, -15.533087743303787], [-54.34523093131632, -15.533265329781827], [-54.3451393449593, -15.533248807472805], [-54.34517342909174, -15.533071221020558]]]}, "properties": {"bairro": "Residencial Buritis V", "quadra": "21", "numero_lote": "20", "chave": "Residencial Buritis V|21|20", "area_gis_m2": 200.0, "fonte": "MAPA PVA_RESIDENCIAL BURITIS V.dwg"}}, {"type": "Feature", "geometry": {"type": "Polygon", "coordinates": [[[-54.345265015377635, -15.533087743303787], [-54.34535660168427, -15.533104265551213], [-54.34532251769409, -15.533281852055053], [-54.34523093131632, -15.533265329781827], [-54.345265015377635, -15.533087743303787]]]}, "properties": {"bairro": "Residencial Buritis V", "quadra": "21", "numero_lote": "21", "chave": "Residencial Buritis V|21|21", "area_gis_m2": 200.0, "fonte": "MAPA PVA_RESIDENCIAL BURITIS V.dwg"}}, {"type": "Feature", "geometry": {"type": "Polygon", "coordinates": [[[-54.34535660168427, -15.533104265551213], [-54.34544818801166, -15.533120787762801], [-54.345414104092605, -15.533298374292443], [-54.34532251769409, -15.533281852055053], [-54.34535660168427, -15.533104265551213]]]}, "properties": {"bairro": "Residencial Buritis V", "quadra": "21", "numero_lote": "22", "chave": "Residencial Buritis V|21|22", "area_gis_m2": 200.0, "fonte": "MAPA PVA_RESIDENCIAL BURITIS V.dwg"}}, {"type": "Feature", "geometry": {"type": "Polygon", "coordinates": [[[-54.34544818801166, -15.533120787762801], [-54.34553977435978, -15.533137309938557], [-54.34550569051186, -15.53331489649403], [-54.345414104092605, -15.533298374292443], [-54.34544818801166, -15.533120787762801]]]}, "properties": {"bairro": "Residencial Buritis V", "quadra": "21", "numero_lote": "23", "chave": "Residencial Buritis V|21|23", "area_gis_m2": 200.0, "fonte": "MAPA PVA_RESIDENCIAL BURITIS V.dwg"}}, {"type": "Feature", "geometry": {"type": "Polygon", "coordinates": [[[-54.34553977435978, -15.533137309938557], [-54.34563136072864, -15.533153832078513], [-54.34559727695186, -15.53333141865978], [-54.34550569051186, -15.53331489649403], [-54.34553977435978, -15.533137309938557]]]}, "properties": {"bairro": "Residencial Buritis V", "quadra": "21", "numero_lote": "24", "chave": "Residencial Buritis V|21|24", "area_gis_m2": 200.0, "fonte": "MAPA PVA_RESIDENCIAL BURITIS V.dwg"}}, {"type": "Feature", "geometry": {"type": "Polygon", "coordinates": [[[-54.34563136072864, -15.533153832078513], [-54.34572294711824, -15.533170354182639], [-54.34568886341258, -15.533347940789701], [-54.34559727695186, -15.53333141865978], [-54.34563136072864, -15.533153832078513]]]}, "properties": {"bairro": "Residencial Buritis V", "quadra": "21", "numero_lote": "25", "chave": "Residencial Buritis V|21|25", "area_gis_m2": 200.0, "fonte": "MAPA PVA_RESIDENCIAL BURITIS V.dwg"}}, {"type": "Feature", "geometry": {"type": "Polygon", "coordinates": [[[-54.34572294711824, -15.533170354182639], [-54.34581453352858, -15.533186876250937], [-54.34578044989406, -15.53336446288381], [-54.34568886341258, -15.533347940789701], [-54.34572294711824, -15.533170354182639]]]}, "properties": {"bairro": "Residencial Buritis V", "quadra": "21", "numero_lote": "26", "chave": "Residencial Buritis V|21|26", "area_gis_m2": 200.0, "fonte": "MAPA PVA_RESIDENCIAL BURITIS V.dwg"}}, {"type": "Feature", "geometry": {"type": "Polygon", "coordinates": [[[-54.34581453352858, -15.533186876250937], [-54.34590611995966, -15.533203398283417], [-54.34587203639626, -15.533380984942099], [-54.34578044989406, -15.53336446288381], [-54.34581453352858, -15.533186876250937]]]}, "properties": {"bairro": "Residencial Buritis V", "quadra": "21", "numero_lote": "27", "chave": "Residencial Buritis V|21|27", "area_gis_m2": 200.0, "fonte": "MAPA PVA_RESIDENCIAL BURITIS V.dwg"}}, {"type": "Feature", "geometry": {"type": "Polygon", "coordinates": [[[-54.34590611995966, -15.533203398283417], [-54.34599770641147, -15.533219920280095], [-54.345963622919214, -15.533397506964556], [-54.34587203639626, -15.533380984942099], [-54.34590611995966, -15.533203398283417]]]}, "properties": {"bairro": "Residencial Buritis V", "quadra": "21", "numero_lote": "28", "chave": "Residencial Buritis V|21|28", "area_gis_m2": 200.0, "fonte": "MAPA PVA_RESIDENCIAL BURITIS V.dwg"}}, {"type": "Feature", "geometry": {"type": "Polygon", "coordinates": [[[-54.34599770641147, -15.533219920280095], [-54.346089292884024, -15.533236442240925], [-54.3460552094629, -15.533414028951189], [-54.345963622919214, -15.533397506964556], [-54.34599770641147, -15.533219920280095]]]}, "properties": {"bairro": "Residencial Buritis V", "quadra": "21", "numero_lote": "29", "chave": "Residencial Buritis V|21|29", "area_gis_m2": 200.0, "fonte": "MAPA PVA_RESIDENCIAL BURITIS V.dwg"}}, {"type": "Feature", "geometry": {"type": "Polygon", "coordinates": [[[-54.34475254904858, -15.533289269679715], [-54.34484413536532, -15.533305792147514], [-54.34480749454751, -15.53349669747058], [-54.3447159081543, -15.533480174975015], [-54.34475254904858, -15.533289269679715]]]}, "properties": {"bairro": "Residencial Buritis V", "quadra": "15", "numero_lote": "15", "chave": "Residencial Buritis V|15|15", "area_gis_m2": 215.0, "fonte": "MAPA PVA_RESIDENCIAL BURITIS V.dwg"}}, {"type": "Feature", "geometry": {"type": "Polygon", "coordinates": [[[-54.34484413536532, -15.533305792147514], [-54.344935721702804, -15.533322314579495], [-54.34489908096146, -15.533513219930292], [-54.34480749454751, -15.53349669747058], [-54.34484413536532, -15.533305792147514]]]}, "properties": {"bairro": "Residencial Buritis V", "quadra": "15", "numero_lote": "14", "chave": "Residencial Buritis V|15|14", "area_gis_m2": 215.0, "fonte": "MAPA PVA_RESIDENCIAL BURITIS V.dwg"}}, {"type": "Feature", "geometry": {"type": "Polygon", "coordinates": [[[-54.344935721702804, -15.533322314579495], [-54.345027308061034, -15.533338836975673], [-54.34499066739616, -15.533529742354215], [-54.34489908096146, -15.533513219930292], [-54.344935721702804, -15.533322314579495]]]}, "properties": {"bairro": "Residencial Buritis V", "quadra": "15", "numero_lote": "13", "chave": "Residencial Buritis V|15|13", "area_gis_m2": 215.0, "fonte": "MAPA PVA_RESIDENCIAL BURITIS V.dwg"}}, {"type": "Feature", "geometry": {"type": "Polygon", "coordinates": [[[-54.345027308061034, -15.533338836975673], [-54.345118894440006, -15.533355359336015], [-54.345082253851594, -15.533546264742293], [-54.34499066739616, -15.533529742354215], [-54.345027308061034, -15.533338836975673]]]}, "properties": {"bairro": "Residencial Buritis V", "quadra": "15", "numero_lote": "12", "chave": "Residencial Buritis V|15|12", "area_gis_m2": 215.0, "fonte": "MAPA PVA_RESIDENCIAL BURITIS V.dwg"}}, {"type": "Feature", "geometry": {"type": "Polygon", "coordinates": [[[-54.345118894440006, -15.533355359336015], [-54.34521048083972, -15.533371881660525], [-54.34517384032777, -15.53356278709455], [-54.345082253851594, -15.533546264742293], [-54.345118894440006, -15.533355359336015]]]}, "properties": {"bairro": "Residencial Buritis V", "quadra": "15", "numero_lote": "11", "chave": "Residencial Buritis V|15|11", "area_gis_m2": 215.0, "fonte": "MAPA PVA_RESIDENCIAL BURITIS V.dwg"}}, {"type": "Feature", "geometry": {"type": "Polygon", "coordinates": [[[-54.34521048083972, -15.533371881660525], [-54.345302067260164, -15.533388403949223], [-54.34526542682468, -15.533579309411005], [-54.34517384032777, -15.53356278709455], [-54.34521048083972, -15.533371881660525]]]}, "properties": {"bairro": "Residencial Buritis V", "quadra": "15", "numero_lote": "10", "chave": "Residencial Buritis V|15|10", "area_gis_m2": 215.0, "fonte": "MAPA PVA_RESIDENCIAL BURITIS V.dwg"}}, {"type": "Feature", "geometry": {"type": "Polygon", "coordinates": [[[-54.345302067260164, -15.533388403949223], [-54.345393653701365, -15.533404926202094], [-54.345357013342344, -15.533595831691622], [-54.34526542682468, -15.533579309411005], [-54.345302067260164, -15.533388403949223]]]}, "properties": {"bairro": "Residencial Buritis V", "quadra": "15", "numero_lote": "9", "chave": "Residencial Buritis V|15|9", "area_gis_m2": 215.0, "fonte": "MAPA PVA_RESIDENCIAL BURITIS V.dwg"}}, {"type": "Feature", "geometry": {"type": "Polygon", "coordinates": [[[-54.345393653701365, -15.533404926202094], [-54.34548524016329, -15.53342144841916], [-54.34544859988074, -15.533612353936402], [-54.345357013342344, -15.533595831691622], [-54.345393653701365, -15.533404926202094]]]}, "properties": {"bairro": "Residencial Buritis V", "quadra": "15", "numero_lote": "8", "chave": "Residencial Buritis V|15|8", "area_gis_m2": 215.0, "fonte": "MAPA PVA_RESIDENCIAL BURITIS V.dwg"}}, {"type": "Feature", "geometry": {"type": "Polygon", "coordinates": [[[-54.34548524016329, -15.53342144841916], [-54.34557682664596, -15.533437970600405], [-54.345540186439884, -15.533628876145368], [-54.34544859988074, -15.533612353936402], [-54.34548524016329, -15.53342144841916]]]}, "properties": {"bairro": "Residencial Buritis V", "quadra": "15", "numero_lote": "7", "chave": "Residencial Buritis V|15|7", "area_gis_m2": 215.0, "fonte": "MAPA PVA_RESIDENCIAL BURITIS V.dwg"}}, {"type": "Feature", "geometry": {"type": "Polygon", "coordinates": [[[-54.34557682664596, -15.533437970600405], [-54.34566841314937, -15.533454492745813], [-54.34563177301976, -15.533645398318518], [-54.345540186439884, -15.533628876145368], [-54.34557682664596, -15.533437970600405]]]}, "properties": {"bairro": "Residencial Buritis V", "quadra": "15", "numero_lote": "6", "chave": "Residencial Buritis V|15|6", "area_gis_m2": 215.0, "fonte": "MAPA PVA_RESIDENCIAL BURITIS V.dwg"}}, {"type": "Feature", "geometry": {"type": "Polygon", "coordinates": [[[-54.34566841314937, -15.533454492745813], [-54.345759999673525, -15.533471014855389], [-54.34572335962038, -15.533661920455856], [-54.34563177301976, -15.533645398318518], [-54.34566841314937, -15.533454492745813]]]}, "properties": {"bairro": "Residencial Buritis V", "quadra": "15", "numero_lote": "5", "chave": "Residencial Buritis V|15|5", "area_gis_m2": 215.0, "fonte": "MAPA PVA_RESIDENCIAL BURITIS V.dwg"}}, {"type": "Feature", "geometry": {"type": "Polygon", "coordinates": [[[-54.345759999673525, -15.533471014855389], [-54.34585158621841, -15.533487536929146], [-54.34581494624174, -15.533678442557358], [-54.34572335962038, -15.533661920455856], [-54.345759999673525, -15.533471014855389]]]}, "properties": {"bairro": "Residencial Buritis V", "quadra": "15", "numero_lote": "4", "chave": "Residencial Buritis V|15|4", "area_gis_m2": 215.0, "fonte": "MAPA PVA_RESIDENCIAL BURITIS V.dwg"}}, {"type": "Feature", "geometry": {"type": "Polygon", "coordinates": [[[-54.34585158621841, -15.533487536929146], [-54.34594317278405, -15.533504058967104], [-54.34590653288384, -15.533694964623049], [-54.34581494624174, -15.533678442557358], [-54.34585158621841, -15.533487536929146]]]}, "properties": {"bairro": "Residencial Buritis V", "quadra": "15", "numero_lote": "3", "chave": "Residencial Buritis V|15|3", "area_gis_m2": 215.0, "fonte": "MAPA PVA_RESIDENCIAL BURITIS V.dwg"}}, {"type": "Feature", "geometry": {"type": "Polygon", "coordinates": [[[-54.34594317278405, -15.533504058967104], [-54.34603475937041, -15.533520580969219], [-54.34599811954668, -15.533711486652901], [-54.34590653288384, -15.533694964623049], [-54.34594317278405, -15.533504058967104]]]}, "properties": {"bairro": "Residencial Buritis V", "quadra": "15", "numero_lote": "2", "chave": "Residencial Buritis V|15|2", "area_gis_m2": 215.0, "fonte": "MAPA PVA_RESIDENCIAL BURITIS V.dwg"}}, {"type": "Feature", "geometry": {"type": "Polygon", "coordinates": [[[-54.3447159081543, -15.533480174975015], [-54.34480749454751, -15.53349669747058], [-54.34477085363382, -15.533687602774028], [-54.344679267164146, -15.533671080250718], [-54.3447159081543, -15.533480174975015]]]}, "properties": {"bairro": "Residencial Buritis V", "quadra": "15", "numero_lote": "16", "chave": "Residencial Buritis V|15|16", "area_gis_m2": 215.0, "fonte": "MAPA PVA_RESIDENCIAL BURITIS V.dwg"}}, {"type": "Feature", "geometry": {"type": "Polygon", "coordinates": [[[-54.34480749454751, -15.53349669747058], [-54.34489908096146, -15.533513219930292], [-54.34486244012424, -15.533704125261494], [-54.34477085363382, -15.533687602774028], [-54.34480749454751, -15.53349669747058]]]}, "properties": {"bairro": "Residencial Buritis V", "quadra": "15", "numero_lote": "17", "chave": "Residencial Buritis V|15|17", "area_gis_m2": 215.0, "fonte": "MAPA PVA_RESIDENCIAL BURITIS V.dwg"}}, {"type": "Feature", "geometry": {"type": "Polygon", "coordinates": [[[-54.34489908096146, -15.533513219930292], [-54.344990667396154, -15.533529742354215], [-54.3449540266354, -15.533720647713139], [-54.34486244012424, -15.533704125261494], [-54.34489908096146, -15.533513219930292]]]}, "properties": {"bairro": "Residencial Buritis V", "quadra": "15", "numero_lote": "18", "chave": "Residencial Buritis V|15|18", "area_gis_m2": 215.0, "fonte": "MAPA PVA_RESIDENCIAL BURITIS V.dwg"}}, {"type": "Feature", "geometry": {"type": "Polygon", "coordinates": [[[-54.344990667396154, -15.533529742354215], [-54.345082253851594, -15.533546264742293], [-54.3450456131673, -15.53373717012896], [-54.3449540266354, -15.533720647713139], [-54.344990667396154, -15.533529742354215]]]}, "properties": {"bairro": "Residencial Buritis V", "quadra": "15", "numero_lote": "19", "chave": "Residencial Buritis V|15|19", "area_gis_m2": 215.0, "fonte": "MAPA PVA_RESIDENCIAL BURITIS V.dwg"}}, {"type": "Feature", "geometry": {"type": "Polygon", "coordinates": [[[-54.345082253851594, -15.533546264742293], [-54.34517384032777, -15.53356278709455], [-54.34513719971994, -15.533753692508968], [-54.3450456131673, -15.53373717012896], [-54.345082253851594, -15.533546264742293]]]}, "properties": {"bairro": "Residencial Buritis V", "quadra": "15", "numero_lote": "20", "chave": "Residencial Buritis V|15|20", "area_gis_m2": 215.0, "fonte": "MAPA PVA_RESIDENCIAL BURITIS V.dwg"}}, {"type": "Feature", "geometry": {"type": "Polygon", "coordinates": [[[-54.34517384032777, -15.53356278709455], [-54.34526542682468, -15.533579309411005], [-54.34522878629333, -15.533770214853147], [-54.34513719971994, -15.533753692508968], [-54.34517384032777, -15.53356278709455]]]}, "properties": {"bairro": "Residencial Buritis V", "quadra": "15", "numero_lote": "21", "chave": "Residencial Buritis V|15|21", "area_gis_m2": 215.0, "fonte": "MAPA PVA_RESIDENCIAL BURITIS V.dwg"}}, {"type": "Feature", "geometry": {"type": "Polygon", "coordinates": [[[-54.34526542682468, -15.533579309411005], [-54.345357013342344, -15.533595831691622], [-54.34532037288746, -15.533786737161506], [-54.34522878629333, -15.533770214853147], [-54.34526542682468, -15.533579309411005]]]}, "properties": {"bairro": "Residencial Buritis V", "quadra": "15", "numero_lote": "22", "chave": "Residencial Buritis V|15|22", "area_gis_m2": 215.0, "fonte": "MAPA PVA_RESIDENCIAL BURITIS V.dwg"}}, {"type": "Feature", "geometry": {"type": "Polygon", "coordinates": [[[-54.345357013342344, -15.533595831691622], [-54.34544859988074, -15.533612353936402], [-54.34541195950233, -15.533803259434045], [-54.34532037288746, -15.533786737161506], [-54.345357013342344, -15.533595831691622]]]}, "properties": {"bairro": "Residencial Buritis V", "quadra": "15", "numero_lote": "23", "chave": "Residencial Buritis V|15|23", "area_gis_m2": 215.0, "fonte": "MAPA PVA_RESIDENCIAL BURITIS V.dwg"}}, {"type": "Feature", "geometry": {"type": "Polygon", "coordinates": [[[-54.34544859988074, -15.533612353936402], [-54.345540186439884, -15.533628876145368], [-54.34550354613794, -15.533819781670767], [-54.34541195950233, -15.533803259434045], [-54.34544859988074, -15.533612353936402]]]}, "properties": {"bairro": "Residencial Buritis V", "quadra": "15", "numero_lote": "24", "chave": "Residencial Buritis V|15|24", "area_gis_m2": 215.0, "fonte": "MAPA PVA_RESIDENCIAL BURITIS V.dwg"}}, {"type": "Feature", "geometry": {"type": "Polygon", "coordinates": [[[-54.345540186439884, -15.533628876145368], [-54.34563177301976, -15.533645398318518], [-54.34559513279428, -15.533836303871649], [-54.34550354613794, -15.533819781670767], [-54.345540186439884, -15.533628876145368]]]}, "properties": {"bairro": "Residencial Buritis V", "quadra": "15", "numero_lote": "25", "chave": "Residencial Buritis V|15|25", "area_gis_m2": 215.0, "fonte": "MAPA PVA_RESIDENCIAL BURITIS V.dwg"}}, {"type": "Feature", "geometry": {"type": "Polygon", "coordinates": [[[-54.34563177301976, -15.533645398318518], [-54.34572335962038, -15.533661920455856], [-54.345686719471374, -15.533852826036707], [-54.34559513279428, -15.533836303871649], [-54.34563177301976, -15.533645398318518]]]}, "properties": {"bairro": "Residencial Buritis V", "quadra": "15", "numero_lote": "26", "chave": "Residencial Buritis V|15|26", "area_gis_m2": 215.0, "fonte": "MAPA PVA_RESIDENCIAL BURITIS V.dwg"}}, {"type": "Feature", "geometry": {"type": "Polygon", "coordinates": [[[-54.34572335962038, -15.533661920455856], [-54.34581494624174, -15.533678442557358], [-54.3457783061692, -15.533869348165945], [-54.345686719471374, -15.533852826036707], [-54.34572335962038, -15.533661920455856]]]}, "properties": {"bairro": "Residencial Buritis V", "quadra": "15", "numero_lote": "27", "chave": "Residencial Buritis V|15|27", "area_gis_m2": 215.0, "fonte": "MAPA PVA_RESIDENCIAL BURITIS V.dwg"}}, {"type": "Feature", "geometry": {"type": "Polygon", "coordinates": [[[-54.344628140040896, -15.533937459672428], [-54.34471972661727, -15.533953982234417], [-54.34468478971527, -15.534136008177079], [-54.34459320306597, -15.534119485588622], [-54.344628140040896, -15.533937459672428]]]}, "properties": {"bairro": "Residencial Buritis V", "quadra": "12", "numero_lote": "15", "chave": "Residencial Buritis V|12|15", "area_gis_m2": 205.0, "fonte": "MAPA PVA_RESIDENCIAL BURITIS V.dwg"}}, {"type": "Feature", "geometry": {"type": "Polygon", "coordinates": [[[-54.34471972661727, -15.533953982234417], [-54.34481131321439, -15.533970504760601], [-54.3447763763853, -15.5341525307297], [-54.34468478971527, -15.534136008177079], [-54.34471972661727, -15.533953982234417]]]}, "properties": {"bairro": "Residencial Buritis V", "quadra": "12", "numero_lote": "14", "chave": "Residencial Buritis V|12|14", "area_gis_m2": 205.0, "fonte": "MAPA PVA_RESIDENCIAL BURITIS V.dwg"}}, {"type": "Feature", "geometry": {"type": "Polygon", "coordinates": [[[-54.34481131321439, -15.533970504760601], [-54.34490289983225, -15.533987027250976], [-54.34486796307607, -15.534169053246506], [-54.3447763763853, -15.5341525307297], [-54.34481131321439, -15.533970504760601]]]}, "properties": {"bairro": "Residencial Buritis V", "quadra": "12", "numero_lote": "13", "chave": "Residencial Buritis V|12|13", "area_gis_m2": 205.0, "fonte": "MAPA PVA_RESIDENCIAL BURITIS V.dwg"}}, {"type": "Feature", "geometry": {"type": "Polygon", "coordinates": [[[-54.34490289983225, -15.533987027250976], [-54.34499448647085, -15.53400354970551], [-54.34495954978758, -15.534185575727495], [-54.34486796307607, -15.534169053246506], [-54.34490289983225, -15.533987027250976]]]}, "properties": {"bairro": "Residencial Buritis V", "quadra": "12", "numero_lote": "12", "chave": "Residencial Buritis V|12|12", "area_gis_m2": 205.0, "fonte": "MAPA PVA_RESIDENCIAL BURITIS V.dwg"}}, {"type": "Feature", "geometry": {"type": "Polygon", "coordinates": [[[-54.34499448647085, -15.53400354970551], [-54.345086073130204, -15.534020072124214], [-54.34505113651984, -15.534202098172674], [-54.34495954978758, -15.534185575727495], [-54.34499448647085, -15.53400354970551]]]}, "properties": {"bairro": "Residencial Buritis V", "quadra": "12", "numero_lote": "11", "chave": "Residencial Buritis V|12|11", "area_gis_m2": 205.0, "fonte": "MAPA PVA_RESIDENCIAL BURITIS V.dwg"}}, {"type": "Feature", "geometry": {"type": "Polygon", "coordinates": [[[-54.345086073130204, -15.534020072124214], [-54.34517765981028, -15.534036594507105], [-54.34514272327284, -15.534218620582008], [-54.34505113651984, -15.534202098172674], [-54.345086073130204, -15.534020072124214]]]}, "properties": {"bairro": "Residencial Buritis V", "quadra": "12", "numero_lote": "10", "chave": "Residencial Buritis V|12|10", "area_gis_m2": 205.0, "fonte": "MAPA PVA_RESIDENCIAL BURITIS V.dwg"}}, {"type": "Feature", "geometry": {"type": "Polygon", "coordinates": [[[-54.34517765981028, -15.534036594507105], [-54.345269246511116, -15.534053116854187], [-54.345234310046585, -15.53423514295554], [-54.34514272327284, -15.534218620582008], [-54.34517765981028, -15.534036594507105]]]}, "properties": {"bairro": "Residencial Buritis V", "quadra": "12", "numero_lote": "9", "chave": "Residencial Buritis V|12|9", "area_gis_m2": 205.0, "fonte": "MAPA PVA_RESIDENCIAL BURITIS V.dwg"}}, {"type": "Feature", "geometry": {"type": "Polygon", "coordinates": [[[-54.345269246511116, -15.534053116854187], [-54.34536083323268, -15.534069639165425], [-54.34532589684107, -15.534251665293228], [-54.345234310046585, -15.53423514295554], [-54.345269246511116, -15.534053116854187]]]}, "properties": {"bairro": "Residencial Buritis V", "quadra": "12", "numero_lote": "8", "chave": "Residencial Buritis V|12|8", "area_gis_m2": 205.0, "fonte": "MAPA PVA_RESIDENCIAL BURITIS V.dwg"}}, {"type": "Feature", "geometry": {"type": "Polygon", "coordinates": [[[-54.34536083323268, -15.534069639165425], [-54.345452419975, -15.53408616144083], [-54.3454174836563, -15.534268187595092], [-54.34532589684107, -15.534251665293228], [-54.34536083323268, -15.534069639165425]]]}, "properties": {"bairro": "Residencial Buritis V", "quadra": "12", "numero_lote": "7", "chave": "Residencial Buritis V|12|7", "area_gis_m2": 205.0, "fonte": "MAPA PVA_RESIDENCIAL BURITIS V.dwg"}}, {"type": "Feature", "geometry": {"type": "Polygon", "coordinates": [[[-54.345452419975, -15.53408616144083], [-54.345544006738045, -15.534102683680425], [-54.34550907049227, -15.534284709861133], [-54.3454174836563, -15.534268187595092], [-54.345452419975, -15.53408616144083]]]}, "properties": {"bairro": "Residencial Buritis V", "quadra": "12", "numero_lote": "6", "chave": "Residencial Buritis V|12|6", "area_gis_m2": 205.0, "fonte": "MAPA PVA_RESIDENCIAL BURITIS V.dwg"}}, {"type": "Feature", "geometry": {"type": "Polygon", "coordinates": [[[-54.345544006738045, -15.534102683680425], [-54.34563559352184, -15.534119205884194], [-54.345600657348974, -15.534301232091348], [-54.34550907049227, -15.534284709861133], [-54.345544006738045, -15.534102683680425]]]}, "properties": {"bairro": "Residencial Buritis V", "quadra": "12", "numero_lote": "5", "chave": "Residencial Buritis V|12|5", "area_gis_m2": 205.0, "fonte": "MAPA PVA_RESIDENCIAL BURITIS V.dwg"}}, {"type": "Feature", "geometry": {"type": "Polygon", "coordinates": [[[-54.34563559352184, -15.534119205884194], [-54.34572718032637, -15.534135728052153], [-54.34569224422642, -15.534317754285741], [-54.345600657348974, -15.534301232091348], [-54.34563559352184, -15.534119205884194]]]}, "properties": {"bairro": "Residencial Buritis V", "quadra": "12", "numero_lote": "4", "chave": "Residencial Buritis V|12|4", "area_gis_m2": 205.0, "fonte": "MAPA PVA_RESIDENCIAL BURITIS V.dwg"}}, {"type": "Feature", "geometry": {"type": "Polygon", "coordinates": [[[-54.345783831124606, -15.534334276444323], [-54.34587541804353, -15.53435079856707], [-54.34584048200225, -15.534532824835743], [-54.34574889501041, -15.534516302686553], [-54.345783831124606, -15.534334276444323]]]}, "properties": {"bairro": "Residencial Buritis V", "quadra": "12", "numero_lote": "29", "chave": "Residencial Buritis V|12|29", "area_gis_m2": 205.0, "fonte": "MAPA PVA_RESIDENCIAL BURITIS V.dwg"}}, {"type": "Feature", "geometry": {"type": "Polygon", "coordinates": [[[-54.34569224422642, -15.534317754285741], [-54.345783831124606, -15.534334276444323], [-54.34574889501041, -15.534516302686553], [-54.3456573080393, -15.534499780501536], [-54.34569224422642, -15.534317754285741]]]}, "properties": {"bairro": "Residencial Buritis V", "quadra": "12", "numero_lote": "28", "chave": "Residencial Buritis V|12|28", "area_gis_m2": 205.0, "fonte": "MAPA PVA_RESIDENCIAL BURITIS V.dwg"}}, {"type": "Feature", "geometry": {"type": "Polygon", "coordinates": [[[-54.345600657348974, -15.534301232091348], [-54.34569224422642, -15.534317754285741], [-54.3456573080393, -15.534499780501536], [-54.34556572108894, -15.534483258280694], [-54.345600657348974, -15.534301232091348]]]}, "properties": {"bairro": "Residencial Buritis V", "quadra": "12", "numero_lote": "27", "chave": "Residencial Buritis V|12|27", "area_gis_m2": 205.0, "fonte": "MAPA PVA_RESIDENCIAL BURITIS V.dwg"}}, {"type": "Feature", "geometry": {"type": "Polygon", "coordinates": [[[-54.34550907049227, -15.534284709861133], [-54.345600657348974, -15.534301232091348], [-54.34556572108894, -15.534483258280694], [-54.34547413415932, -15.534466736024017], [-54.34550907049227, -15.534284709861133]]]}, "properties": {"bairro": "Residencial Buritis V", "quadra": "12", "numero_lote": "26", "chave": "Residencial Buritis V|12|26", "area_gis_m2": 205.0, "fonte": "MAPA PVA_RESIDENCIAL BURITIS V.dwg"}}, {"type": "Feature", "geometry": {"type": "Polygon", "coordinates": [[[-54.3454174836563, -15.534268187595092], [-54.34550907049227, -15.534284709861133], [-54.34547413415932, -15.534466736024017], [-54.34538254725044, -15.534450213731521], [-54.3454174836563, -15.534268187595092]]]}, "properties": {"bairro": "Residencial Buritis V", "quadra": "12", "numero_lote": "25", "chave": "Residencial Buritis V|12|25", "area_gis_m2": 205.0, "fonte": "MAPA PVA_RESIDENCIAL BURITIS V.dwg"}}, {"type": "Feature", "geometry": {"type": "Polygon", "coordinates": [[[-54.34532589684107, -15.534251665293228], [-54.3454174836563, -15.534268187595092], [-54.34538254725044, -15.534450213731521], [-54.34529096036229, -15.534433691403217], [-54.34532589684107, -15.534251665293228]]]}, "properties": {"bairro": "Residencial Buritis V", "quadra": "12", "numero_lote": "24", "chave": "Residencial Buritis V|12|24", "area_gis_m2": 205.0, "fonte": "MAPA PVA_RESIDENCIAL BURITIS V.dwg"}}, {"type": "Feature", "geometry": {"type": "Polygon", "coordinates": [[[-54.345234310046585, -15.53423514295554], [-54.34532589684107, -15.534251665293228], [-54.34529096036229, -15.534433691403217], [-54.34519937349489, -15.534417169039076], [-54.345234310046585, -15.53423514295554]]]}, "properties": {"bairro": "Residencial Buritis V", "quadra": "12", "numero_lote": "23", "chave": "Residencial Buritis V|12|23", "area_gis_m2": 205.0, "fonte": "MAPA PVA_RESIDENCIAL BURITIS V.dwg"}}, {"type": "Feature", "geometry": {"type": "Polygon", "coordinates": [[[-54.34514272327284, -15.534218620582008], [-54.345234310046585, -15.53423514295554], [-54.34519937349489, -15.534417169039076], [-54.345107786648235, -15.534400646639094], [-54.34514272327284, -15.534218620582008]]]}, "properties": {"bairro": "Residencial Buritis V", "quadra": "12", "numero_lote": "22", "chave": "Residencial Buritis V|12|22", "area_gis_m2": 205.0, "fonte": "MAPA PVA_RESIDENCIAL BURITIS V.dwg"}}, {"type": "Feature", "geometry": {"type": "Polygon", "coordinates": [[[-54.34505113651984, -15.534202098172674], [-54.34514272327284, -15.534218620582008], [-54.345107786648235, -15.534400646639094], [-54.34501619982232, -15.534384124203292], [-54.34505113651984, -15.534202098172674]]]}, "properties": {"bairro": "Residencial Buritis V", "quadra": "12", "numero_lote": "21", "chave": "Residencial Buritis V|12|21", "area_gis_m2": 205.0, "fonte": "MAPA PVA_RESIDENCIAL BURITIS V.dwg"}}, {"type": "Feature", "geometry": {"type": "Polygon", "coordinates": [[[-54.34495954978758, -15.534185575727495], [-54.34505113651984, -15.534202098172674], [-54.34501619982232, -15.534384124203292], [-54.34492461301715, -15.534367601731683], [-54.34495954978758, -15.534185575727495]]]}, "properties": {"bairro": "Residencial Buritis V", "quadra": "12", "numero_lote": "20", "chave": "Residencial Buritis V|12|20", "area_gis_m2": 205.0, "fonte": "MAPA PVA_RESIDENCIAL BURITIS V.dwg"}}, {"type": "Feature", "geometry": {"type": "Polygon", "coordinates": [[[-54.34486796307607, -15.534169053246506], [-54.34495954978758, -15.534185575727495], [-54.34492461301715, -15.534367601731683], [-54.34483302623272, -15.534351079224248], [-54.34486796307607, -15.534169053246506]]]}, "properties": {"bairro": "Residencial Buritis V", "quadra": "12", "numero_lote": "19", "chave": "Residencial Buritis V|12|19", "area_gis_m2": 205.0, "fonte": "MAPA PVA_RESIDENCIAL BURITIS V.dwg"}}, {"type": "Feature", "geometry": {"type": "Polygon", "coordinates": [[[-54.3447763763853, -15.5341525307297], [-54.34486796307607, -15.534169053246506], [-54.34483302623272, -15.534351079224248], [-54.344741439469026, -15.534334556680976], [-54.3447763763853, -15.5341525307297]]]}, "properties": {"bairro": "Residencial Buritis V", "quadra": "12", "numero_lote": "18", "chave": "Residencial Buritis V|12|18", "area_gis_m2": 205.0, "fonte": "MAPA PVA_RESIDENCIAL BURITIS V.dwg"}}, {"type": "Feature", "geometry": {"type": "Polygon", "coordinates": [[[-54.34468478971527, -15.534136008177079], [-54.3447763763853, -15.5341525307297], [-54.344741439469026, -15.534334556680976], [-54.344649852726086, -15.53431803410189], [-54.34468478971527, -15.534136008177079]]]}, "properties": {"bairro": "Residencial Buritis V", "quadra": "12", "numero_lote": "17", "chave": "Residencial Buritis V|12|17", "area_gis_m2": 205.0, "fonte": "MAPA PVA_RESIDENCIAL BURITIS V.dwg"}}, {"type": "Feature", "geometry": {"type": "Polygon", "coordinates": [[[-54.34459320306597, -15.534119485588622], [-54.34468478971527, -15.534136008177079], [-54.344649852726086, -15.53431803410189], [-54.34455826600388, -15.534301511486976], [-54.34459320306597, -15.534119485588622]]]}, "properties": {"bairro": "Residencial Buritis V", "quadra": "12", "numero_lote": "16", "chave": "Residencial Buritis V|12|16", "area_gis_m2": 205.0, "fonte": "MAPA PVA_RESIDENCIAL BURITIS V.dwg"}}, {"type": "Feature", "geometry": {"type": "Polygon", "coordinates": [[[-54.34569436041402, -15.534800441175385], [-54.345785947519694, -15.534816963365877], [-54.34575186336024, -15.534994549925123], [-54.34566027618342, -15.534978027708853], [-54.34569436041402, -15.534800441175385]]]}, "properties": {"bairro": "Residencial Buritis V", "quadra": "5", "numero_lote": "29", "chave": "Residencial Buritis V|5|29", "area_gis_m2": 200.0, "fonte": "MAPA PVA_RESIDENCIAL BURITIS V.dwg"}}, {"type": "Feature", "geometry": {"type": "Polygon", "coordinates": [[[-54.3456027733291, -15.534783918949074], [-54.34569436041402, -15.534800441175385], [-54.34566027618342, -15.534978027708853], [-54.34556868902736, -15.534961505456739], [-54.3456027733291, -15.534783918949074]]]}, "properties": {"bairro": "Residencial Buritis V", "quadra": "5", "numero_lote": "28", "chave": "Residencial Buritis V|5|28", "area_gis_m2": 200.0, "fonte": "MAPA PVA_RESIDENCIAL BURITIS V.dwg"}}, {"type": "Feature", "geometry": {"type": "Polygon", "coordinates": [[[-54.34551118626491, -15.534767396686956], [-54.3456027733291, -15.534783918949074], [-54.34556868902736, -15.534961505456739], [-54.34547710189204, -15.534944983168797], [-54.34551118626491, -15.534767396686956]]]}, "properties": {"bairro": "Residencial Buritis V", "quadra": "5", "numero_lote": "27", "chave": "Residencial Buritis V|5|27", "area_gis_m2": 200.0, "fonte": "MAPA PVA_RESIDENCIAL BURITIS V.dwg"}}, {"type": "Feature", "geometry": {"type": "Polygon", "coordinates": [[[-54.345419599221465, -15.534750874388997], [-54.34551118626491, -15.534767396686956], [-54.34547710189204, -15.534944983168797], [-54.34538551477745, -15.534928460845022], [-54.345419599221465, -15.534750874388997]]]}, "properties": {"bairro": "Residencial Buritis V", "quadra": "5", "numero_lote": "26", "chave": "Residencial Buritis V|5|26", "area_gis_m2": 200.0, "fonte": "MAPA PVA_RESIDENCIAL BURITIS V.dwg"}}, {"type": "Feature", "geometry": {"type": "Polygon", "coordinates": [[[-54.34532801219876, -15.534734352055224], [-54.345419599221465, -15.534750874388997], [-54.34538551477745, -15.534928460845022], [-54.345293927683606, -15.534911938485434], [-54.34532801219876, -15.534734352055224]]]}, "properties": {"bairro": "Residencial Buritis V", "quadra": "5", "numero_lote": "25", "chave": "Residencial Buritis V|5|25", "area_gis_m2": 200.0, "fonte": "MAPA PVA_RESIDENCIAL BURITIS V.dwg"}}, {"type": "Feature", "geometry": {"type": "Polygon", "coordinates": [[[-54.345236425196795, -15.534717829685604], [-54.34532801219876, -15.534734352055224], [-54.345293927683606, -15.534911938485434], [-54.345202340610506, -15.534895416090025], [-54.345236425196795, -15.534717829685604]]]}, "properties": {"bairro": "Residencial Buritis V", "quadra": "5", "numero_lote": "24", "chave": "Residencial Buritis V|5|24", "area_gis_m2": 200.0, "fonte": "MAPA PVA_RESIDENCIAL BURITIS V.dwg"}}, {"type": "Feature", "geometry": {"type": "Polygon", "coordinates": [[[-54.345144838215575, -15.534701307280173], [-54.345236425196795, -15.534717829685604], [-54.345202340610506, -15.534895416090025], [-54.34511075355814, -15.534878893658796], [-54.345144838215575, -15.534701307280173]]]}, "properties": {"bairro": "Residencial Buritis V", "quadra": "5", "numero_lote": "23", "chave": "Residencial Buritis V|5|23", "area_gis_m2": 200.0, "fonte": "MAPA PVA_RESIDENCIAL BURITIS V.dwg"}}, {"type": "Feature", "geometry": {"type": "Polygon", "coordinates": [[[-54.345053251255095, -15.534684784838916], [-54.345144838215575, -15.534701307280173], [-54.34511075355814, -15.534878893658796], [-54.34501916652653, -15.534862371191716], [-54.345053251255095, -15.534684784838916]]]}, "properties": {"bairro": "Residencial Buritis V", "quadra": "5", "numero_lote": "22", "chave": "Residencial Buritis V|5|22", "area_gis_m2": 200.0, "fonte": "MAPA PVA_RESIDENCIAL BURITIS V.dwg"}}, {"type": "Feature", "geometry": {"type": "Polygon", "coordinates": [[[-54.344961664315356, -15.534668262361826], [-54.345053251255095, -15.534684784838916], [-54.34501916652653, -15.534862371191716], [-54.34492757951565, -15.534845848688832], [-54.344961664315356, -15.534668262361826]]]}, "properties": {"bairro": "Residencial Buritis V", "quadra": "5", "numero_lote": "21", "chave": "Residencial Buritis V|5|21", "area_gis_m2": 200.0, "fonte": "MAPA PVA_RESIDENCIAL BURITIS V.dwg"}}, {"type": "Feature", "geometry": {"type": "Polygon", "coordinates": [[[-54.344870077396365, -15.534651739848904], [-54.344961664315356, -15.534668262361826], [-54.34492757951565, -15.534845848688832], [-54.344835992525525, -15.534829326150119], [-54.344870077396365, -15.534651739848904]]]}, "properties": {"bairro": "Residencial Buritis V", "quadra": "5", "numero_lote": "20", "chave": "Residencial Buritis V|5|20", "area_gis_m2": 200.0, "fonte": "MAPA PVA_RESIDENCIAL BURITIS V.dwg"}}, {"type": "Feature", "geometry": {"type": "Polygon", "coordinates": [[[-54.344778490498115, -15.53463521730018], [-54.344870077396365, -15.534651739848904], [-54.344835992525525, -15.534829326150119], [-54.34474440555613, -15.534812803575564], [-54.344778490498115, -15.53463521730018]]]}, "properties": {"bairro": "Residencial Buritis V", "quadra": "5", "numero_lote": "19", "chave": "Residencial Buritis V|5|19", "area_gis_m2": 200.0, "fonte": "MAPA PVA_RESIDENCIAL BURITIS V.dwg"}}, {"type": "Feature", "geometry": {"type": "Polygon", "coordinates": [[[-54.34468690362061, -15.534618694715618], [-54.344778490498115, -15.53463521730018], [-54.34474440555613, -15.534812803575564], [-54.344652818607486, -15.53479628096518], [-54.34468690362061, -15.534618694715618]]]}, "properties": {"bairro": "Residencial Buritis V", "quadra": "5", "numero_lote": "18", "chave": "Residencial Buritis V|5|18", "area_gis_m2": 200.0, "fonte": "MAPA PVA_RESIDENCIAL BURITIS V.dwg"}}, {"type": "Feature", "geometry": {"type": "Polygon", "coordinates": [[[-54.34459531676385, -15.534602172095239], [-54.34468690362061, -15.534618694715618], [-54.344652818607486, -15.53479628096518], [-54.344561231679585, -15.534779758319022], [-54.34459531676385, -15.534602172095239]]]}, "properties": {"bairro": "Residencial Buritis V", "quadra": "5", "numero_lote": "17", "chave": "Residencial Buritis V|5|17", "area_gis_m2": 200.0, "fonte": "MAPA PVA_RESIDENCIAL BURITIS V.dwg"}}, {"type": "Feature", "geometry": {"type": "Polygon", "coordinates": [[[-54.34450372992782, -15.534585649439032], [-54.34459531676385, -15.534602172095239], [-54.344561231679585, -15.534779758319022], [-54.34446964477243, -15.534763235637003], [-54.34450372992782, -15.534585649439032]]]}, "properties": {"bairro": "Residencial Buritis V", "quadra": "5", "numero_lote": "16", "chave": "Residencial Buritis V|5|16", "area_gis_m2": 200.0, "fonte": "MAPA PVA_RESIDENCIAL BURITIS V.dwg"}}, {"type": "Feature", "geometry": {"type": "Polygon", "coordinates": [[[-54.34453781500025, -15.534408063224085], [-54.34462940176513, -15.534424585854493], [-54.34459531676385, -15.534602172095239], [-54.34450372992782, -15.534585649439032], [-54.34453781500025, -15.534408063224085]]]}, "properties": {"bairro": "Residencial Buritis V", "quadra": "5", "numero_lote": "15", "chave": "Residencial Buritis V|5|15", "area_gis_m2": 200.0, "fonte": "MAPA PVA_RESIDENCIAL BURITIS V.dwg"}}, {"type": "Feature", "geometry": {"type": "Polygon", "coordinates": [[[-54.34462940176513, -15.534424585854493], [-54.34472098855076, -15.53444110844907], [-54.34468690362061, -15.534618694715618], [-54.34459531676385, -15.534602172095239], [-54.34462940176513, -15.534424585854493]]]}, "properties": {"bairro": "Residencial Buritis V", "quadra": "5", "numero_lote": "14", "chave": "Residencial Buritis V|5|14", "area_gis_m2": 200.0, "fonte": "MAPA PVA_RESIDENCIAL BURITIS V.dwg"}}, {"type": "Feature", "geometry": {"type": "Polygon", "coordinates": [[[-54.34472098855076, -15.53444110844907], [-54.34481257535713, -15.534457631007808], [-54.344778490498115, -15.53463521730018], [-54.34468690362061, -15.534618694715618], [-54.34472098855076, -15.53444110844907]]]}, "properties": {"bairro": "Residencial Buritis V", "quadra": "5", "numero_lote": "13", "chave": "Residencial Buritis V|5|13", "area_gis_m2": 200.0, "fonte": "MAPA PVA_RESIDENCIAL BURITIS V.dwg"}}, {"type": "Feature", "geometry": {"type": "Polygon", "coordinates": [[[-54.34481257535713, -15.534457631007808], [-54.34490416218424, -15.534474153530729], [-54.344870077396365, -15.534651739848904], [-54.344778490498115, -15.53463521730018], [-54.34481257535713, -15.534457631007808]]]}, "properties": {"bairro": "Residencial Buritis V", "quadra": "5", "numero_lote": "12", "chave": "Residencial Buritis V|5|12", "area_gis_m2": 200.0, "fonte": "MAPA PVA_RESIDENCIAL BURITIS V.dwg"}}, {"type": "Feature", "geometry": {"type": "Polygon", "coordinates": [[[-54.34490416218424, -15.534474153530729], [-54.3449957490321, -15.534490676017843], [-54.344961664315356, -15.534668262361826], [-54.344870077396365, -15.534651739848904], [-54.34490416218424, -15.534474153530729]]]}, "properties": {"bairro": "Residencial Buritis V", "quadra": "5", "numero_lote": "11", "chave": "Residencial Buritis V|5|11", "area_gis_m2": 200.0, "fonte": "MAPA PVA_RESIDENCIAL BURITIS V.dwg"}}, {"type": "Feature", "geometry": {"type": "Polygon", "coordinates": [[[-54.3449957490321, -15.534490676017843], [-54.3450873359007, -15.53450719846912], [-54.345053251255095, -15.534684784838916], [-54.344961664315356, -15.534668262361826], [-54.3449957490321, -15.534490676017843]]]}, "properties": {"bairro": "Residencial Buritis V", "quadra": "5", "numero_lote": "10", "chave": "Residencial Buritis V|5|10", "area_gis_m2": 200.0, "fonte": "MAPA PVA_RESIDENCIAL BURITIS V.dwg"}}, {"type": "Feature", "geometry": {"type": "Polygon", "coordinates": [[[-54.3450873359007, -15.53450719846912], [-54.34517892279003, -15.534523720884582], [-54.345144838215575, -15.534701307280173], [-54.345053251255095, -15.534684784838916], [-54.3450873359007, -15.53450719846912]]]}, "properties": {"bairro": "Residencial Buritis V", "quadra": "5", "numero_lote": "9", "chave": "Residencial Buritis V|5|9", "area_gis_m2": 200.0, "fonte": "MAPA PVA_RESIDENCIAL BURITIS V.dwg"}}, {"type": "Feature", "geometry": {"type": "Polygon", "coordinates": [[[-54.34517892279003, -15.534523720884582], [-54.345270509700114, -15.534540243264201], [-54.345236425196795, -15.534717829685604], [-54.345144838215575, -15.534701307280173], [-54.34517892279003, -15.534523720884582]]]}, "properties": {"bairro": "Residencial Buritis V", "quadra": "5", "numero_lote": "8", "chave": "Residencial Buritis V|5|8", "area_gis_m2": 200.0, "fonte": "MAPA PVA_RESIDENCIAL BURITIS V.dwg"}}, {"type": "Feature", "geometry": {"type": "Polygon", "coordinates": [[[-54.345270509700114, -15.534540243264201], [-54.34536209663094, -15.534556765608013], [-54.34532801219876, -15.534734352055224], [-54.345236425196795, -15.534717829685604], [-54.345270509700114, -15.534540243264201]]]}, "properties": {"bairro": "Residencial Buritis V", "quadra": "5", "numero_lote": "7", "chave": "Residencial Buritis V|5|7", "area_gis_m2": 200.0, "fonte": "MAPA PVA_RESIDENCIAL BURITIS V.dwg"}}, {"type": "Feature", "geometry": {"type": "Polygon", "coordinates": [[[-54.34536209663094, -15.534556765608013], [-54.34545368358251, -15.534573287915977], [-54.345419599221465, -15.534750874388997], [-54.34532801219876, -15.534734352055224], [-54.34536209663094, -15.534556765608013]]]}, "properties": {"bairro": "Residencial Buritis V", "quadra": "5", "numero_lote": "6", "chave": "Residencial Buritis V|5|6", "area_gis_m2": 200.0, "fonte": "MAPA PVA_RESIDENCIAL BURITIS V.dwg"}}, {"type": "Feature", "geometry": {"type": "Polygon", "coordinates": [[[-54.34545368358251, -15.534573287915977], [-54.345545270554815, -15.534589810188123], [-54.34551118626491, -15.534767396686956], [-54.345419599221465, -15.534750874388997], [-54.34545368358251, -15.534573287915977]]]}, "properties": {"bairro": "Residencial Buritis V", "quadra": "5", "numero_lote": "5", "chave": "Residencial Buritis V|5|5", "area_gis_m2": 200.0, "fonte": "MAPA PVA_RESIDENCIAL BURITIS V.dwg"}}, {"type": "Feature", "geometry": {"type": "Polygon", "coordinates": [[[-54.345545270554815, -15.534589810188123], [-54.345636857547866, -15.534606332424449], [-54.3456027733291, -15.534783918949074], [-54.34551118626491, -15.534767396686956], [-54.345545270554815, -15.534589810188123]]]}, "properties": {"bairro": "Residencial Buritis V", "quadra": "5", "numero_lote": "4", "chave": "Residencial Buritis V|5|4", "area_gis_m2": 200.0, "fonte": "MAPA PVA_RESIDENCIAL BURITIS V.dwg"}}, {"type": "Feature", "geometry": {"type": "Polygon", "coordinates": [[[-54.345636857547866, -15.534606332424449], [-54.34572844456165, -15.534622854624967], [-54.34569436041402, -15.534800441175385], [-54.3456027733291, -15.534783918949074], [-54.345636857547866, -15.534606332424449]]]}, "properties": {"bairro": "Residencial Buritis V", "quadra": "5", "numero_lote": "3", "chave": "Residencial Buritis V|5|3", "area_gis_m2": 200.0, "fonte": "MAPA PVA_RESIDENCIAL BURITIS V.dwg"}}, {"type": "Feature", "geometry": {"type": "Polygon", "coordinates": [[[-54.34572844456165, -15.534622854624967], [-54.345820031596176, -15.53463937678964], [-54.345785947519694, -15.534816963365877], [-54.34569436041402, -15.534800441175385], [-54.34572844456165, -15.534622854624967]]]}, "properties": {"bairro": "Residencial Buritis V", "quadra": "5", "numero_lote": "2", "chave": "Residencial Buritis V|5|2", "area_gis_m2": 200.0, "fonte": "MAPA PVA_RESIDENCIAL BURITIS V.dwg"}}, {"type": "Feature", "geometry": {"type": "Polygon", "coordinates": [[[-54.34581494624174, -15.533678442557358], [-54.34590653288384, -15.533694964623049], [-54.34586989288777, -15.533885870259374], [-54.3457783061692, -15.533869348165945], [-54.34581494624174, -15.533678442557358]]]}, "properties": {"bairro": "Residencial Buritis V", "quadra": "15", "numero_lote": "28", "chave": "Residencial Buritis V|15|28", "area_gis_m2": 215.0, "fonte": "MAPA PVA_RESIDENCIAL BURITIS V.dwg"}}, {"type": "Feature", "geometry": {"type": "Polygon", "coordinates": [[[-54.34590653288384, -15.533694964623049], [-54.34599811954668, -15.533711486652901], [-54.34596147962707, -15.533902392316964], [-54.34586989288777, -15.533885870259374], [-54.34590653288384, -15.533694964623049]]]}, "properties": {"bairro": "Residencial Buritis V", "quadra": "15", "numero_lote": "29", "chave": "Residencial Buritis V|15|29", "area_gis_m2": 215.0, "fonte": "MAPA PVA_RESIDENCIAL BURITIS V.dwg"}}, {"type": "Feature", "geometry": {"type": "Polygon", "coordinates": [[[-54.34581876715165, -15.534152250184276], [-54.34591035399765, -15.534168772280568], [-54.34587541804353, -15.53435079856707], [-54.345783831124606, -15.534334276444342], [-54.34581876715165, -15.534152250184276]]]}, "properties": {"bairro": "Residencial Buritis V", "quadra": "12", "numero_lote": "2", "chave": "Residencial Buritis V|12|2", "area_gis_m2": 205.0, "fonte": "MAPA PVA_RESIDENCIAL BURITIS V.dwg"}}, {"type": "Feature", "geometry": {"type": "Polygon", "coordinates": [[[-54.34572718032637, -15.534135728052153], [-54.34581876715165, -15.534152250184276], [-54.345783831124606, -15.534334276444342], [-54.34569224422641, -15.534317754285755], [-54.34572718032637, -15.534135728052153]]]}, "properties": {"bairro": "Residencial Buritis V", "quadra": "12", "numero_lote": "3", "chave": "Residencial Buritis V|12|3", "area_gis_m2": 205.0, "fonte": "MAPA PVA_RESIDENCIAL BURITIS V.dwg"}}, {"type": "Feature", "geometry": {"type": "Polygon", "coordinates": [[[-54.34629466675865, -15.5311789091826], [-54.34638625239962, -15.531195430885163], [-54.34634961363898, -15.531386336774624], [-54.34625802792155, -15.531369815044348], [-54.34629466675865, -15.5311789091826]]]}, "properties": {"bairro": "Residencial Buritis V", "quadra": "37", "numero_lote": "3", "chave": "Residencial Buritis V|37|3", "area_gis_m2": 215.0, "fonte": "MAPA PVA_RESIDENCIAL BURITIS V.dwg"}}, {"type": "Feature", "geometry": {"type": "Polygon", "coordinates": [[[-54.34638625239962, -15.531195430885163], [-54.34647783804167, -15.531211952548334], [-54.34644119937714, -15.531402858469097], [-54.34634961363898, -15.531386336774624], [-54.34638625239962, -15.531195430885163]]]}, "properties": {"bairro": "Residencial Buritis V", "quadra": "37", "numero_lote": "2", "chave": "Residencial Buritis V|37|2", "area_gis_m2": 215.0, "fonte": "MAPA PVA_RESIDENCIAL BURITIS V.dwg"}}, {"type": "Feature", "geometry": {"type": "Polygon", "coordinates": [[[-54.34644119937713, -15.53140285846908], [-54.34653278511638, -15.531419380124188], [-54.34649614643246, -15.531610286053047], [-54.3464045605971, -15.53159376436668], [-54.34644119937713, -15.53140285846908]]]}, "properties": {"bairro": "Residencial Buritis V", "quadra": "37", "numero_lote": "30", "chave": "Residencial Buritis V|37|30", "area_gis_m2": 215.0, "fonte": "MAPA PVA_RESIDENCIAL BURITIS V.dwg"}}, {"type": "Feature", "geometry": {"type": "Polygon", "coordinates": [[[-54.34647783806132, -15.531211952551878], [-54.34656942372411, -15.531228474179244], [-54.34653278513603, -15.531419380127728], [-54.34644119937713, -15.53140285846908], [-54.34647783806132, -15.531211952551878]]]}, "properties": {"bairro": "Residencial Buritis V", "quadra": "37", "numero_lote": "1", "chave": "Residencial Buritis V|37|1", "area_gis_m2": 215.0, "fonte": "MAPA PVA_RESIDENCIAL BURITIS V.dwg"}}, {"type": "Feature", "geometry": {"type": "Polygon", "coordinates": [[[-54.346384111014736, -15.531700316489047], [-54.34647569689277, -15.531716838190912], [-54.346441614260264, -15.531894425073705], [-54.346350028311114, -15.531877903346063], [-54.346384111014736, -15.531700316489047]]]}, "properties": {"bairro": "Residencial Buritis V", "quadra": "30", "numero_lote": "1", "chave": "Residencial Buritis V|30|1", "area_gis_m2": 200.0, "fonte": "MAPA PVA_RESIDENCIAL BURITIS V.dwg"}}, {"type": "Feature", "geometry": {"type": "Polygon", "coordinates": [[[-54.346350028311114, -15.531877903346063], [-54.346441614260264, -15.531894425073705], [-54.34640753154483, -15.532072011939567], [-54.34631594552455, -15.532055490186112], [-54.346350028311114, -15.531877903346063]]]}, "properties": {"bairro": "Residencial Buritis V", "quadra": "30", "numero_lote": "30", "chave": "Residencial Buritis V|30|30", "area_gis_m2": 200.0, "fonte": "MAPA PVA_RESIDENCIAL BURITIS V.dwg"}}, {"type": "Feature", "geometry": {"type": "Polygon", "coordinates": [[[-54.346211992513226, -15.532597129943507], [-54.34630357875045, -15.532613651775629], [-54.34626949569908, -15.532791238572777], [-54.346177909390725, -15.53277471671484], [-54.346211992513226, -15.532597129943507]]]}, "properties": {"bairro": "Residencial Buritis V", "quadra": "22", "numero_lote": "1", "chave": "Residencial Buritis V|22|1", "area_gis_m2": 200.0, "fonte": "MAPA PVA_RESIDENCIAL BURITIS V.dwg"}}, {"type": "Feature", "geometry": {"type": "Polygon", "coordinates": [[[-54.346177909390725, -15.53277471671484], [-54.34626949569908, -15.532791238572777], [-54.34623541256476, -15.532968825352954], [-54.34614382618528, -15.532952303469228], [-54.346177909390725, -15.53277471671484]]]}, "properties": {"bairro": "Residencial Buritis V", "quadra": "22", "numero_lote": "30", "chave": "Residencial Buritis V|22|30", "area_gis_m2": 200.0, "fonte": "MAPA PVA_RESIDENCIAL BURITIS V.dwg"}}, {"type": "Feature", "geometry": {"type": "Polygon", "coordinates": [[[-54.346123376222195, -15.533058855513705], [-54.34621496264435, -15.533075377412917], [-54.346180879377314, -15.533252964165952], [-54.346089292884024, -15.53323644224094], [-54.346123376222195, -15.533058855513705]]]}, "properties": {"bairro": "Residencial Buritis V", "quadra": "21", "numero_lote": "1", "chave": "Residencial Buritis V|21|1", "area_gis_m2": 200.0, "fonte": "MAPA PVA_RESIDENCIAL BURITIS V.dwg"}}, {"type": "Feature", "geometry": {"type": "Polygon", "coordinates": [[[-54.346089292884024, -15.53323644224094], [-54.346180879377314, -15.533252964165952], [-54.34614679602733, -15.53343055090202], [-54.3460552094629, -15.53341402895121], [-54.346089292884024, -15.53323644224094]]]}, "properties": {"bairro": "Residencial Buritis V", "quadra": "21", "numero_lote": "30", "chave": "Residencial Buritis V|21|30", "area_gis_m2": 200.0, "fonte": "MAPA PVA_RESIDENCIAL BURITIS V.dwg"}}, {"type": "Feature", "geometry": {"type": "Polygon", "coordinates": [[[-54.34603475937041, -15.533520580969219], [-54.34612634597752, -15.533537102935508], [-54.34608970623025, -15.533728008646941], [-54.34599811954668, -15.533711486652921], [-54.34603475937041, -15.533520580969219]]]}, "properties": {"bairro": "Residencial Buritis V", "quadra": "15", "numero_lote": "1", "chave": "Residencial Buritis V|15|1", "area_gis_m2": 215.0, "fonte": "MAPA PVA_RESIDENCIAL BURITIS V.dwg"}}, {"type": "Feature", "geometry": {"type": "Polygon", "coordinates": [[[-54.34599811954668, -15.533711486652921], [-54.34608970623025, -15.533728008646941], [-54.34605306638712, -15.533918914338729], [-54.34596147962707, -15.533902392316964], [-54.34599811954668, -15.533711486652921]]]}, "properties": {"bairro": "Residencial Buritis V", "quadra": "15", "numero_lote": "30", "chave": "Residencial Buritis V|15|30", "area_gis_m2": 215.0, "fonte": "MAPA PVA_RESIDENCIAL BURITIS V.dwg"}}, {"type": "Feature", "geometry": {"type": "Polygon", "coordinates": [[[-54.34587541804353, -15.53435079856707], [-54.34596700498321, -15.53436732065398], [-54.34593206901484, -15.534549346949124], [-54.34584048200225, -15.534532824835743], [-54.34587541804353, -15.53435079856707]]]}, "properties": {"bairro": "Residencial Buritis V", "quadra": "12", "numero_lote": "30", "chave": "Residencial Buritis V|12|30", "area_gis_m2": 205.0, "fonte": "MAPA PVA_RESIDENCIAL BURITIS V.dwg"}}, {"type": "Feature", "geometry": {"type": "Polygon", "coordinates": [[[-54.34591035399766, -15.534168772280568], [-54.346001940864404, -15.53418529434103], [-54.34596700498321, -15.53436732065398], [-54.34587541804353, -15.53435079856707], [-54.34591035399766, -15.534168772280568]]]}, "properties": {"bairro": "Residencial Buritis V", "quadra": "12", "numero_lote": "1", "chave": "Residencial Buritis V|12|1", "area_gis_m2": 205.0, "fonte": "MAPA PVA_RESIDENCIAL BURITIS V.dwg"}}, {"type": "Feature", "geometry": {"type": "Polygon", "coordinates": [[[-54.345785947519694, -15.534816963365877], [-54.3458775346461, -15.53483348552053], [-54.345843450557794, -15.535011072105588], [-54.34575186336024, -15.534994549925147], [-54.345785947519694, -15.534816963365877]]]}, "properties": {"bairro": "Residencial Buritis V", "quadra": "5", "numero_lote": "30", "chave": "Residencial Buritis V|5|30", "area_gis_m2": 200.0, "fonte": "MAPA PVA_RESIDENCIAL BURITIS V.dwg"}}, {"type": "Feature", "geometry": {"type": "Polygon", "coordinates": [[[-54.345820031596176, -15.53463937678964], [-54.34591161865145, -15.534655898918482], [-54.3458775346461, -15.53483348552053], [-54.345785947519694, -15.534816963365877], [-54.345820031596176, -15.53463937678964]]]}, "properties": {"bairro": "Residencial Buritis V", "quadra": "5", "numero_lote": "1", "chave": "Residencial Buritis V|5|1", "area_gis_m2": 200.0, "fonte": "MAPA PVA_RESIDENCIAL BURITIS V.dwg"}}, {"type": "Feature", "geometry": {"type": "Polygon", "coordinates": [[[-54.34624794160515, -15.532323418777983], [-54.3461426175869, -15.532304418664774], [-54.34617414432308, -15.532140150885121], [-54.346279468265664, -15.53215915097088], [-54.34624794160515, -15.532323418777983]]]}, "properties": {"bairro": "Residencial Buritis V", "quadra": "28", "numero_lote": "2", "chave": "Residencial Buritis V|28|2", "area_gis_m2": 212.75, "fonte": "MAPA PVA_RESIDENCIAL BURITIS V.dwg"}}, {"type": "Feature", "geometry": {"type": "Polygon", "coordinates": [[[-54.34621641487366, -15.532487686570551], [-54.34611109077975, -15.532468686429892], [-54.34614261758689, -15.532304418664758], [-54.34624794160514, -15.532323418777965], [-54.34621641487366, -15.532487686570551]]]}, "properties": {"bairro": "Residencial Buritis V", "quadra": "28", "numero_lote": "25", "chave": "Residencial Buritis V|28|25", "area_gis_m2": 212.75, "fonte": "MAPA PVA_RESIDENCIAL BURITIS V.dwg"}}, {"type": "Feature", "geometry": {"type": "Polygon", "coordinates": [[[-54.34635555529216, -15.532342831888064], [-54.34624794160477, -15.532323418779974], [-54.34627946826529, -15.532159150972872], [-54.34638708187537, -15.532178564052913], [-54.34635555529216, -15.532342831888064]]]}, "properties": {"bairro": "Residencial Buritis V", "quadra": "28", "numero_lote": "1", "chave": "Residencial Buritis V|28|1", "area_gis_m2": 217.37, "fonte": "MAPA PVA_RESIDENCIAL BURITIS V.dwg"}}, {"type": "Feature", "geometry": {"type": "Polygon", "coordinates": [[[-54.345089378901044, -15.532114414925195], [-54.344981765538776, -15.532095001233122], [-54.34501329310885, -15.531930733755967], [-54.34512090639382, -15.531950147420005], [-54.345089378901044, -15.532114414925195]]]}, "properties": {"bairro": "Residencial Buritis V", "quadra": "28", "numero_lote": "13", "chave": "Residencial Buritis V|28|13", "area_gis_m2": 217.38, "fonte": "MAPA PVA_RESIDENCIAL BURITIS V.dwg"}}, {"type": "Feature", "geometry": {"type": "Polygon", "coordinates": [[[-54.34505785133729, -15.532278682415866], [-54.34495023789771, -15.53225926869573], [-54.344981765538776, -15.53209500123311], [-54.345089378901044, -15.532114414925195], [-54.34505785133729, -15.532278682415866]]]}, "properties": {"bairro": "Residencial Buritis V", "quadra": "28", "numero_lote": "14", "chave": "Residencial Buritis V|28|14", "area_gis_m2": 217.38, "fonte": "MAPA PVA_RESIDENCIAL BURITIS V.dwg"}}, {"type": "Feature", "geometry": {"type": "Polygon", "coordinates": [[[-54.346324028638364, -15.532507099706697], [-54.346216414873666, -15.532487686570555], [-54.34624794160515, -15.532323418777965], [-54.34635555529255, -15.532342831886071], [-54.346324028638364, -15.532507099706697]]]}, "properties": {"bairro": "Residencial Buritis V", "quadra": "28", "numero_lote": "26", "chave": "Residencial Buritis V|28|26", "area_gis_m2": 217.37, "fonte": "MAPA PVA_RESIDENCIAL BURITIS V.dwg"}}, {"type": "Feature", "geometry": {"type": "Polygon", "coordinates": [[[-54.34631812837144, -15.533277722986032], [-54.34640971491655, -15.533294244821528], [-54.346375631744294, -15.533471831622064], [-54.34628404512805, -15.533455309760758], [-54.34631812837144, -15.533277722986032]]]}, "properties": {"bairro": "Residencial Buritis V", "quadra": "29", "numero_lote": "10", "chave": "Residencial Buritis V|29|10", "area_gis_m2": 200.0, "fonte": "MAPA PVA_RESIDENCIAL BURITIS V.dwg"}}, {"type": "Feature", "geometry": {"type": "Polygon", "coordinates": [[[-54.346409714823956, -15.53329424530399], [-54.3465013013898, -15.533310767103668], [-54.34646721828867, -15.533488353930009], [-54.34637563165169, -15.533471832104523], [-54.346409714823956, -15.53329424530399]]]}, "properties": {"bairro": "Residencial Buritis V", "quadra": "29", "numero_lote": "11", "chave": "Residencial Buritis V|29|11", "area_gis_m2": 200.0, "fonte": "MAPA PVA_RESIDENCIAL BURITIS V.dwg"}}, {"type": "Feature", "geometry": {"type": "Polygon", "coordinates": [[[-54.3463794843604, -15.532958068355812], [-54.34664141018907, -15.533005318599633], [-54.34664141018907, -15.533005318599633], [-54.34663728561651, -15.533114815703891], [-54.34635903313279, -15.533064620191842], [-54.3463794843604, -15.532958068355812]]]}, "properties": {"bairro": "Residencial Buritis V", "quadra": "29", "numero_lote": "7", "chave": "Residencial Buritis V|29|7", "area_gis_m2": 353.88, "fonte": "MAPA PVA_RESIDENCIAL BURITIS V.dwg"}}, {"type": "Feature", "geometry": {"type": "Polygon", "coordinates": [[[-54.34639993555814, -15.532851516513634], [-54.346644984966574, -15.532895722315944], [-54.346644984966574, -15.532895722315944], [-54.34664141018907, -15.533005318599633], [-54.3463794843604, -15.532958068355812], [-54.34639993555814, -15.532851516513634]]]}, "properties": {"bairro": "Residencial Buritis V", "quadra": "29", "numero_lote": "6", "chave": "Residencial Buritis V|29|6", "area_gis_m2": 332.13, "fonte": "MAPA PVA_RESIDENCIAL BURITIS V.dwg"}}, {"type": "Feature", "geometry": {"type": "Polygon", "coordinates": [[[-54.34642038672601, -15.532744964665389], [-54.346648008709394, -15.532786026629237], [-54.346648008709394, -15.532786026629237], [-54.346644984966574, -15.532895722315944], [-54.34639993555814, -15.532851516513634], [-54.34642038672601, -15.532744964665389]]]}, "properties": {"bairro": "Residencial Buritis V", "quadra": "29", "numero_lote": "5", "chave": "Residencial Buritis V|29|5", "area_gis_m2": 309.66, "fonte": "MAPA PVA_RESIDENCIAL BURITIS V.dwg"}}, {"type": "Feature", "geometry": {"type": "Polygon", "coordinates": [[[-54.34644083786402, -15.532638412811002], [-54.34665048013349, -15.532676231307855], [-54.34665048013349, -15.532676231307855], [-54.346648008709394, -15.532786026629237], [-54.34642038672601, -15.532744964665389], [-54.34644083786402, -15.532638412811002]]]}, "properties": {"bairro": "Residencial Buritis V", "quadra": "29", "numero_lote": "4", "chave": "Residencial Buritis V|29|4", "area_gis_m2": 286.46, "fonte": "MAPA PVA_RESIDENCIAL BURITIS V.dwg"}}, {"type": "Feature", "geometry": {"type": "Polygon", "coordinates": [[[-54.34646128897217, -15.532531860950533], [-54.346652397909914, -15.53256633611208], [-54.346652397909914, -15.53256633611208], [-54.34665048013349, -15.532676231307855], [-54.34644083786402, -15.532638412811002], [-54.34646128897217, -15.532531860950533]]]}, "properties": {"bairro": "Residencial Buritis V", "quadra": "29", "numero_lote": "3", "chave": "Residencial Buritis V|29|3", "area_gis_m2": 262.54, "fonte": "MAPA PVA_RESIDENCIAL BURITIS V.dwg"}}, {"type": "Feature", "geometry": {"type": "Polygon", "coordinates": [[[-54.34650130138736, -15.533310767116353], [-54.34662739182537, -15.533333513229003], [-54.34662739182537, -15.533333513229003], [-54.34661747726935, -15.53351545940275], [-54.34646721838127, -15.533488353447563], [-54.34650130138736, -15.533310767116353]]]}, "properties": {"bairro": "Residencial Buritis V", "quadra": "29", "numero_lote": "12", "chave": "Residencial Buritis V|29|12", "area_gis_m2": 301.73, "fonte": "MAPA PVA_RESIDENCIAL BURITIS V.dwg"}}, {"type": "Feature", "geometry": {"type": "Polygon", "coordinates": [[[-54.34633858187533, -15.53317117202179], [-54.34663261244455, -15.533224213844404], [-54.34663261244455, -15.533224213844404], [-54.34662739182537, -15.533333513229003], [-54.34650130138736, -15.533310767116353], [-54.3465013013898, -15.533310767103668], [-54.346409714823956, -15.53329424530399], [-54.34640971491655, -15.533294244821528], [-54.34631813067329, -15.533277723401278], [-54.34633858187533, -15.53317117202179]]]}, "properties": {"bairro": "Residencial Buritis V", "quadra": "29", "numero_lote": "9", "chave": "Residencial Buritis V|29|9", "area_gis_m2": 395.23, "fonte": "MAPA PVA_RESIDENCIAL BURITIS V.dwg"}}, {"type": "Feature", "geometry": {"type": "Polygon", "coordinates": [[[-54.34635903313279, -15.533064620191842], [-54.34663728561651, -15.533114815703891], [-54.34663728561651, -15.533114815703891], [-54.34663261244455, -15.533224213844404], [-54.34633858187533, -15.53317117202179], [-54.34635903313279, -15.533064620191842]]]}, "properties": {"bairro": "Residencial Buritis V", "quadra": "29", "numero_lote": "8", "chave": "Residencial Buritis V|29|8", "area_gis_m2": 374.91, "fonte": "MAPA PVA_RESIDENCIAL BURITIS V.dwg"}}, {"type": "Feature", "geometry": {"type": "Polygon", "coordinates": [[[-54.34664462237138, -15.531576672492502], [-54.34665376066666, -15.532456340553784], [-54.34665376066666, -15.532456340553784], [-54.34648174049735, -15.532425306755602], [-54.34664462237138, -15.531576672492502]]]}, "properties": {"bairro": "Residencial Buritis V", "quadra": "29", "numero_lote": "1", "chave": "Residencial Buritis V|29|1", "area_gis_m2": 897.55, "fonte": "MAPA PVA_RESIDENCIAL BURITIS V.dwg"}}, {"type": "Feature", "geometry": {"type": "Polygon", "coordinates": [[[-54.34622694855659, -15.533752769673441], [-54.346318535291985, -15.533769291577961], [-54.34628189563992, -15.533960197339072], [-54.34619030882805, -15.533943675406814], [-54.34622694855659, -15.533752769673441]]]}, "properties": {"bairro": "Residencial Buritis V", "quadra": "14", "numero_lote": "4", "chave": "Residencial Buritis V|14|4", "area_gis_m2": 215.0, "fonte": "MAPA PVA_RESIDENCIAL BURITIS V.dwg"}}, {"type": "Feature", "geometry": {"type": "Polygon", "coordinates": [[[-54.346318535291985, -15.533769291577979], [-54.34641012204811, -15.53378581344668], [-54.34637348247252, -15.53397671923551], [-54.34628189563992, -15.533960197339072], [-54.346318535291985, -15.533769291577979]]]}, "properties": {"bairro": "Residencial Buritis V", "quadra": "14", "numero_lote": "5", "chave": "Residencial Buritis V|14|5", "area_gis_m2": 215.0, "fonte": "MAPA PVA_RESIDENCIAL BURITIS V.dwg"}}, {"type": "Feature", "geometry": {"type": "Polygon", "coordinates": [[[-54.346410122670896, -15.533785810201726], [-54.346501709447764, -15.533802332034607], [-54.34646506994865, -15.533993237851186], [-54.346373483095306, -15.533976715990578], [-54.346410122670896, -15.533785810201726]]]}, "properties": {"bairro": "Residencial Buritis V", "quadra": "14", "numero_lote": "6", "chave": "Residencial Buritis V|14|6", "area_gis_m2": 215.0, "fonte": "MAPA PVA_RESIDENCIAL BURITIS V.dwg"}}, {"type": "Feature", "geometry": {"type": "Polygon", "coordinates": [[[-54.34626358818927, -15.533561863920472], [-54.346355174848185, -15.533578385797261], [-54.346318535291985, -15.533769291577979], [-54.34622694855659, -15.533752769673457], [-54.34626358818927, -15.533561863920472]]]}, "properties": {"bairro": "Residencial Buritis V", "quadra": "14", "numero_lote": "3", "chave": "Residencial Buritis V|14|3", "area_gis_m2": 215.0, "fonte": "MAPA PVA_RESIDENCIAL BURITIS V.dwg"}}, {"type": "Feature", "geometry": {"type": "Polygon", "coordinates": [[[-54.34635517539543, -15.533578382945922], [-54.34644676207509, -15.53359490478688], [-54.34641012259536, -15.53378581059533], [-54.34631853583923, -15.533769288726624], [-54.34635517539543, -15.533578382945922]]]}, "properties": {"bairro": "Residencial Buritis V", "quadra": "14", "numero_lote": "2", "chave": "Residencial Buritis V|14|2", "area_gis_m2": 215.0, "fonte": "MAPA PVA_RESIDENCIAL BURITIS V.dwg"}}, {"type": "Feature", "geometry": {"type": "Polygon", "coordinates": [[[-54.346446762150634, -15.533594904393281], [-54.34661080210052, -15.533624496392], [-54.34661080210052, -15.533624496392], [-54.34659748358351, -15.533819609612632], [-54.346501709372234, -15.53380233242818], [-54.346501709447764, -15.533802332034607], [-54.346410122670896, -15.533785810201726], [-54.346446762150634, -15.533594904393281]]]}, "properties": {"bairro": "Residencial Buritis V", "quadra": "14", "numero_lote": "1", "chave": "Residencial Buritis V|14|1", "area_gis_m2": 412.46, "fonte": "MAPA PVA_RESIDENCIAL BURITIS V.dwg"}}, {"type": "Feature", "geometry": {"type": "Polygon", "coordinates": [[[-54.346501709372234, -15.53380233242818], [-54.34659748358351, -15.533819609612632], [-54.34659748358351, -15.533819609612632], [-54.346582425541996, -15.534014408219946], [-54.34646506994865, -15.533993237851186], [-54.346501709372234, -15.53380233242818]]]}, "properties": {"bairro": "Residencial Buritis V", "quadra": "14", "numero_lote": "7", "chave": "Residencial Buritis V|14|7", "area_gis_m2": 250.16, "fonte": "MAPA PVA_RESIDENCIAL BURITIS V.dwg"}}, {"type": "Feature", "geometry": {"type": "Polygon", "coordinates": [[[-54.346139180671805, -15.534210051409026], [-54.34623076759037, -15.534226573379987], [-54.34619583189135, -15.534408599759026], [-54.34610424489986, -15.534392077761618], [-54.346139180671805, -15.534210051409026]]]}, "properties": {"bairro": "Residencial Buritis V", "quadra": "13", "numero_lote": "4", "chave": "Residencial Buritis V|13|4", "area_gis_m2": 205.0, "fonte": "MAPA PVA_RESIDENCIAL BURITIS V.dwg"}}, {"type": "Feature", "geometry": {"type": "Polygon", "coordinates": [[[-54.346230767594044, -15.534226573360886], [-54.34632235453335, -15.534243095296022], [-54.34628741890724, -15.534425121701506], [-54.34619583189502, -15.53440859973991], [-54.346230767594044, -15.534226573360886]]]}, "properties": {"bairro": "Residencial Buritis V", "quadra": "13", "numero_lote": "3", "chave": "Residencial Buritis V|13|3", "area_gis_m2": 205.0, "fonte": "MAPA PVA_RESIDENCIAL BURITIS V.dwg"}}, {"type": "Feature", "geometry": {"type": "Polygon", "coordinates": [[[-54.346322354537016, -15.534243095276926], [-54.34641394149706, -15.534259617176245], [-54.34637900594387, -15.534441643608153], [-54.34628741891091, -15.534425121682396], [-54.346322354537016, -15.534243095276926]]]}, "properties": {"bairro": "Residencial Buritis V", "quadra": "13", "numero_lote": "2", "chave": "Residencial Buritis V|13|2", "area_gis_m2": 205.0, "fonte": "MAPA PVA_RESIDENCIAL BURITIS V.dwg"}}, {"type": "Feature", "geometry": {"type": "Polygon", "coordinates": [[[-54.346413941463695, -15.53425961735006], [-54.34655851646429, -15.534285698050175], [-54.34655851646429, -15.534285698050175], [-54.34654024241288, -15.534470730732076], [-54.34637900580012, -15.534441644357164], [-54.346413941463695, -15.53425961735006]]]}, "properties": {"bairro": "Residencial Buritis V", "quadra": "13", "numero_lote": "1", "chave": "Residencial Buritis V|13|1", "area_gis_m2": 342.25, "fonte": "MAPA PVA_RESIDENCIAL BURITIS V.dwg"}}, {"type": "Feature", "geometry": {"type": "Polygon", "coordinates": [[[-54.34610424241864, -15.53439207797058], [-54.34628741877202, -15.534425122406004], [-54.34627037697157, -15.534513915768057], [-54.34608719939611, -15.534480871099227], [-54.34610424241864, -15.53439207797058]]]}, "properties": {"bairro": "Residencial Buritis V", "quadra": "13", "numero_lote": "5", "chave": "Residencial Buritis V|13|5", "area_gis_m2": 200.0, "fonte": "MAPA PVA_RESIDENCIAL BURITIS V.dwg"}}, {"type": "Feature", "geometry": {"type": "Polygon", "coordinates": [[[-54.3460871992743, -15.534480871733825], [-54.34627037569882, -15.534513916195056], [-54.34625333387763, -15.53460270955285], [-54.34607015623103, -15.534569664858225], [-54.3460871992743, -15.534480871733825]]]}, "properties": {"bairro": "Residencial Buritis V", "quadra": "13", "numero_lote": "6", "chave": "Residencial Buritis V|13|6", "area_gis_m2": 200.0, "fonte": "MAPA PVA_RESIDENCIAL BURITIS V.dwg"}}, {"type": "Feature", "geometry": {"type": "Polygon", "coordinates": [[[-54.346070156109214, -15.534569665492844], [-54.34625333260489, -15.534602709979866], [-54.346236290762945, -15.534691503333436], [-54.34605311304521, -15.534658458612967], [-54.346070156109214, -15.534569665492844]]]}, "properties": {"bairro": "Residencial Buritis V", "quadra": "13", "numero_lote": "7", "chave": "Residencial Buritis V|13|7", "area_gis_m2": 200.0, "fonte": "MAPA PVA_RESIDENCIAL BURITIS V.dwg"}}, {"type": "Feature", "geometry": {"type": "Polygon", "coordinates": [[[-54.3460531129234, -15.534658459247593], [-54.34623628949021, -15.534691503760413], [-54.34621924762752, -15.534780297109755], [-54.34603606983865, -15.534747252363495], [-54.3460531129234, -15.534658459247593]]]}, "properties": {"bairro": "Residencial Buritis V", "quadra": "13", "numero_lote": "8", "chave": "Residencial Buritis V|13|8", "area_gis_m2": 200.0, "fonte": "MAPA PVA_RESIDENCIAL BURITIS V.dwg"}}, {"type": "Feature", "geometry": {"type": "Polygon", "coordinates": [[[-54.34603606971683, -15.534747252998109], [-54.346219246354785, -15.534780297536729], [-54.34620220447136, -15.53486909088182], [-54.346019026611344, -15.534836046109765], [-54.34603606971683, -15.534747252998109]]]}, "properties": {"bairro": "Residencial Buritis V", "quadra": "13", "numero_lote": "9", "chave": "Residencial Buritis V|13|9", "area_gis_m2": 200.0, "fonte": "MAPA PVA_RESIDENCIAL BURITIS V.dwg"}}, {"type": "Feature", "geometry": {"type": "Polygon", "coordinates": [[[-54.34601902648953, -15.534836046744374], [-54.34620220319862, -15.534869091308812], [-54.34618516129446, -15.534957884649653], [-54.346001983363294, -15.534924839851788], [-54.34601902648953, -15.534836046744374]]]}, "properties": {"bairro": "Residencial Buritis V", "quadra": "13", "numero_lote": "10", "chave": "Residencial Buritis V|13|10", "area_gis_m2": 200.0, "fonte": "MAPA PVA_RESIDENCIAL BURITIS V.dwg"}}, {"type": "Feature", "geometry": {"type": "Polygon", "coordinates": [[[-54.34600199014714, -15.534924841732183], [-54.346185166927384, -15.534957886322411], [-54.346168125002485, -15.535046679659025], [-54.34598494700016, -15.535013634835353], [-54.34600199014714, -15.534924841732183]]]}, "properties": {"bairro": "Residencial Buritis V", "quadra": "13", "numero_lote": "11", "chave": "Residencial Buritis V|13|11", "area_gis_m2": 200.0, "fonte": "MAPA PVA_RESIDENCIAL BURITIS V.dwg"}}, {"type": "Feature", "geometry": {"type": "Polygon", "coordinates": [[[-54.3459849480293, -15.535013635677597], [-54.34616812488068, -15.535046680293645], [-54.346151082935044, -15.535135473625983], [-54.34596790486158, -15.535102428776524], [-54.3459849480293, -15.535013635677597]]]}, "properties": {"bairro": "Residencial Buritis V", "quadra": "13", "numero_lote": "12", "chave": "Residencial Buritis V|13|12", "area_gis_m2": 200.0, "fonte": "MAPA PVA_RESIDENCIAL BURITIS V.dwg"}}, {"type": "Feature", "geometry": {"type": "Polygon", "coordinates": [[[-54.34596790589072, -15.535102429618767], [-54.34615108281324, -15.535135474260619], [-54.34613404084687, -15.53522426758874], [-54.34595086270227, -15.535191222713468], [-54.34596790589072, -15.535102429618767]]]}, "properties": {"bairro": "Residencial Buritis V", "quadra": "13", "numero_lote": "13", "chave": "Residencial Buritis V|13|13", "area_gis_m2": 200.0, "fonte": "MAPA PVA_RESIDENCIAL BURITIS V.dwg"}}, {"type": "Feature", "geometry": {"type": "Polygon", "coordinates": [[[-54.34628741877202, -15.534425122406004], [-54.34654024241288, -15.534470730732076], [-54.34654024241288, -15.534470730732076], [-54.346530759052754, -15.534560888275493], [-54.346270376849766, -15.534513916402679], [-54.34628741877202, -15.534425122406004]]]}, "properties": {"bairro": "Residencial Buritis V", "quadra": "13", "numero_lote": "22", "chave": "Residencial Buritis V|13|22", "area_gis_m2": 280.18, "fonte": "MAPA PVA_RESIDENCIAL BURITIS V.dwg"}}, {"type": "Feature", "geometry": {"type": "Polygon", "coordinates": [[[-54.346270376849766, -15.534513916402679], [-54.346530759052754, -15.534560888275493], [-54.346530759052754, -15.534560888275493], [-54.34652090298718, -15.534650978584894], [-54.34625333490677, -15.534602710395117], [-54.346270376849766, -15.534513916402679]]]}, "properties": {"bairro": "Residencial Buritis V", "quadra": "13", "numero_lote": "21", "chave": "Residencial Buritis V|13|21", "area_gis_m2": 288.23, "fonte": "MAPA PVA_RESIDENCIAL BURITIS V.dwg"}}, {"type": "Feature", "geometry": {"type": "Polygon", "coordinates": [[[-54.34625333490677, -15.534602710395117], [-54.34652090298718, -15.534650978584894], [-54.34652090298718, -15.534650978584894], [-54.346510674570126, -15.534741001724125], [-54.346236292943026, -15.53469150438329], [-54.34625333490677, -15.534602710395117]]]}, "properties": {"bairro": "Residencial Buritis V", "quadra": "13", "numero_lote": "20", "chave": "Residencial Buritis V|13|20", "area_gis_m2": 295.87, "fonte": "MAPA PVA_RESIDENCIAL BURITIS V.dwg"}}, {"type": "Feature", "geometry": {"type": "Polygon", "coordinates": [[[-54.346236292943026, -15.53469150438329], [-54.346510674570126, -15.534741001724125], [-54.346510674570126, -15.534741001724125], [-54.3465000742139, -15.534830957110872], [-54.346219251080356, -15.534780297732633], [-54.346236292943026, -15.53469150438329]]]}, "properties": {"bairro": "Residencial Buritis V", "quadra": "13", "numero_lote": "19", "chave": "Residencial Buritis V|13|19", "area_gis_m2": 303.1, "fonte": "MAPA PVA_RESIDENCIAL BURITIS V.dwg"}}, {"type": "Feature", "geometry": {"type": "Polygon", "coordinates": [[[-54.346219251080356, -15.534780297732633], [-54.3465000742139, -15.534830957110872], [-54.3465000742139, -15.534830957110872], [-54.34648910200374, -15.534920846730314], [-54.34620220895333, -15.534869092346948], [-54.346219251080356, -15.534780297732633]]]}, "properties": {"bairro": "Residencial Buritis V", "quadra": "13", "numero_lote": "18", "chave": "Residencial Buritis V|13|18", "area_gis_m2": 309.94, "fonte": "MAPA PVA_RESIDENCIAL BURITIS V.dwg"}}, {"type": "Feature", "geometry": {"type": "Polygon", "coordinates": [[[-54.34620220895333, -15.534869092346948], [-54.34648910200374, -15.534920846730314], [-54.34648910200374, -15.534920846730314], [-54.346477758551195, -15.535010668066295], [-54.34618516704918, -15.534957885687799], [-54.34620220895333, -15.534869092346948]]]}, "properties": {"bairro": "Residencial Buritis V", "quadra": "13", "numero_lote": "17", "chave": "Residencial Buritis V|13|17", "area_gis_m2": 316.36, "fonte": "MAPA PVA_RESIDENCIAL BURITIS V.dwg"}}, {"type": "Feature", "geometry": {"type": "Polygon", "coordinates": [[[-54.34618516704918, -15.534957885687799], [-54.346477758551195, -15.535010668066295], [-54.346477758551195, -15.535010668066295], [-54.34646604381135, -15.535100423737074], [-54.34616812488068, -15.535046680293645], [-54.34618516704918, -15.534957885687799]]]}, "properties": {"bairro": "Residencial Buritis V", "quadra": "13", "numero_lote": "16", "chave": "Residencial Buritis V|13|16", "area_gis_m2": 322.38, "fonte": "MAPA PVA_RESIDENCIAL BURITIS V.dwg"}}, {"type": "Feature", "geometry": {"type": "Polygon", "coordinates": [[[-54.34616812488068, -15.535046680293645], [-54.34646604381135, -15.535100423737074], [-54.34646604381135, -15.535100423737074], [-54.34645659561943, -15.53517077824123], [-54.34645659561943, -15.53517077824123], [-54.34641910593858, -15.53517541758969], [-54.34638199833775, -15.535182368360779], [-54.346345424278034, -15.535191602183506], [-54.346309533042806, -15.53520308136825], [-54.346274471128424, -15.53521675906053], [-54.34624038164629, -15.535232579432318], [-54.34620740373872, -15.535250477909813], [-54.34617567201101, -15.5352703814371], [-54.34614531598208, -15.53529220877429], [-54.34611645955577, -15.535315870829105], [-54.34616812488068, -15.535046680293645]]]}, "properties": {"bairro": "Residencial Buritis V", "quadra": "13", "numero_lote": "15", "chave": "Residencial Buritis V|13|15", "area_gis_m2": 542.11, "fonte": "MAPA PVA_RESIDENCIAL BURITIS V.dwg"}}, {"type": "Feature", "geometry": {"type": "Polygon", "coordinates": [[[-54.34595085349471, -15.535191221052441], [-54.34613404084686, -15.53522426758874], [-54.34611645955577, -15.535315870829105], [-54.34611645955577, -15.535315870829105], [-54.34608931771262, -15.535341174425639], [-54.34606389134041, -15.535368100863705], [-54.346040283459395, -15.535396541045758], [-54.34601858972199, -15.535426379740967], [-54.34599889802523, -15.535457496052183], [-54.34598128815458, -15.535489763905668], [-54.34589648656376, -15.53547446589645], [-54.34595085349471, -15.535191221052441]]]}, "properties": {"bairro": "Residencial Buritis V", "quadra": "13", "numero_lote": "14", "chave": "Residencial Buritis V|13|14", "area_gis_m2": 504.04, "fonte": "MAPA PVA_RESIDENCIAL BURITIS V.dwg"}}, {"type": "Feature", "geometry": {"type": "Polygon", "coordinates": [[[-54.34544773996308, -15.527939373343486], [-54.34553932408799, -15.527955895167697], [-54.345502685659966, -15.528146800937268], [-54.34541110145863, -15.528130279085326], [-54.34544773996308, -15.527939373343486]]]}, "properties": {"bairro": "Residencial Buritis V", "quadra": "50", "numero_lote": "6", "chave": "Residencial Buritis V|50|6", "area_gis_m2": 215.0, "fonte": "MAPA PVA_RESIDENCIAL BURITIS V.dwg"}}, {"type": "Feature", "geometry": {"type": "Polygon", "coordinates": [[[-54.34535615586378, -15.527922851458088], [-54.34544773996795, -15.527939373318096], [-54.345411101463505, -15.528130279059933], [-54.3453195172829, -15.52811375717218], [-54.34535615586378, -15.527922851458088]]]}, "properties": {"bairro": "Residencial Buritis V", "quadra": "50", "numero_lote": "7", "chave": "Residencial Buritis V|50|7", "area_gis_m2": 215.0, "fonte": "MAPA PVA_RESIDENCIAL BURITIS V.dwg"}}, {"type": "Feature", "geometry": {"type": "Polygon", "coordinates": [[[-54.34526457178522, -15.527906329536851], [-54.34535615586865, -15.527922851432685], [-54.34531951728777, -15.528113757146771], [-54.3452279331279, -15.528097235223193], [-54.34526457178522, -15.527906329536851]]]}, "properties": {"bairro": "Residencial Buritis V", "quadra": "50", "numero_lote": "8", "chave": "Residencial Buritis V|50|8", "area_gis_m2": 215.0, "fonte": "MAPA PVA_RESIDENCIAL BURITIS V.dwg"}}, {"type": "Feature", "geometry": {"type": "Polygon", "coordinates": [[[-54.345172987727395, -15.527889807579824], [-54.345264571790096, -15.52790632951146], [-54.34522793313277, -15.528097235197832], [-54.345136348993634, -15.528080713238447], [-54.345172987727395, -15.527889807579824]]]}, "properties": {"bairro": "Residencial Buritis V", "quadra": "50", "numero_lote": "9", "chave": "Residencial Buritis V|50|9", "area_gis_m2": 215.0, "fonte": "MAPA PVA_RESIDENCIAL BURITIS V.dwg"}}, {"type": "Feature", "geometry": {"type": "Polygon", "coordinates": [[[-54.345081403690294, -15.527873285586987], [-54.345172987732255, -15.527889807554416], [-54.34513634899851, -15.528080713213035], [-54.34504476488011, -15.52806419121786], [-54.345081403690294, -15.527873285586987]]]}, "properties": {"bairro": "Residencial Buritis V", "quadra": "50", "numero_lote": "10", "chave": "Residencial Buritis V|50|10", "area_gis_m2": 215.0, "fonte": "MAPA PVA_RESIDENCIAL BURITIS V.dwg"}}, {"type": "Feature", "geometry": {"type": "Polygon", "coordinates": [[[-54.34498981967394, -15.52785676355833], [-54.34508140369517, -15.527873285561602], [-54.34504476488498, -15.528064191192472], [-54.34495318078731, -15.528047669161497], [-54.34498981967394, -15.52785676355833]]]}, "properties": {"bairro": "Residencial Buritis V", "quadra": "50", "numero_lote": "11", "chave": "Residencial Buritis V|50|11", "area_gis_m2": 215.0, "fonte": "MAPA PVA_RESIDENCIAL BURITIS V.dwg"}}, {"type": "Feature", "geometry": {"type": "Polygon", "coordinates": [[[-54.34489823567831, -15.527840241493879], [-54.34498981967881, -15.527856763532942], [-54.34495318079218, -15.52804766913608], [-54.344861596715255, -15.528031147069289], [-54.34489823567831, -15.527840241493879]]]}, "properties": {"bairro": "Residencial Buritis V", "quadra": "50", "numero_lote": "12", "chave": "Residencial Buritis V|50|12", "area_gis_m2": 215.0, "fonte": "MAPA PVA_RESIDENCIAL BURITIS V.dwg"}}, {"type": "Feature", "geometry": {"type": "Polygon", "coordinates": [[[-54.34480665170342, -15.527823719393604], [-54.34489823568318, -15.527840241468487], [-54.34486159672012, -15.528031147043883], [-54.34477001266393, -15.528014624941282], [-54.34480665170342, -15.527823719393604]]]}, "properties": {"bairro": "Residencial Buritis V", "quadra": "50", "numero_lote": "13", "chave": "Residencial Buritis V|50|13", "area_gis_m2": 215.0, "fonte": "MAPA PVA_RESIDENCIAL BURITIS V.dwg"}}, {"type": "Feature", "geometry": {"type": "Polygon", "coordinates": [[[-54.34471506774926, -15.52780719725754], [-54.344806651708296, -15.527823719368223], [-54.3447700126688, -15.52801462491589], [-54.344678428633344, -15.527998102777492], [-54.34471506774926, -15.52780719725754]]]}, "properties": {"bairro": "Residencial Buritis V", "quadra": "50", "numero_lote": "14", "chave": "Residencial Buritis V|50|14", "area_gis_m2": 215.0, "fonte": "MAPA PVA_RESIDENCIAL BURITIS V.dwg"}}, {"type": "Feature", "geometry": {"type": "Polygon", "coordinates": [[[-54.344623483815845, -15.527790675085653], [-54.34471506775414, -15.527807197232134], [-54.34467842863822, -15.527998102752086], [-54.34458684462349, -15.527981580577864], [-54.344623483815845, -15.527790675085653]]]}, "properties": {"bairro": "Residencial Buritis V", "quadra": "50", "numero_lote": "15", "chave": "Residencial Buritis V|50|15", "area_gis_m2": 215.0, "fonte": "MAPA PVA_RESIDENCIAL BURITIS V.dwg"}}, {"type": "Feature", "geometry": {"type": "Polygon", "coordinates": [[[-54.34453189990317, -15.527774152877985], [-54.34462348382072, -15.527790675060276], [-54.34458684462837, -15.52798158055248], [-54.344495260634375, -15.527965058342453], [-54.34453189990317, -15.527774152877985]]]}, "properties": {"bairro": "Residencial Buritis V", "quadra": "50", "numero_lote": "16", "chave": "Residencial Buritis V|50|16", "area_gis_m2": 215.0, "fonte": "MAPA PVA_RESIDENCIAL BURITIS V.dwg"}}, {"type": "Feature", "geometry": {"type": "Polygon", "coordinates": [[[-54.34444031601122, -15.527757630634488], [-54.344531899908034, -15.52777415285258], [-54.34449526063925, -15.52796505831704], [-54.344403676666, -15.527948536071218], [-54.34444031601122, -15.527757630634488]]]}, "properties": {"bairro": "Residencial Buritis V", "quadra": "50", "numero_lote": "17", "chave": "Residencial Buritis V|50|17", "area_gis_m2": 215.0, "fonte": "MAPA PVA_RESIDENCIAL BURITIS V.dwg"}}, {"type": "Feature", "geometry": {"type": "Polygon", "coordinates": [[[-54.34434873214001, -15.527741108355206], [-54.34444031601609, -15.527757630609099], [-54.344403676670865, -15.52794853604583], [-54.344312092718354, -15.527932013764191], [-54.34434873214001, -15.527741108355206]]]}, "properties": {"bairro": "Residencial Buritis V", "quadra": "50", "numero_lote": "18", "chave": "Residencial Buritis V|50|18", "area_gis_m2": 215.0, "fonte": "MAPA PVA_RESIDENCIAL BURITIS V.dwg"}}, {"type": "Feature", "geometry": {"type": "Polygon", "coordinates": [[[-54.34425714832882, -15.527724586047183], [-54.34434873218417, -15.52774110833688], [-54.344312092762515, -15.527932013745868], [-54.34422050883074, -15.527915491428423], [-54.34425714832882, -15.527724586047183]]]}, "properties": {"bairro": "Residencial Buritis V", "quadra": "48", "numero_lote": "19", "chave": "Residencial Buritis V|48|19", "area_gis_m2": 215.0, "fonte": "MAPA PVA_RESIDENCIAL BURITIS V.dwg"}}, {"type": "Feature", "geometry": {"type": "Polygon", "coordinates": [[[-54.34581407657248, -15.52800546050168], [-54.34590566078032, -15.528021982182663], [-54.34586902265806, -15.528212888063145], [-54.34577743837377, -15.528196366354432], [-54.34581407657248, -15.52800546050168]]]}, "properties": {"bairro": "Residencial Buritis V", "quadra": "50", "numero_lote": "2", "chave": "Residencial Buritis V|50|2", "area_gis_m2": 215.0, "fonte": "MAPA PVA_RESIDENCIAL BURITIS V.dwg"}}, {"type": "Feature", "geometry": {"type": "Polygon", "coordinates": [[[-54.345722492390244, -15.527988938759488], [-54.345814076577355, -15.528005460476287], [-54.34577743837865, -15.528196366329032], [-54.3456858541151, -15.528179844584516], [-54.345722492390244, -15.527988938759488]]]}, "properties": {"bairro": "Residencial Buritis V", "quadra": "50", "numero_lote": "3", "chave": "Residencial Buritis V|50|3", "area_gis_m2": 215.0, "fonte": "MAPA PVA_RESIDENCIAL BURITIS V.dwg"}}, {"type": "Feature", "geometry": {"type": "Polygon", "coordinates": [[[-54.34563090822875, -15.527972416981507], [-54.34572249239512, -15.527988938734095], [-54.345685854119985, -15.528179844559132], [-54.345594269877175, -15.528163322778807], [-54.34563090822875, -15.527972416981507]]]}, "properties": {"bairro": "Residencial Buritis V", "quadra": "50", "numero_lote": "4", "chave": "Residencial Buritis V|50|4", "area_gis_m2": 215.0, "fonte": "MAPA PVA_RESIDENCIAL BURITIS V.dwg"}}, {"type": "Feature", "geometry": {"type": "Polygon", "coordinates": [[[-54.34553932408799, -15.527955895167697], [-54.34563090823362, -15.527972416956102], [-54.34559426988205, -15.5281633227534], [-54.34550268565997, -15.528146800937268], [-54.34553932408799, -15.527955895167697]]]}, "properties": {"bairro": "Residencial Buritis V", "quadra": "50", "numero_lote": "5", "chave": "Residencial Buritis V|50|5", "area_gis_m2": 215.0, "fonte": "MAPA PVA_RESIDENCIAL BURITIS V.dwg"}}, {"type": "Feature", "geometry": {"type": "Polygon", "coordinates": [[[-54.34590566085244, -15.528021981806871], [-54.346015739798666, -15.528041839866175], [-54.346057097661706, -15.528246816313771], [-54.34586902268743, -15.528212887910092], [-54.34590566085244, -15.528021981806871]]]}, "properties": {"bairro": "Residencial Buritis V", "quadra": "50", "numero_lote": "1", "chave": "Residencial Buritis V|50|1", "area_gis_m2": 349.97, "fonte": "MAPA PVA_RESIDENCIAL BURITIS V.dwg"}}, {"type": "Feature", "geometry": {"type": "Polygon", "coordinates": [[[-54.34422050878658, -15.527915491446729], [-54.34440367667087, -15.527948536045834], [-54.344384086231706, -15.52805064912327], [-54.34420091826563, -15.528017604494543], [-54.34422050878658, -15.527915491446729]]]}, "properties": {"bairro": "Residencial Buritis V", "quadra": "49", "numero_lote": "1", "chave": "Residencial Buritis V|49|1", "area_gis_m2": 230.0, "fonte": "MAPA PVA_RESIDENCIAL BURITIS V.dwg"}}, {"type": "Feature", "geometry": {"type": "Polygon", "coordinates": [[[-54.34420091826562, -15.528017604494568], [-54.344384086231685, -15.528050649123326], [-54.344367044645445, -15.528139442342903], [-54.34418387660827, -15.528106397688347], [-54.34420091826562, -15.528017604494568]]]}, "properties": {"bairro": "Residencial Buritis V", "quadra": "49", "numero_lote": "2", "chave": "Residencial Buritis V|49|2", "area_gis_m2": 200.0, "fonte": "MAPA PVA_RESIDENCIAL BURITIS V.dwg"}}, {"type": "Feature", "geometry": {"type": "Polygon", "coordinates": [[[-54.34418387660826, -15.528106397688367], [-54.34436704464543, -15.528139442342932], [-54.34435000303846, -15.528228235558258], [-54.34416683493018, -15.52819519087793], [-54.34418387660826, -15.528106397688367]]]}, "properties": {"bairro": "Residencial Buritis V", "quadra": "49", "numero_lote": "3", "chave": "Residencial Buritis V|49|3", "area_gis_m2": 200.0, "fonte": "MAPA PVA_RESIDENCIAL BURITIS V.dwg"}}, {"type": "Feature", "geometry": {"type": "Polygon", "coordinates": [[[-54.34416683493018, -15.528195190877947], [-54.344350003038436, -15.52822823555831], [-54.34433296141072, -15.528317028769386], [-54.344149793231345, -15.528283984063261], [-54.34416683493018, -15.528195190877947]]]}, "properties": {"bairro": "Residencial Buritis V", "quadra": "49", "numero_lote": "4", "chave": "Residencial Buritis V|49|4", "area_gis_m2": 200.0, "fonte": "MAPA PVA_RESIDENCIAL BURITIS V.dwg"}}, {"type": "Feature", "geometry": {"type": "Polygon", "coordinates": [[[-54.34414979323134, -15.528283984063261], [-54.34433296141071, -15.528317028769434], [-54.34431591976226, -15.528405821976282], [-54.34413275151178, -15.528372777244337], [-54.34414979323134, -15.528283984063261]]]}, "properties": {"bairro": "Residencial Buritis V", "quadra": "49", "numero_lote": "5", "chave": "Residencial Buritis V|49|5", "area_gis_m2": 200.0, "fonte": "MAPA PVA_RESIDENCIAL BURITIS V.dwg"}}, {"type": "Feature", "geometry": {"type": "Polygon", "coordinates": [[[-54.34413275151177, -15.528372777244337], [-54.34431591976224, -15.528405821976323], [-54.344298878093056, -15.528494615178907], [-54.34411570977147, -15.528461570421163], [-54.34413275151177, -15.528372777244337]]]}, "properties": {"bairro": "Residencial Buritis V", "quadra": "49", "numero_lote": "6", "chave": "Residencial Buritis V|49|6", "area_gis_m2": 200.0, "fonte": "MAPA PVA_RESIDENCIAL BURITIS V.dwg"}}, {"type": "Feature", "geometry": {"type": "Polygon", "coordinates": [[[-54.344115709771465, -15.528461570421182], [-54.344298878093035, -15.528494615178975], [-54.344281836403106, -15.528583408377324], [-54.344098668010425, -15.528550363593784], [-54.344115709771465, -15.528461570421182]]]}, "properties": {"bairro": "Residencial Buritis V", "quadra": "49", "numero_lote": "7", "chave": "Residencial Buritis V|49|7", "area_gis_m2": 200.0, "fonte": "MAPA PVA_RESIDENCIAL BURITIS V.dwg"}}, {"type": "Feature", "geometry": {"type": "Polygon", "coordinates": [[[-54.344098668010425, -15.528550363593784], [-54.3442818364031, -15.528583408377374], [-54.344264794692435, -15.528672201571474], [-54.34408162622864, -15.528639156762118], [-54.344098668010425, -15.528550363593784]]]}, "properties": {"bairro": "Residencial Buritis V", "quadra": "49", "numero_lote": "8", "chave": "Residencial Buritis V|49|8", "area_gis_m2": 200.0, "fonte": "MAPA PVA_RESIDENCIAL BURITIS V.dwg"}}, {"type": "Feature", "geometry": {"type": "Polygon", "coordinates": [[[-54.344081626228636, -15.528639156762127], [-54.344264794692414, -15.528672201571522], [-54.34424775296101, -15.528760994761397], [-54.34406458442612, -15.528727949926232], [-54.344081626228636, -15.528639156762127]]]}, "properties": {"bairro": "Residencial Buritis V", "quadra": "49", "numero_lote": "9", "chave": "Residencial Buritis V|49|9", "area_gis_m2": 200.0, "fonte": "MAPA PVA_RESIDENCIAL BURITIS V.dwg"}}, {"type": "Feature", "geometry": {"type": "Polygon", "coordinates": [[[-54.344064584426114, -15.528727949926232], [-54.344247752960996, -15.528760994761445], [-54.34423071120886, -15.528849787947062], [-54.34404754260286, -15.528816743086105], [-54.344064584426114, -15.528727949926232]]]}, "properties": {"bairro": "Residencial Buritis V", "quadra": "49", "numero_lote": "10", "chave": "Residencial Buritis V|49|10", "area_gis_m2": 200.0, "fonte": "MAPA PVA_RESIDENCIAL BURITIS V.dwg"}}, {"type": "Feature", "geometry": {"type": "Polygon", "coordinates": [[[-54.34404754260285, -15.528816743086105], [-54.34423071120884, -15.528849787947117], [-54.344213669435966, -15.528938581128491], [-54.34403050075886, -15.528905536241714], [-54.34404754260285, -15.528816743086105]]]}, "properties": {"bairro": "Residencial Buritis V", "quadra": "49", "numero_lote": "11", "chave": "Residencial Buritis V|49|11", "area_gis_m2": 200.0, "fonte": "MAPA PVA_RESIDENCIAL BURITIS V.dwg"}}, {"type": "Feature", "geometry": {"type": "Polygon", "coordinates": [[[-54.344030500758855, -15.52890553624173], [-54.344213669435945, -15.528938581128541], [-54.34419662764233, -15.529027374305679], [-54.344013458894125, -15.528994329393095], [-54.344030500758855, -15.52890553624173]]]}, "properties": {"bairro": "Residencial Buritis V", "quadra": "49", "numero_lote": "12", "chave": "Residencial Buritis V|49|12", "area_gis_m2": 200.0, "fonte": "MAPA PVA_RESIDENCIAL BURITIS V.dwg"}}, {"type": "Feature", "geometry": {"type": "Polygon", "coordinates": [[[-54.34401345889412, -15.528994329393111], [-54.34419662764231, -15.529027374305743], [-54.34417958582796, -15.52911616747863], [-54.34399641700865, -15.529083122540243], [-54.34401345889412, -15.528994329393111]]]}, "properties": {"bairro": "Residencial Buritis V", "quadra": "49", "numero_lote": "13", "chave": "Residencial Buritis V|49|13", "area_gis_m2": 200.0, "fonte": "MAPA PVA_RESIDENCIAL BURITIS V.dwg"}}, {"type": "Feature", "geometry": {"type": "Polygon", "coordinates": [[[-54.34399641700864, -15.529083122540259], [-54.344179585827945, -15.529116167478678], [-54.34416254399285, -15.529204960647338], [-54.34397937510243, -15.529171915683145], [-54.34399641700864, -15.529083122540259]]]}, "properties": {"bairro": "Residencial Buritis V", "quadra": "49", "numero_lote": "14", "chave": "Residencial Buritis V|49|14", "area_gis_m2": 200.0, "fonte": "MAPA PVA_RESIDENCIAL BURITIS V.dwg"}}, {"type": "Feature", "geometry": {"type": "Polygon", "coordinates": [[[-54.34397937510243, -15.529171915683145], [-54.34416254399284, -15.529204960647386], [-54.344145502137, -15.5292937538118], [-54.343962333175476, -15.529260708821791], [-54.34397937510243, -15.529171915683145]]]}, "properties": {"bairro": "Residencial Buritis V", "quadra": "49", "numero_lote": "15", "chave": "Residencial Buritis V|49|15", "area_gis_m2": 200.0, "fonte": "MAPA PVA_RESIDENCIAL BURITIS V.dwg"}}, {"type": "Feature", "geometry": {"type": "Polygon", "coordinates": [[[-54.34396233317547, -15.529260708821791], [-54.34414550213699, -15.529293753811842], [-54.34412846026042, -15.529382546972018], [-54.34394529122779, -15.529349501956208], [-54.34396233317547, -15.529260708821791]]]}, "properties": {"bairro": "Residencial Buritis V", "quadra": "49", "numero_lote": "16", "chave": "Residencial Buritis V|49|16", "area_gis_m2": 200.0, "fonte": "MAPA PVA_RESIDENCIAL BURITIS V.dwg"}}, {"type": "Feature", "geometry": {"type": "Polygon", "coordinates": [[[-54.34394529122778, -15.529349501956208], [-54.3441284602604, -15.529382546972071], [-54.34411141836309, -15.529471340127976], [-54.343928249259356, -15.529438295086369], [-54.34394529122778, -15.529349501956208]]]}, "properties": {"bairro": "Residencial Buritis V", "quadra": "49", "numero_lote": "17", "chave": "Residencial Buritis V|49|17", "area_gis_m2": 200.0, "fonte": "MAPA PVA_RESIDENCIAL BURITIS V.dwg"}}, {"type": "Feature", "geometry": {"type": "Polygon", "coordinates": [[[-54.34392824925935, -15.529438295086385], [-54.34411141836308, -15.529471340128023], [-54.34409437644503, -15.529560133279716], [-54.34391120727018, -15.529527088212294], [-54.34392824925935, -15.529438295086385]]]}, "properties": {"bairro": "Residencial Buritis V", "quadra": "49", "numero_lote": "18", "chave": "Residencial Buritis V|49|18", "area_gis_m2": 200.0, "fonte": "MAPA PVA_RESIDENCIAL BURITIS V.dwg"}}, {"type": "Feature", "geometry": {"type": "Polygon", "coordinates": [[[-54.343911207270175, -15.529527088212294], [-54.34409437644501, -15.52956013327976], [-54.344077334506224, -15.529648926427205], [-54.34389416526027, -15.529615881333974], [-54.343911207270175, -15.529527088212294]]]}, "properties": {"bairro": "Residencial Buritis V", "quadra": "49", "numero_lote": "19", "chave": "Residencial Buritis V|49|19", "area_gis_m2": 200.0, "fonte": "MAPA PVA_RESIDENCIAL BURITIS V.dwg"}}, {"type": "Feature", "geometry": {"type": "Polygon", "coordinates": [[[-54.34389416526026, -15.52961588133399], [-54.3440773345062, -15.529648926427253], [-54.344060292546686, -15.529737719570445], [-54.34387712322962, -15.529704674451407], [-54.34389416526026, -15.52961588133399]]]}, "properties": {"bairro": "Residencial Buritis V", "quadra": "49", "numero_lote": "20", "chave": "Residencial Buritis V|49|20", "area_gis_m2": 200.0, "fonte": "MAPA PVA_RESIDENCIAL BURITIS V.dwg"}}, {"type": "Feature", "geometry": {"type": "Polygon", "coordinates": [[[-54.34387712322961, -15.529704674451427], [-54.344060292546665, -15.529737719570502], [-54.3440432505664, -15.52982651270946], [-54.34386008117823, -15.529793467564623], [-54.34387712322961, -15.529704674451427]]]}, "properties": {"bairro": "Residencial Buritis V", "quadra": "49", "numero_lote": "21", "chave": "Residencial Buritis V|49|21", "area_gis_m2": 200.0, "fonte": "MAPA PVA_RESIDENCIAL BURITIS V.dwg"}}, {"type": "Feature", "geometry": {"type": "Polygon", "coordinates": [[[-54.34386008117822, -15.529793467564623], [-54.34404325056638, -15.529826512709501], [-54.344026208565374, -15.529915305844208], [-54.34384303910609, -15.529882260673556], [-54.34386008117822, -15.529793467564623]]]}, "properties": {"bairro": "Residencial Buritis V", "quadra": "49", "numero_lote": "22", "chave": "Residencial Buritis V|49|22", "area_gis_m2": 200.0, "fonte": "MAPA PVA_RESIDENCIAL BURITIS V.dwg"}}, {"type": "Feature", "geometry": {"type": "Polygon", "coordinates": [[[-54.34384303910608, -15.529882260673576], [-54.34402620856536, -15.52991530584426], [-54.344009166543614, -15.53000409897473], [-54.34382599701322, -15.529971053778272], [-54.34384303910608, -15.529882260673576]]]}, "properties": {"bairro": "Residencial Buritis V", "quadra": "49", "numero_lote": "23", "chave": "Residencial Buritis V|49|23", "area_gis_m2": 200.0, "fonte": "MAPA PVA_RESIDENCIAL BURITIS V.dwg"}}, {"type": "Feature", "geometry": {"type": "Polygon", "coordinates": [[[-54.34382599701321, -15.529971053778272], [-54.34400916654359, -15.530004098974795], [-54.343992124501106, -15.530092892101012], [-54.3438089548996, -15.530059846878737], [-54.34382599701321, -15.529971053778272]]]}, "properties": {"bairro": "Residencial Buritis V", "quadra": "49", "numero_lote": "24", "chave": "Residencial Buritis V|49|24", "area_gis_m2": 200.0, "fonte": "MAPA PVA_RESIDENCIAL BURITIS V.dwg"}}, {"type": "Feature", "geometry": {"type": "Polygon", "coordinates": [[[-54.3438089548996, -15.530059846878737], [-54.34399212450109, -15.530092892101056], [-54.343975082437865, -15.530181685223043], [-54.343791912765255, -15.530148639974955], [-54.3438089548996, -15.530059846878737]]]}, "properties": {"bairro": "Residencial Buritis V", "quadra": "49", "numero_lote": "25", "chave": "Residencial Buritis V|49|25", "area_gis_m2": 200.0, "fonte": "MAPA PVA_RESIDENCIAL BURITIS V.dwg"}}, {"type": "Feature", "geometry": {"type": "Polygon", "coordinates": [[[-54.34379191276525, -15.53014863997496], [-54.34397508243785, -15.530181685223091], [-54.343955484039505, -15.530283797308128], [-54.34377231428511, -15.53025075203036], [-54.34379191276525, -15.53014863997496]]]}, "properties": {"bairro": "Residencial Buritis V", "quadra": "49", "numero_lote": "26", "chave": "Residencial Buritis V|49|26", "area_gis_m2": 230.0, "fonte": "MAPA PVA_RESIDENCIAL BURITIS V.dwg"}}, {"type": "Feature", "geometry": {"type": "Polygon", "coordinates": [[[-54.3437723142809, -15.530250752052348], [-54.34386389914772, -15.530267274709146], [-54.34382725845753, -15.530458179858632], [-54.34373567351426, -15.530441657174086], [-54.3437723142809, -15.530250752052348]]]}, "properties": {"bairro": "Residencial Buritis V", "quadra": "38", "numero_lote": "1", "chave": "Residencial Buritis V|38|1", "area_gis_m2": 215.0, "fonte": "MAPA PVA_RESIDENCIAL BURITIS V.dwg"}}, {"type": "Feature", "geometry": {"type": "Polygon", "coordinates": [[[-54.34386389915194, -15.530267274687143], [-54.343955484039505, -15.530283797308128], [-54.343918843425755, -15.530474702485355], [-54.34382725846175, -15.53045817983663], [-54.34386389915194, -15.530267274687143]]]}, "properties": {"bairro": "Residencial Buritis V", "quadra": "38", "numero_lote": "2", "chave": "Residencial Buritis V|38|2", "area_gis_m2": 215.0, "fonte": "MAPA PVA_RESIDENCIAL BURITIS V.dwg"}}, {"type": "Feature", "geometry": {"type": "Polygon", "coordinates": [[[-54.343955484043725, -15.530283797286133], [-54.34404706895203, -15.530300319871282], [-54.34401042841473, -15.530491225076274], [-54.34391884342998, -15.530474702463351], [-54.343955484043725, -15.530283797286133]]]}, "properties": {"bairro": "Residencial Buritis V", "quadra": "38", "numero_lote": "3", "chave": "Residencial Buritis V|38|3", "area_gis_m2": 215.0, "fonte": "MAPA PVA_RESIDENCIAL BURITIS V.dwg"}}, {"type": "Feature", "geometry": {"type": "Polygon", "coordinates": [[[-54.34404706895202, -15.530300319871282], [-54.34413865388107, -15.530316842420644], [-54.34410201342021, -15.530507747653372], [-54.34401042841473, -15.530491225076274], [-54.34404706895202, -15.530300319871282]]]}, "properties": {"bairro": "Residencial Buritis V", "quadra": "38", "numero_lote": "4", "chave": "Residencial Buritis V|38|4", "area_gis_m2": 215.0, "fonte": "MAPA PVA_RESIDENCIAL BURITIS V.dwg"}}, {"type": "Feature", "geometry": {"type": "Polygon", "coordinates": [[[-54.34413865388107, -15.530316842420644], [-54.344230238830846, -15.530333364934208], [-54.344193598446445, -15.530524270194668], [-54.34410201342021, -15.530507747653372], [-54.34413865388107, -15.530316842420644]]]}, "properties": {"bairro": "Residencial Buritis V", "quadra": "38", "numero_lote": "5", "chave": "Residencial Buritis V|38|5", "area_gis_m2": 215.0, "fonte": "MAPA PVA_RESIDENCIAL BURITIS V.dwg"}}, {"type": "Feature", "geometry": {"type": "Polygon", "coordinates": [[[-54.344230238835074, -15.530333364912206], [-54.34432182380559, -15.53034988738994], [-54.34428518349763, -15.530540792678151], [-54.344193598450666, -15.530524270172672], [-54.344230238835074, -15.530333364912206]]]}, "properties": {"bairro": "Residencial Buritis V", "quadra": "38", "numero_lote": "6", "chave": "Residencial Buritis V|38|6", "area_gis_m2": 215.0, "fonte": "MAPA PVA_RESIDENCIAL BURITIS V.dwg"}}, {"type": "Feature", "geometry": {"type": "Polygon", "coordinates": [[[-54.34432182380981, -15.530349887367944], [-54.344413408801074, -15.530366409809869], [-54.34437676856956, -15.530557315125796], [-54.34428518350185, -15.530540792656126], [-54.34432182380981, -15.530349887367944]]]}, "properties": {"bairro": "Residencial Buritis V", "quadra": "38", "numero_lote": "7", "chave": "Residencial Buritis V|38|7", "area_gis_m2": 215.0, "fonte": "MAPA PVA_RESIDENCIAL BURITIS V.dwg"}}, {"type": "Feature", "geometry": {"type": "Polygon", "coordinates": [[[-54.344413408805295, -15.530366409787863], [-54.344504993817296, -15.530382932193966], [-54.34446835366223, -15.530573837537657], [-54.34437676857379, -15.530557315103788], [-54.344413408805295, -15.530366409787863]]]}, "properties": {"bairro": "Residencial Buritis V", "quadra": "38", "numero_lote": "8", "chave": "Residencial Buritis V|38|8", "area_gis_m2": 215.0, "fonte": "MAPA PVA_RESIDENCIAL BURITIS V.dwg"}}, {"type": "Feature", "geometry": {"type": "Polygon", "coordinates": [[[-54.344504993821516, -15.53038293217195], [-54.34459657885426, -15.530399454542266], [-54.34455993877564, -15.530590359913681], [-54.34446835366645, -15.530573837515641], [-54.344504993821516, -15.53038293217195]]]}, "properties": {"bairro": "Residencial Buritis V", "quadra": "38", "numero_lote": "9", "chave": "Residencial Buritis V|38|9", "area_gis_m2": 215.0, "fonte": "MAPA PVA_RESIDENCIAL BURITIS V.dwg"}}, {"type": "Feature", "geometry": {"type": "Polygon", "coordinates": [[[-54.34459657885847, -15.53039945452025], [-54.344688163911954, -15.530415976854739], [-54.34465152390979, -15.530606882253887], [-54.34455993877987, -15.530590359891672], [-54.34459657885847, -15.53039945452025]]]}, "properties": {"bairro": "Residencial Buritis V", "quadra": "38", "numero_lote": "10", "chave": "Residencial Buritis V|38|10", "area_gis_m2": 215.0, "fonte": "MAPA PVA_RESIDENCIAL BURITIS V.dwg"}}, {"type": "Feature", "geometry": {"type": "Polygon", "coordinates": [[[-54.344688163916175, -15.53041597683273], [-54.3447797489904, -15.530432499131397], [-54.34474310906467, -15.530623404558282], [-54.34465152391401, -15.530606882231886], [-54.344688163916175, -15.53041597683273]]]}, "properties": {"bairro": "Residencial Buritis V", "quadra": "38", "numero_lote": "11", "chave": "Residencial Buritis V|38|11", "area_gis_m2": 215.0, "fonte": "MAPA PVA_RESIDENCIAL BURITIS V.dwg"}}, {"type": "Feature", "geometry": {"type": "Polygon", "coordinates": [[[-54.34477974899461, -15.530432499109377], [-54.34487133408957, -15.530449021372238], [-54.344834694240305, -15.530639926826883], [-54.344743109068894, -15.530623404536295], [-54.34477974899461, -15.530432499109377]]]}, "properties": {"bairro": "Residencial Buritis V", "quadra": "38", "numero_lote": "12", "chave": "Residencial Buritis V|38|12", "area_gis_m2": 215.0, "fonte": "MAPA PVA_RESIDENCIAL BURITIS V.dwg"}}, {"type": "Feature", "geometry": {"type": "Polygon", "coordinates": [[[-54.344871334093796, -15.530449021350242], [-54.344962919209486, -15.530465543577282], [-54.34492627943667, -15.530656449059672], [-54.34483469424452, -15.53063992680489], [-54.344871334093796, -15.530449021350242]]]}, "properties": {"bairro": "Residencial Buritis V", "quadra": "38", "numero_lote": "13", "chave": "Residencial Buritis V|38|13", "area_gis_m2": 215.0, "fonte": "MAPA PVA_RESIDENCIAL BURITIS V.dwg"}}, {"type": "Feature", "geometry": {"type": "Polygon", "coordinates": [[[-54.34496291920948, -15.530465543577282], [-54.34505450434591, -15.530482065768506], [-54.34501786464955, -15.530672971278626], [-54.34492627943667, -15.530656449059672], [-54.34496291920948, -15.530465543577282]]]}, "properties": {"bairro": "Residencial Buritis V", "quadra": "38", "numero_lote": "14", "chave": "Residencial Buritis V|38|14", "area_gis_m2": 215.0, "fonte": "MAPA PVA_RESIDENCIAL BURITIS V.dwg"}}, {"type": "Feature", "geometry": {"type": "Polygon", "coordinates": [[[-54.34505450434591, -15.530482065768506], [-54.34514608950309, -15.530498587923919], [-54.34510944988316, -15.530689493461777], [-54.34501786464955, -15.530672971278626], [-54.34505450434591, -15.530482065768506]]]}, "properties": {"bairro": "Residencial Buritis V", "quadra": "38", "numero_lote": "15", "chave": "Residencial Buritis V|38|15", "area_gis_m2": 215.0, "fonte": "MAPA PVA_RESIDENCIAL BURITIS V.dwg"}}, {"type": "Feature", "geometry": {"type": "Polygon", "coordinates": [[[-54.3451460895073, -15.530498587901906], [-54.345237674685215, -15.530515110021495], [-54.34520103514174, -15.530706015587109], [-54.34510944988739, -15.530689493439773], [-54.3451460895073, -15.530498587901906]]]}, "properties": {"bairro": "Residencial Buritis V", "quadra": "38", "numero_lote": "16", "chave": "Residencial Buritis V|38|16", "area_gis_m2": 215.0, "fonte": "MAPA PVA_RESIDENCIAL BURITIS V.dwg"}}, {"type": "Feature", "geometry": {"type": "Polygon", "coordinates": [[[-54.345237674689436, -15.530515109999504], [-54.34532925988808, -15.53053163208329], [-54.345292620421056, -15.530722537676636], [-54.34520103514597, -15.530706015565112], [-54.345237674689436, -15.530515109999504]]]}, "properties": {"bairro": "Residencial Buritis V", "quadra": "38", "numero_lote": "17", "chave": "Residencial Buritis V|38|17", "area_gis_m2": 215.0, "fonte": "MAPA PVA_RESIDENCIAL BURITIS V.dwg"}}, {"type": "Feature", "geometry": {"type": "Polygon", "coordinates": [[[-54.345329259892296, -15.530531632061294], [-54.34542084511168, -15.530548154109262], [-54.34538420572111, -15.530739059730333], [-54.34529262042528, -15.530722537654624], [-54.345329259892296, -15.530531632061294]]]}, "properties": {"bairro": "Residencial Buritis V", "quadra": "38", "numero_lote": "18", "chave": "Residencial Buritis V|38|18", "area_gis_m2": 215.0, "fonte": "MAPA PVA_RESIDENCIAL BURITIS V.dwg"}}, {"type": "Feature", "geometry": {"type": "Polygon", "coordinates": [[[-54.3454208451159, -15.530548154087256], [-54.34551243035602, -15.53056467609941], [-54.345475791041906, -15.530755581748203], [-54.34538420572533, -15.530739059708312], [-54.3454208451159, -15.530548154087256]]]}, "properties": {"bairro": "Residencial Buritis V", "quadra": "38", "numero_lote": "19", "chave": "Residencial Buritis V|38|19", "area_gis_m2": 215.0, "fonte": "MAPA PVA_RESIDENCIAL BURITIS V.dwg"}}, {"type": "Feature", "geometry": {"type": "Polygon", "coordinates": [[[-54.345512430360245, -15.530564676077397], [-54.3456040156211, -15.530581198053724], [-54.34556737638343, -15.530772103730284], [-54.34547579104612, -15.530755581726199], [-54.345512430360245, -15.530564676077397]]]}, "properties": {"bairro": "Residencial Buritis V", "quadra": "38", "numero_lote": "20", "chave": "Residencial Buritis V|38|20", "area_gis_m2": 215.0, "fonte": "MAPA PVA_RESIDENCIAL BURITIS V.dwg"}}, {"type": "Feature", "geometry": {"type": "Polygon", "coordinates": [[[-54.3456040156211, -15.530581198053724], [-54.34569560090268, -15.53059771999427], [-54.34565896174147, -15.530788625698534], [-54.34556737638343, -15.530772103730284], [-54.3456040156211, -15.530581198053724]]]}, "properties": {"bairro": "Residencial Buritis V", "quadra": "38", "numero_lote": "21", "chave": "Residencial Buritis V|38|21", "area_gis_m2": 215.0, "fonte": "MAPA PVA_RESIDENCIAL BURITIS V.dwg"}}, {"type": "Feature", "geometry": {"type": "Polygon", "coordinates": [[[-54.34569560090691, -15.530597719972254], [-54.345787186209236, -15.530614241876972], [-54.345750547124474, -15.530805147608968], [-54.34565896174569, -15.530788625676534], [-54.34569560090691, -15.530597719972254]]]}, "properties": {"bairro": "Residencial Buritis V", "quadra": "38", "numero_lote": "22", "chave": "Residencial Buritis V|38|22", "area_gis_m2": 215.0, "fonte": "MAPA PVA_RESIDENCIAL BURITIS V.dwg"}}, {"type": "Feature", "geometry": {"type": "Polygon", "coordinates": [[[-54.34578718621346, -15.530614241854956], [-54.34587877153652, -15.530630763723847], [-54.34584213252821, -15.530821669483593], [-54.345750547128695, -15.530805147586952], [-54.34578718621346, -15.530614241854956]]]}, "properties": {"bairro": "Residencial Buritis V", "quadra": "38", "numero_lote": "23", "chave": "Residencial Buritis V|38|23", "area_gis_m2": 215.0, "fonte": "MAPA PVA_RESIDENCIAL BURITIS V.dwg"}}, {"type": "Feature", "geometry": {"type": "Polygon", "coordinates": [[[-54.34587877154074, -15.530630763701847], [-54.34597035688454, -15.530647285534918], [-54.34593371795268, -15.530838191322403], [-54.345842132532425, -15.530821669461597], [-54.34587877154074, -15.530630763701847]]]}, "properties": {"bairro": "Residencial Buritis V", "quadra": "38", "numero_lote": "24", "chave": "Residencial Buritis V|38|24", "area_gis_m2": 215.0, "fonte": "MAPA PVA_RESIDENCIAL BURITIS V.dwg"}}, {"type": "Feature", "geometry": {"type": "Polygon", "coordinates": [[[-54.345970356888756, -15.530647285512918], [-54.34606194225329, -15.530663807310175], [-54.346025303397894, -15.530854713125406], [-54.3459337179569, -15.530838191300406], [-54.345970356888756, -15.530647285512918]]]}, "properties": {"bairro": "Residencial Buritis V", "quadra": "38", "numero_lote": "25", "chave": "Residencial Buritis V|38|25", "area_gis_m2": 215.0, "fonte": "MAPA PVA_RESIDENCIAL BURITIS V.dwg"}}, {"type": "Feature", "geometry": {"type": "Polygon", "coordinates": [[[-54.34606194225329, -15.530663807310175], [-54.34615352763856, -15.530680329071624], [-54.34611688885961, -15.530871234914583], [-54.346025303397894, -15.530854713125406], [-54.34606194225329, -15.530663807310175]]]}, "properties": {"bairro": "Residencial Buritis V", "quadra": "38", "numero_lote": "26", "chave": "Residencial Buritis V|38|26", "area_gis_m2": 215.0, "fonte": "MAPA PVA_RESIDENCIAL BURITIS V.dwg"}}, {"type": "Feature", "geometry": {"type": "Polygon", "coordinates": [[[-54.346153527642784, -15.530680329049611], [-54.346245113048795, -15.530696850775241], [-54.34620847434629, -15.530887756645937], [-54.34611688886384, -15.530871234892574], [-54.346153527642784, -15.530680329049611]]]}, "properties": {"bairro": "Residencial Buritis V", "quadra": "38", "numero_lote": "27", "chave": "Residencial Buritis V|38|27", "area_gis_m2": 215.0, "fonte": "MAPA PVA_RESIDENCIAL BURITIS V.dwg"}}, {"type": "Feature", "geometry": {"type": "Polygon", "coordinates": [[[-54.34624511305301, -15.53069685075325], [-54.34633669847975, -15.53071337244306], [-54.34630005985371, -15.530904278341483], [-54.34620847435052, -15.530887756623919], [-54.34624511305301, -15.53069685075325]]]}, "properties": {"bairro": "Residencial Buritis V", "quadra": "38", "numero_lote": "28", "chave": "Residencial Buritis V|38|28", "area_gis_m2": 215.0, "fonte": "MAPA PVA_RESIDENCIAL BURITIS V.dwg"}}, {"type": "Feature", "geometry": {"type": "Polygon", "coordinates": [[[-54.346336698483974, -15.530713372421044], [-54.34642828393145, -15.530729894075057], [-54.34639164538186, -15.53092080000121], [-54.34630005985793, -15.530904278319479], [-54.346336698483974, -15.530713372421044]]]}, "properties": {"bairro": "Residencial Buritis V", "quadra": "38", "numero_lote": "29", "chave": "Residencial Buritis V|38|29", "area_gis_m2": 215.0, "fonte": "MAPA PVA_RESIDENCIAL BURITIS V.dwg"}}, {"type": "Feature", "geometry": {"type": "Polygon", "coordinates": [[[-54.346428283885004, -15.53072989431707], [-54.34656301334681, -15.53075419890942], [-54.34660437186865, -15.5309591754023], [-54.346391645288925, -15.530920800485438], [-54.346428283885004, -15.53072989431707]]]}, "properties": {"bairro": "Residencial Buritis V", "quadra": "38", "numero_lote": "30", "chave": "Residencial Buritis V|38|30", "area_gis_m2": 407.83, "fonte": "MAPA PVA_RESIDENCIAL BURITIS V.dwg"}}, {"type": "Feature", "geometry": {"type": "Polygon", "coordinates": [[[-54.344592187591374, -15.52810197253926], [-54.34468377165854, -15.5281184947195], [-54.34464968864138, -15.528296081228813], [-54.344558104503115, -15.528279559022769], [-54.344592187591374, -15.52810197253926]]]}, "properties": {"bairro": "Residencial Buritis V", "quadra": "50", "numero_lote": "9", "chave": "Residencial Buritis V|50|9", "area_gis_m2": 200.0, "fonte": "MAPA PVA_RESIDENCIAL BURITIS V.dwg"}}, {"type": "Feature", "geometry": {"type": "Polygon", "coordinates": [[[-54.344683771652086, -15.528118494753128], [-54.34477535573999, -15.528135016897561], [-54.34474127279393, -15.528312603432648], [-54.34464968863493, -15.528296081262424], [-54.344683771652086, -15.528118494753128]]]}, "properties": {"bairro": "Residencial Buritis V", "quadra": "50", "numero_lote": "8", "chave": "Residencial Buritis V|50|8", "area_gis_m2": 200.0, "fonte": "MAPA PVA_RESIDENCIAL BURITIS V.dwg"}}, {"type": "Feature", "geometry": {"type": "Polygon", "coordinates": [[[-54.34477535573784, -15.528135016908776], [-54.344866939846476, -15.528151539017395], [-54.34483285697152, -15.528329125578283], [-54.34474127279179, -15.52831260344386], [-54.34477535573784, -15.528135016908776]]]}, "properties": {"bairro": "Residencial Buritis V", "quadra": "50", "numero_lote": "7", "chave": "Residencial Buritis V|50|7", "area_gis_m2": 200.0, "fonte": "MAPA PVA_RESIDENCIAL BURITIS V.dwg"}}, {"type": "Feature", "geometry": {"type": "Polygon", "coordinates": [[[-54.34486693984432, -15.52815153902859], [-54.344958523973695, -15.528168061101406], [-54.34492444116985, -15.528345647688097], [-54.344832856969376, -15.52832912558949], [-54.34486693984432, -15.52815153902859]]]}, "properties": {"bairro": "Residencial Buritis V", "quadra": "50", "numero_lote": "6", "chave": "Residencial Buritis V|50|6", "area_gis_m2": 200.0, "fonte": "MAPA PVA_RESIDENCIAL BURITIS V.dwg"}}, {"type": "Feature", "geometry": {"type": "Polygon", "coordinates": [[[-54.344958523973695, -15.528168061101406], [-54.34505010812381, -15.528184583138412], [-54.34501602539106, -15.528362169750908], [-54.34492444116985, -15.528345647688097], [-54.344958523973695, -15.528168061101406]]]}, "properties": {"bairro": "Residencial Buritis V", "quadra": "50", "numero_lote": "5", "chave": "Residencial Buritis V|50|5", "area_gis_m2": 200.0, "fonte": "MAPA PVA_RESIDENCIAL BURITIS V.dwg"}}, {"type": "Feature", "geometry": {"type": "Polygon", "coordinates": [[[-54.34505010812381, -15.528184583138412], [-54.345141692294646, -15.528201105139615], [-54.34510760963301, -15.5283786917779], [-54.34501602539107, -15.528362169750908], [-54.34505010812381, -15.528184583138412]]]}, "properties": {"bairro": "Residencial Buritis V", "quadra": "50", "numero_lote": "4", "chave": "Residencial Buritis V|50|4", "area_gis_m2": 200.0, "fonte": "MAPA PVA_RESIDENCIAL BURITIS V.dwg"}}, {"type": "Feature", "geometry": {"type": "Polygon", "coordinates": [[[-54.345141692294646, -15.528201105139615], [-54.345233276486226, -15.528217627104992], [-54.345199193895695, -15.5283952137691], [-54.34510760963301, -15.5283786917779], [-54.345141692294646, -15.528201105139615]]]}, "properties": {"bairro": "Residencial Buritis V", "quadra": "50", "numero_lote": "3", "chave": "Residencial Buritis V|50|3", "area_gis_m2": 200.0, "fonte": "MAPA PVA_RESIDENCIAL BURITIS V.dwg"}}, {"type": "Feature", "geometry": {"type": "Polygon", "coordinates": [[[-54.345233276486226, -15.528217627104992], [-54.34532486069854, -15.52823414903457], [-54.34529077817911, -15.528411735724477], [-54.345199193895695, -15.5283952137691], [-54.345233276486226, -15.528217627104992]]]}, "properties": {"bairro": "Residencial Buritis V", "quadra": "50", "numero_lote": "2", "chave": "Residencial Buritis V|50|2", "area_gis_m2": 200.0, "fonte": "MAPA PVA_RESIDENCIAL BURITIS V.dwg"}}, {"type": "Feature", "geometry": {"type": "Polygon", "coordinates": [[[-54.34532486068779, -15.528234149090618], [-54.345416444920836, -15.528250670984391], [-54.345382362472506, -15.528428257700085], [-54.345290778168355, -15.528411735780512], [-54.34532486068779, -15.528234149090618]]]}, "properties": {"bairro": "Residencial Buritis V", "quadra": "50", "numero_lote": "1", "chave": "Residencial Buritis V|50|1", "area_gis_m2": 200.0, "fonte": "MAPA PVA_RESIDENCIAL BURITIS V.dwg"}}, {"type": "Feature", "geometry": {"type": "Polygon", "coordinates": [[[-54.3455355018622, -15.528272148889204], [-54.34564082380885, -15.528291148854503], [-54.34560674153473, -15.528468735633414], [-54.3455014195063, -15.528449735638446], [-54.3455355018622, -15.528272148889204]]]}, "properties": {"bairro": "Residencial Buritis V", "quadra": "50", "numero_lote": "4", "chave": "Residencial Buritis V|50|4", "area_gis_m2": 230.0, "fonte": "MAPA PVA_RESIDENCIAL BURITIS V.dwg"}}, {"type": "Feature", "geometry": {"type": "Polygon", "coordinates": [[[-54.34446652033496, -15.528263037360283], [-54.344558104452496, -15.528279559602133], [-54.34452402128129, -15.52845714606865], [-54.34443243709266, -15.528440623800993], [-54.34446652033496, -15.528263037360283]]]}, "properties": {"bairro": "Residencial Buritis V", "quadra": "50", "numero_lote": "11", "chave": "Residencial Buritis V|50|11", "area_gis_m2": 200.0, "fonte": "MAPA PVA_RESIDENCIAL BURITIS V.dwg"}}, {"type": "Feature", "geometry": {"type": "Polygon", "coordinates": [[[-54.34455810450278, -15.528279559340143], [-54.34464968864104, -15.528296081546188], [-54.344615605540945, -15.528473668038504], [-54.34452402133157, -15.528457145806662], [-54.34455810450278, -15.528279559340143]]]}, "properties": {"bairro": "Residencial Buritis V", "quadra": "50", "numero_lote": "12", "chave": "Residencial Buritis V|50|12", "area_gis_m2": 200.0, "fonte": "MAPA PVA_RESIDENCIAL BURITIS V.dwg"}}, {"type": "Feature", "geometry": {"type": "Polygon", "coordinates": [[[-54.344649688638896, -15.528296081557386], [-54.3447412727979, -15.528312603727628], [-54.344707189768904, -15.528490190245753], [-54.3446156055388, -15.52847366804972], [-54.344649688638896, -15.528296081557386]]]}, "properties": {"bairro": "Residencial Buritis V", "quadra": "50", "numero_lote": "13", "chave": "Residencial Buritis V|50|13", "area_gis_m2": 200.0, "fonte": "MAPA PVA_RESIDENCIAL BURITIS V.dwg"}}, {"type": "Feature", "geometry": {"type": "Polygon", "coordinates": [[[-54.34474127279575, -15.528312603738827], [-54.34483285697549, -15.528329125873253], [-54.3447987740176, -15.528506712417176], [-54.34470718976675, -15.528490190256951], [-54.34474127279575, -15.528312603738827]]]}, "properties": {"bairro": "Residencial Buritis V", "quadra": "50", "numero_lote": "14", "chave": "Residencial Buritis V|50|14", "area_gis_m2": 200.0, "fonte": "MAPA PVA_RESIDENCIAL BURITIS V.dwg"}}, {"type": "Feature", "geometry": {"type": "Polygon", "coordinates": [[[-54.34483285697334, -15.528329125884477], [-54.344924441173816, -15.528345647983087], [-54.34489035828703, -15.52852323455281], [-54.34479877401545, -15.528506712428394], [-54.34483285697334, -15.528329125884477]]]}, "properties": {"bairro": "Residencial Buritis V", "quadra": "50", "numero_lote": "15", "chave": "Residencial Buritis V|50|15", "area_gis_m2": 200.0, "fonte": "MAPA PVA_RESIDENCIAL BURITIS V.dwg"}}, {"type": "Feature", "geometry": {"type": "Polygon", "coordinates": [[[-54.34492444117167, -15.528345647994284], [-54.34501602539289, -15.528362170057102], [-54.3449819425772, -15.528539756652632], [-54.34489035828488, -15.528523234564021], [-54.34492444117167, -15.528345647994284]]]}, "properties": {"bairro": "Residencial Buritis V", "quadra": "50", "numero_lote": "16", "chave": "Residencial Buritis V|50|16", "area_gis_m2": 200.0, "fonte": "MAPA PVA_RESIDENCIAL BURITIS V.dwg"}}, {"type": "Feature", "geometry": {"type": "Polygon", "coordinates": [[[-54.345016025390734, -15.528362170068291], [-54.345107609632684, -15.528378692095282], [-54.34507352688811, -15.528556278716637], [-54.344981942575046, -15.528539756663829], [-54.345016025390734, -15.528362170068291]]]}, "properties": {"bairro": "Residencial Buritis V", "quadra": "50", "numero_lote": "17", "chave": "Residencial Buritis V|50|17", "area_gis_m2": 200.0, "fonte": "MAPA PVA_RESIDENCIAL BURITIS V.dwg"}}, {"type": "Feature", "geometry": {"type": "Polygon", "coordinates": [[[-54.34510760963054, -15.528378692106516], [-54.345199193893215, -15.5283952140977], [-54.34516511121974, -15.528572800744831], [-54.345073526885955, -15.52855627872784], [-54.34510760963054, -15.528378692106516]]]}, "properties": {"bairro": "Residencial Buritis V", "quadra": "50", "numero_lote": "18", "chave": "Residencial Buritis V|50|18", "area_gis_m2": 200.0, "fonte": "MAPA PVA_RESIDENCIAL BURITIS V.dwg"}}, {"type": "Feature", "geometry": {"type": "Polygon", "coordinates": [[[-54.34519919389107, -15.528395214108905], [-54.34529077817449, -15.528411736064278], [-54.34525669557212, -15.528589322737217], [-54.34516511121759, -15.528572800756036], [-54.34519919389107, -15.528395214108905]]]}, "properties": {"bairro": "Residencial Buritis V", "quadra": "50", "numero_lote": "19", "chave": "Residencial Buritis V|50|19", "area_gis_m2": 200.0, "fonte": "MAPA PVA_RESIDENCIAL BURITIS V.dwg"}}, {"type": "Feature", "geometry": {"type": "Polygon", "coordinates": [[[-54.34529077817234, -15.528411736075492], [-54.34538236247649, -15.528428257995067], [-54.34534827994523, -15.528605844693793], [-54.345256695569965, -15.528589322748422], [-54.34529077817234, -15.528411736075492]]]}, "properties": {"bairro": "Residencial Buritis V", "quadra": "50", "numero_lote": "20", "chave": "Residencial Buritis V|50|20", "area_gis_m2": 200.0, "fonte": "MAPA PVA_RESIDENCIAL BURITIS V.dwg"}}, {"type": "Feature", "geometry": {"type": "Polygon", "coordinates": [[[-54.34550141951029, -15.528449735933416], [-54.34560674153871, -15.528468735928389], [-54.345572659181656, -15.528646322690339], [-54.34546733707146, -15.528627322665683], [-54.34550141951029, -15.528449735933416]]]}, "properties": {"bairro": "Residencial Buritis V", "quadra": "50", "numero_lote": "5", "chave": "Residencial Buritis V|50|5", "area_gis_m2": 230.0, "fonte": "MAPA PVA_RESIDENCIAL BURITIS V.dwg"}}, {"type": "Feature", "geometry": {"type": "Polygon", "coordinates": [[[-54.34441027593186, -15.528556053139344], [-54.34450186016671, -15.528572575423764], [-54.34446777685863, -15.528750161862286], [-54.34437619255268, -15.528733639552055], [-54.34441027593186, -15.528556053139344]]]}, "properties": {"bairro": "Residencial Buritis V", "quadra": "49", "numero_lote": "10", "chave": "Residencial Buritis V|49|10", "area_gis_m2": 200.0, "fonte": "MAPA PVA_RESIDENCIAL BURITIS V.dwg"}}, {"type": "Feature", "geometry": {"type": "Polygon", "coordinates": [[[-54.34450186016671, -15.528572575423764], [-54.3445934444223, -15.52858909767237], [-54.344559361185325, -15.528766684136714], [-54.344467776858636, -15.528750161862286], [-54.34450186016671, -15.528572575423764]]]}, "properties": {"bairro": "Residencial Buritis V", "quadra": "49", "numero_lote": "9", "chave": "Residencial Buritis V|49|9", "area_gis_m2": 200.0, "fonte": "MAPA PVA_RESIDENCIAL BURITIS V.dwg"}}, {"type": "Feature", "geometry": {"type": "Polygon", "coordinates": [[[-54.3445934444223, -15.52858909767237], [-54.34468502869862, -15.5286056198852], [-54.34465094553275, -15.52878320637532], [-54.344559361185325, -15.528766684136714], [-54.3445934444223, -15.52858909767237]]]}, "properties": {"bairro": "Residencial Buritis V", "quadra": "49", "numero_lote": "8", "chave": "Residencial Buritis V|49|8", "area_gis_m2": 200.0, "fonte": "MAPA PVA_RESIDENCIAL BURITIS V.dwg"}}, {"type": "Feature", "geometry": {"type": "Polygon", "coordinates": [[[-54.34468502869216, -15.528605619918816], [-54.34477661298923, -15.528622142095829], [-54.34474252989447, -15.528799728611757], [-54.344650945526304, -15.528783206408947], [-54.34468502869216, -15.528605619918816]]]}, "properties": {"bairro": "Residencial Buritis V", "quadra": "49", "numero_lote": "7", "chave": "Residencial Buritis V|49|7", "area_gis_m2": 200.0, "fonte": "MAPA PVA_RESIDENCIAL BURITIS V.dwg"}}, {"type": "Feature", "geometry": {"type": "Polygon", "coordinates": [[[-54.344776612987076, -15.528622142107029], [-54.344868197304876, -15.528638664248206], [-54.34483411428122, -15.528816250789946], [-54.34474252989232, -15.528799728622948], [-54.344776612987076, -15.528622142107029]]]}, "properties": {"bairro": "Residencial Buritis V", "quadra": "49", "numero_lote": "6", "chave": "Residencial Buritis V|49|6", "area_gis_m2": 200.0, "fonte": "MAPA PVA_RESIDENCIAL BURITIS V.dwg"}}, {"type": "Feature", "geometry": {"type": "Polygon", "coordinates": [[[-54.34437619255664, -15.528733639847022], [-54.344467776862594, -15.528750162157255], [-54.34443369347157, -15.528927748578806], [-54.34434210909451, -15.528911226242766], [-54.34437619255664, -15.528733639847022]]]}, "properties": {"bairro": "Residencial Buritis V", "quadra": "49", "numero_lote": "11", "chave": "Residencial Buritis V|49|11", "area_gis_m2": 200.0, "fonte": "MAPA PVA_RESIDENCIAL BURITIS V.dwg"}}, {"type": "Feature", "geometry": {"type": "Polygon", "coordinates": [[[-54.34446777680801, -15.52875016244167], [-54.344559361134706, -15.528766684716095], [-54.34452527781479, -15.528944271163423], [-54.34443369341699, -15.528927748863197], [-54.34446777680801, -15.52875016244167]]]}, "properties": {"bairro": "Residencial Buritis V", "quadra": "49", "numero_lote": "12", "chave": "Residencial Buritis V|49|12", "area_gis_m2": 200.0, "fonte": "MAPA PVA_RESIDENCIAL BURITIS V.dwg"}}, {"type": "Feature", "geometry": {"type": "Polygon", "coordinates": [[[-54.34455936118499, -15.528766684454089], [-54.34465094553242, -15.528783206692708], [-54.34461686228361, -15.528960793165865], [-54.344525277865074, -15.528944270901437], [-54.34455936118499, -15.528766684454089]]]}, "properties": {"bairro": "Residencial Buritis V", "quadra": "49", "numero_lote": "13", "chave": "Residencial Buritis V|49|13", "area_gis_m2": 200.0, "fonte": "MAPA PVA_RESIDENCIAL BURITIS V.dwg"}}, {"type": "Feature", "geometry": {"type": "Polygon", "coordinates": [[[-54.34465094553027, -15.52878320670393], [-54.34474252989843, -15.528799728906728], [-54.34470844672073, -15.528977315405667], [-54.344616862281455, -15.52896079317707], [-54.34465094553027, -15.52878320670393]]]}, "properties": {"bairro": "Residencial Buritis V", "quadra": "49", "numero_lote": "14", "chave": "Residencial Buritis V|49|14", "area_gis_m2": 200.0, "fonte": "MAPA PVA_RESIDENCIAL BURITIS V.dwg"}}, {"type": "Feature", "geometry": {"type": "Polygon", "coordinates": [[[-54.34474252989629, -15.528799728917932], [-54.34483411428519, -15.528816251084931], [-54.34480003117859, -15.528993837609674], [-54.34470844671858, -15.528977315416872], [-54.34474252989629, -15.528799728917932]]]}, "properties": {"bairro": "Residencial Buritis V", "quadra": "49", "numero_lote": "15", "chave": "Residencial Buritis V|49|15", "area_gis_m2": 200.0, "fonte": "MAPA PVA_RESIDENCIAL BURITIS V.dwg"}}, {"type": "Feature", "geometry": {"type": "Polygon", "coordinates": [[[-54.34486819730272, -15.528638664259418], [-54.34495978164126, -15.528655186364809], [-54.344925698688705, -15.528832772932338], [-54.34483411427907, -15.528816250801155], [-54.34486819730272, -15.528638664259418]]]}, "properties": {"bairro": "Residencial Buritis V", "quadra": "50", "numero_lote": "5", "chave": "Residencial Buritis V|50|5", "area_gis_m2": 200.0, "fonte": "MAPA PVA_RESIDENCIAL BURITIS V.dwg"}}, {"type": "Feature", "geometry": {"type": "Polygon", "coordinates": [[[-54.34495978164126, -15.528655186364809], [-54.345051366000526, -15.528671708434373], [-54.34501728311908, -15.528849295027713], [-54.344925698688705, -15.528832772932338], [-54.34495978164126, -15.528655186364809]]]}, "properties": {"bairro": "Residencial Buritis V", "quadra": "50", "numero_lote": "4", "chave": "Residencial Buritis V|50|4", "area_gis_m2": 200.0, "fonte": "MAPA PVA_RESIDENCIAL BURITIS V.dwg"}}, {"type": "Feature", "geometry": {"type": "Polygon", "coordinates": [[[-54.345051366000526, -15.528671708434373], [-54.345142950380534, -15.528688230468155], [-54.34510886757019, -15.528865817087285], [-54.345017283119084, -15.528849295027713], [-54.345051366000526, -15.528671708434373]]]}, "properties": {"bairro": "Residencial Buritis V", "quadra": "50", "numero_lote": "3", "chave": "Residencial Buritis V|50|3", "area_gis_m2": 200.0, "fonte": "MAPA PVA_RESIDENCIAL BURITIS V.dwg"}}, {"type": "Feature", "geometry": {"type": "Polygon", "coordinates": [[[-54.345142950374075, -15.528688230501773], [-54.34523453477482, -15.528704752499728], [-54.34520045203559, -15.528882339144662], [-54.34510886756374, -15.52886581712091], [-54.345142950374075, -15.528688230501773]]]}, "properties": {"bairro": "Residencial Buritis V", "quadra": "50", "numero_lote": "2", "chave": "Residencial Buritis V|50|2", "area_gis_m2": 200.0, "fonte": "MAPA PVA_RESIDENCIAL BURITIS V.dwg"}}, {"type": "Feature", "geometry": {"type": "Polygon", "coordinates": [[[-54.34523453477267, -15.528704752510928], [-54.34532611919414, -15.528721274473066], [-54.34529203652602, -15.5288988611438], [-54.34520045203344, -15.528882339155864], [-54.34523453477267, -15.528704752510928]]]}, "properties": {"bairro": "Residencial Buritis V", "quadra": "50", "numero_lote": "1", "chave": "Residencial Buritis V|50|1", "area_gis_m2": 200.0, "fonte": "MAPA PVA_RESIDENCIAL BURITIS V.dwg"}}, {"type": "Feature", "geometry": {"type": "Polygon", "coordinates": [[[-54.34483411428303, -15.52881625109612], [-54.34492569869267, -15.528832773227318], [-54.344891615657176, -15.529010359777862], [-54.344800031176426, -15.528993837620883], [-54.34483411428303, -15.52881625109612]]]}, "properties": {"bairro": "Residencial Buritis V", "quadra": "49", "numero_lote": "16", "chave": "Residencial Buritis V|49|16", "area_gis_m2": 200.0, "fonte": "MAPA PVA_RESIDENCIAL BURITIS V.dwg"}}, {"type": "Feature", "geometry": {"type": "Polygon", "coordinates": [[[-54.344925698638086, -15.528832773511708], [-54.345017283068465, -15.528849295607083], [-54.344983200104075, -15.529026882183459], [-54.3448916156026, -15.529010360062276], [-54.344925698638086, -15.528832773511708]]]}, "properties": {"bairro": "Residencial Buritis V", "quadra": "49", "numero_lote": "17", "chave": "Residencial Buritis V|49|17", "area_gis_m2": 200.0, "fonte": "MAPA PVA_RESIDENCIAL BURITIS V.dwg"}}, {"type": "Feature", "geometry": {"type": "Polygon", "coordinates": [[[-54.34501728311875, -15.528849295345104], [-54.34510886756986, -15.528865817404675], [-54.34507478467658, -15.52904340400684], [-54.34498320015436, -15.529026881921475], [-54.34501728311875, -15.528849295345104]]]}, "properties": {"bairro": "Residencial Buritis V", "quadra": "49", "numero_lote": "18", "chave": "Residencial Buritis V|49|18", "area_gis_m2": 200.0, "fonte": "MAPA PVA_RESIDENCIAL BURITIS V.dwg"}}, {"type": "Feature", "geometry": {"type": "Polygon", "coordinates": [[[-54.34510886756771, -15.528865817415873], [-54.345200452039556, -15.528882339439624], [-54.34516636921739, -15.529059926067594], [-54.34507478467443, -15.529043404018042], [-54.34510886756771, -15.528865817415873]]]}, "properties": {"bairro": "Residencial Buritis V", "quadra": "50", "numero_lote": "19", "chave": "Residencial Buritis V|50|19", "area_gis_m2": 200.0, "fonte": "MAPA PVA_RESIDENCIAL BURITIS V.dwg"}}, {"type": "Feature", "geometry": {"type": "Polygon", "coordinates": [[[-54.34520045203741, -15.528882339450835], [-54.34529203652999, -15.528898861438778], [-54.345257953778926, -15.52907644809256], [-54.345166369215235, -15.52905992607881], [-54.34520045203741, -15.528882339450835]]]}, "properties": {"bairro": "Residencial Buritis V", "quadra": "50", "numero_lote": "20", "chave": "Residencial Buritis V|50|20", "area_gis_m2": 200.0, "fonte": "MAPA PVA_RESIDENCIAL BURITIS V.dwg"}}, {"type": "Feature", "geometry": {"type": "Polygon", "coordinates": [[[-54.34431995488721, -15.52902665711244], [-54.344411539310485, -15.529043179465235], [-54.34437745578259, -15.529220765858792], [-54.344285871288214, -15.529204243480175], [-54.34431995488721, -15.52902665711244]]]}, "properties": {"bairro": "Residencial Buritis V", "quadra": "49", "numero_lote": "10", "chave": "Residencial Buritis V|49|10", "area_gis_m2": 200.0, "fonte": "MAPA PVA_RESIDENCIAL BURITIS V.dwg"}}, {"type": "Feature", "geometry": {"type": "Polygon", "coordinates": [[[-54.344411539310485, -15.529043179465235], [-54.3445031237545, -15.52905970178224], [-54.34446904029772, -15.529237288201589], [-54.3443774557826, -15.529220765858792], [-54.344411539310485, -15.529043179465235]]]}, "properties": {"bairro": "Residencial Buritis V", "quadra": "49", "numero_lote": "9", "chave": "Residencial Buritis V|49|9", "area_gis_m2": 200.0, "fonte": "MAPA PVA_RESIDENCIAL BURITIS V.dwg"}}, {"type": "Feature", "geometry": {"type": "Polygon", "coordinates": [[[-54.344503123748055, -15.52905970181587], [-54.3445947082128, -15.529076224097041], [-54.344560624827125, -15.529253810542217], [-54.344469040291266, -15.529237288235226], [-54.344503123748055, -15.52905970181587]]]}, "properties": {"bairro": "Residencial Buritis V", "quadra": "49", "numero_lote": "8", "chave": "Residencial Buritis V|49|8", "area_gis_m2": 200.0, "fonte": "MAPA PVA_RESIDENCIAL BURITIS V.dwg"}}, {"type": "Feature", "geometry": {"type": "Polygon", "coordinates": [[[-54.34459470821065, -15.529076224108264], [-54.344686292696146, -15.529092746353651], [-54.34465220938157, -15.529270332824602], [-54.34456062482497, -15.52925381055342], [-54.34459470821065, -15.529076224108264]]]}, "properties": {"bairro": "Residencial Buritis V", "quadra": "49", "numero_lote": "7", "chave": "Residencial Buritis V|49|7", "area_gis_m2": 200.0, "fonte": "MAPA PVA_RESIDENCIAL BURITIS V.dwg"}}, {"type": "Feature", "geometry": {"type": "Polygon", "coordinates": [[[-54.34428587123759, -15.529204244059544], [-54.344377455731966, -15.529220766438161], [-54.34434337212112, -15.529398352814749], [-54.344251787555635, -15.52938183041032], [-54.34428587123759, -15.529204244059544]]]}, "properties": {"bairro": "Residencial Buritis V", "quadra": "49", "numero_lote": "11", "chave": "Residencial Buritis V|49|11", "area_gis_m2": 200.0, "fonte": "MAPA PVA_RESIDENCIAL BURITIS V.dwg"}}, {"type": "Feature", "geometry": {"type": "Polygon", "coordinates": [[[-54.34437745578226, -15.529220766176167], [-54.344469040297376, -15.529237288518992], [-54.344434956757645, -15.52941487492137], [-54.34434337217141, -15.52939835255275], [-54.34437745578226, -15.529220766176167]]]}, "properties": {"bairro": "Residencial Buritis V", "quadra": "49", "numero_lote": "12", "chave": "Residencial Buritis V|49|12", "area_gis_m2": 200.0, "fonte": "MAPA PVA_RESIDENCIAL BURITIS V.dwg"}}, {"type": "Feature", "geometry": {"type": "Polygon", "coordinates": [[[-54.34446904029523, -15.529237288530185], [-54.3445606248311, -15.529253810837186], [-54.34452654136246, -15.529431397265373], [-54.34443495675549, -15.529414874932556], [-54.34446904029523, -15.529237288530185]]]}, "properties": {"bairro": "Residencial Buritis V", "quadra": "49", "numero_lote": "13", "chave": "Residencial Buritis V|49|13", "area_gis_m2": 200.0, "fonte": "MAPA PVA_RESIDENCIAL BURITIS V.dwg"}}, {"type": "Feature", "geometry": {"type": "Polygon", "coordinates": [[[-54.344560624828944, -15.529253810848392], [-54.34465220938554, -15.52927033311958], [-54.34461812598803, -15.529447919573569], [-54.34452654136032, -15.529431397276563], [-54.344560624828944, -15.529253810848392]]]}, "properties": {"bairro": "Residencial Buritis V", "quadra": "49", "numero_lote": "14", "chave": "Residencial Buritis V|49|14", "area_gis_m2": 200.0, "fonte": "MAPA PVA_RESIDENCIAL BURITIS V.dwg"}}, {"type": "Feature", "geometry": {"type": "Polygon", "coordinates": [[[-54.34468629269399, -15.529092746364833], [-54.344777877200215, -15.52910926857442], [-54.34474379395676, -15.529286855071184], [-54.34465220937942, -15.529270332835816], [-54.34468629269399, -15.529092746364833]]]}, "properties": {"bairro": "Residencial Buritis V", "quadra": "49", "numero_lote": "6", "chave": "Residencial Buritis V|49|6", "area_gis_m2": 200.0, "fonte": "MAPA PVA_RESIDENCIAL BURITIS V.dwg"}}, {"type": "Feature", "geometry": {"type": "Polygon", "coordinates": [[[-54.344777877200215, -15.52910926857442], [-54.344869461727185, -15.529125790748184], [-54.344835378554826, -15.529303377270745], [-54.34474379395676, -15.529286855071184], [-54.344777877200215, -15.52910926857442]]]}, "properties": {"bairro": "Residencial Buritis V", "quadra": "49", "numero_lote": "5", "chave": "Residencial Buritis V|49|5", "area_gis_m2": 200.0, "fonte": "MAPA PVA_RESIDENCIAL BURITIS V.dwg"}}, {"type": "Feature", "geometry": {"type": "Polygon", "coordinates": [[[-54.34465220938338, -15.529270333130771], [-54.34474379396072, -15.529286855366149], [-54.344709710634305, -15.529464441845926], [-54.34461812598586, -15.529447919584754], [-54.34465220938338, -15.529270333130771]]]}, "properties": {"bairro": "Residencial Buritis V", "quadra": "49", "numero_lote": "15", "chave": "Residencial Buritis V|49|15", "area_gis_m2": 200.0, "fonte": "MAPA PVA_RESIDENCIAL BURITIS V.dwg"}}, {"type": "Feature", "geometry": {"type": "Polygon", "coordinates": [[[-54.34474379390613, -15.52928685565055], [-54.34483537850421, -15.529303377850125], [-54.34480129524891, -15.529480964355715], [-54.34470971057972, -15.529464442130344], [-54.34474379390613, -15.52928685565055]]]}, "properties": {"bairro": "Residencial Buritis V", "quadra": "49", "numero_lote": "16", "chave": "Residencial Buritis V|49|16", "area_gis_m2": 200.0, "fonte": "MAPA PVA_RESIDENCIAL BURITIS V.dwg"}}, {"type": "Feature", "geometry": {"type": "Polygon", "coordinates": [[[-54.3448694616687, -15.52912579076083], [-54.344961046216405, -15.529142312898779], [-54.34492696311516, -15.529319899447145], [-54.34483537849635, -15.529303377283394], [-54.3448694616687, -15.52912579076083]]]}, "properties": {"bairro": "Residencial Buritis V", "quadra": "49", "numero_lote": "4", "chave": "Residencial Buritis V|49|4", "area_gis_m2": 200.0, "fonte": "MAPA PVA_RESIDENCIAL BURITIS V.dwg"}}, {"type": "Feature", "geometry": {"type": "Polygon", "coordinates": [[[-54.344961046216405, -15.529142312898779], [-54.34505263078484, -15.529158835000908], [-54.345018547754705, -15.529336421575087], [-54.34492696311516, -15.529319899447145], [-54.344961046216405, -15.529142312898779]]]}, "properties": {"bairro": "Residencial Buritis V", "quadra": "49", "numero_lote": "3", "chave": "Residencial Buritis V|49|3", "area_gis_m2": 200.0, "fonte": "MAPA PVA_RESIDENCIAL BURITIS V.dwg"}}, {"type": "Feature", "geometry": {"type": "Polygon", "coordinates": [[[-54.34505263078484, -15.529158835000908], [-54.34514421537402, -15.529175357067235], [-54.34511013241499, -15.529352943667218], [-54.345018547754705, -15.529336421575087], [-54.34505263078484, -15.529158835000908]]]}, "properties": {"bairro": "Residencial Buritis V", "quadra": "49", "numero_lote": "2", "chave": "Residencial Buritis V|49|2", "area_gis_m2": 200.0, "fonte": "MAPA PVA_RESIDENCIAL BURITIS V.dwg"}}, {"type": "Feature", "geometry": {"type": "Polygon", "coordinates": [[[-54.34514421536757, -15.529175357100847], [-54.34523579997748, -15.529191879131371], [-54.34520171708955, -15.529369465757163], [-54.34511013240854, -15.529352943700829], [-54.34514421536757, -15.529175357100847]]]}, "properties": {"bairro": "Residencial Buritis V", "quadra": "49", "numero_lote": "1", "chave": "Residencial Buritis V|49|1", "area_gis_m2": 200.0, "fonte": "MAPA PVA_RESIDENCIAL BURITIS V.dwg"}}, {"type": "Feature", "geometry": {"type": "Polygon", "coordinates": [[[-54.344835378500306, -15.529303377578362], [-54.344926963119114, -15.529319899742116], [-54.344892879934925, -15.52949748627351], [-54.344801295245006, -15.529480964083955], [-54.344835378500306, -15.529303377578362]]]}, "properties": {"bairro": "Residencial Buritis V", "quadra": "49", "numero_lote": "17", "chave": "Residencial Buritis V|49|17", "area_gis_m2": 200.0, "fonte": "MAPA PVA_RESIDENCIAL BURITIS V.dwg"}}, {"type": "Feature", "geometry": {"type": "Polygon", "coordinates": [[[-54.34492696306454, -15.529319900026527], [-54.345018547704086, -15.529336422154465], [-54.344984464591, -15.529514008711644], [-54.34489287988034, -15.529497486557906], [-54.34492696306454, -15.529319900026527]]]}, "properties": {"bairro": "Residencial Buritis V", "quadra": "49", "numero_lote": "18", "chave": "Residencial Buritis V|49|18", "area_gis_m2": 200.0, "fonte": "MAPA PVA_RESIDENCIAL BURITIS V.dwg"}}, {"type": "Feature", "geometry": {"type": "Polygon", "coordinates": [[[-54.34501854775437, -15.52933642189248], [-54.34511013241465, -15.529352943984605], [-54.34507604937268, -15.529530530567595], [-54.344984464641286, -15.529514008449663], [-54.34501854775437, -15.52933642189248]]]}, "properties": {"bairro": "Residencial Buritis V", "quadra": "49", "numero_lote": "19", "chave": "Residencial Buritis V|49|19", "area_gis_m2": 200.0, "fonte": "MAPA PVA_RESIDENCIAL BURITIS V.dwg"}}, {"type": "Feature", "geometry": {"type": "Polygon", "coordinates": [[[-54.3451101324125, -15.52935294399581], [-54.34520171709352, -15.529369466052122], [-54.34516763412266, -15.529547052660922], [-54.345076049370526, -15.529530530578809], [-54.3451101324125, -15.52935294399581]]]}, "properties": {"bairro": "Residencial Buritis V", "quadra": "49", "numero_lote": "20", "chave": "Residencial Buritis V|49|20", "area_gis_m2": 200.0, "fonte": "MAPA PVA_RESIDENCIAL BURITIS V.dwg"}}, {"type": "Feature", "geometry": {"type": "Polygon", "coordinates": [[[-54.34419895101189, -15.529657086151964], [-54.344290535687605, -15.529673608596386], [-54.34425645186521, -15.529851194929696], [-54.3441648671184, -15.529834672459463], [-54.34419895101189, -15.529657086151964]]]}, "properties": {"bairro": "Residencial Buritis V", "quadra": "49", "numero_lote": "10", "chave": "Residencial Buritis V|49|10", "area_gis_m2": 200.0, "fonte": "MAPA PVA_RESIDENCIAL BURITIS V.dwg"}}, {"type": "Feature", "geometry": {"type": "Polygon", "coordinates": [[[-54.344290535687605, -15.529673608596386], [-54.34438212038405, -15.529690131005001], [-54.34434803663277, -15.529867717364102], [-54.34425645186521, -15.529851194929696], [-54.344290535687605, -15.529673608596386]]]}, "properties": {"bairro": "Residencial Buritis V", "quadra": "49", "numero_lote": "9", "chave": "Residencial Buritis V|49|9", "area_gis_m2": 200.0, "fonte": "MAPA PVA_RESIDENCIAL BURITIS V.dwg"}}, {"type": "Feature", "geometry": {"type": "Polygon", "coordinates": [[[-54.34438212038405, -15.529690131005001], [-54.34447370510123, -15.529706653377797], [-54.344439621421074, -15.529884239762712], [-54.34434803663277, -15.529867717364102], [-54.34438212038405, -15.529690131005001]]]}, "properties": {"bairro": "Residencial Buritis V", "quadra": "49", "numero_lote": "8", "chave": "Residencial Buritis V|49|8", "area_gis_m2": 200.0, "fonte": "MAPA PVA_RESIDENCIAL BURITIS V.dwg"}}, {"type": "Feature", "geometry": {"type": "Polygon", "coordinates": [[[-54.344473705094785, -15.529706653411424], [-54.34456528983271, -15.529723175748412], [-54.34453120622366, -15.52990076215913], [-54.344439621414615, -15.529884239796333], [-54.344473705094785, -15.529706653411424]]]}, "properties": {"bairro": "Residencial Buritis V", "quadra": "49", "numero_lote": "7", "chave": "Residencial Buritis V|49|7", "area_gis_m2": 200.0, "fonte": "MAPA PVA_RESIDENCIAL BURITIS V.dwg"}}, {"type": "Feature", "geometry": {"type": "Polygon", "coordinates": [[[-54.34456528983056, -15.529723175759608], [-54.34465687458922, -15.529739698060784], [-54.34462279105127, -15.529917284497312], [-54.344531206221504, -15.529900762170335], [-54.34456528983056, -15.529723175759608]]]}, "properties": {"bairro": "Residencial Buritis V", "quadra": "49", "numero_lote": "6", "chave": "Residencial Buritis V|49|6", "area_gis_m2": 200.0, "fonte": "MAPA PVA_RESIDENCIAL BURITIS V.dwg"}}, {"type": "Feature", "geometry": {"type": "Polygon", "coordinates": [[[-54.34416486712236, -15.529834672754438], [-54.34425645186918, -15.529851195224664], [-54.34422236796384, -15.530028781540995], [-54.344130783145914, -15.53001225904494], [-54.34416486712236, -15.529834672754438]]]}, "properties": {"bairro": "Residencial Buritis V", "quadra": "49", "numero_lote": "11", "chave": "Residencial Buritis V|49|11", "area_gis_m2": 200.0, "fonte": "MAPA PVA_RESIDENCIAL BURITIS V.dwg"}}, {"type": "Feature", "geometry": {"type": "Polygon", "coordinates": [[[-54.344256451814594, -15.529851195509075], [-54.34434803658215, -15.529867717943494], [-54.34431395274792, -15.530045304285613], [-54.34422236790925, -15.530028781825393], [-54.344256451814594, -15.529851195509075]]]}, "properties": {"bairro": "Residencial Buritis V", "quadra": "49", "numero_lote": "12", "chave": "Residencial Buritis V|49|12", "area_gis_m2": 200.0, "fonte": "MAPA PVA_RESIDENCIAL BURITIS V.dwg"}}, {"type": "Feature", "geometry": {"type": "Polygon", "coordinates": [[[-54.34434803663243, -15.529867717681512], [-54.34443962142073, -15.529884240080115], [-54.344405537657615, -15.530061826448039], [-54.34431395279821, -15.530045304023634], [-54.34434803663243, -15.529867717681512]]]}, "properties": {"bairro": "Residencial Buritis V", "quadra": "49", "numero_lote": "13", "chave": "Residencial Buritis V|49|13", "area_gis_m2": 200.0, "fonte": "MAPA PVA_RESIDENCIAL BURITIS V.dwg"}}, {"type": "Feature", "geometry": {"type": "Polygon", "coordinates": [[[-54.34443962141859, -15.529884240091299], [-54.344531206227614, -15.529900762454107], [-54.344497122535614, -15.53007834884784], [-54.34440553765546, -15.530061826459237], [-54.34443962141859, -15.529884240091299]]]}, "properties": {"bairro": "Residencial Buritis V", "quadra": "38", "numero_lote": "14", "chave": "Residencial Buritis V|38|14", "area_gis_m2": 200.0, "fonte": "MAPA PVA_RESIDENCIAL BURITIS V.dwg"}}, {"type": "Feature", "geometry": {"type": "Polygon", "coordinates": [[[-54.34453120622547, -15.529900762465306], [-54.344622791055244, -15.529917284792283], [-54.34458870743435, -15.530094871211835], [-54.34449712253346, -15.530078348859048], [-54.34453120622547, -15.529900762465306]]]}, "properties": {"bairro": "Residencial Buritis V", "quadra": "38", "numero_lote": "15", "chave": "Residencial Buritis V|38|15", "area_gis_m2": 200.0, "fonte": "MAPA PVA_RESIDENCIAL BURITIS V.dwg"}}, {"type": "Feature", "geometry": {"type": "Polygon", "coordinates": [[[-54.344656874587066, -15.529739698072], [-54.34474845936647, -15.529756220337365], [-54.344714375899635, -15.529933806799706], [-54.344622791049126, -15.529917284508537], [-54.344656874587066, -15.529739698072]]]}, "properties": {"bairro": "Residencial Buritis V", "quadra": "38", "numero_lote": "5", "chave": "Residencial Buritis V|38|5", "area_gis_m2": 200.0, "fonte": "MAPA PVA_RESIDENCIAL BURITIS V.dwg"}}, {"type": "Feature", "geometry": {"type": "Polygon", "coordinates": [[[-54.344622791053084, -15.529917284803481], [-54.3447143759036, -15.529933807094656], [-54.344680292353814, -15.530111393540025], [-54.344588707432194, -15.530094871223028], [-54.344622791053084, -15.529917284803481]]]}, "properties": {"bairro": "Residencial Buritis V", "quadra": "38", "numero_lote": "16", "chave": "Residencial Buritis V|38|16", "area_gis_m2": 200.0, "fonte": "MAPA PVA_RESIDENCIAL BURITIS V.dwg"}}, {"type": "Feature", "geometry": {"type": "Polygon", "coordinates": [[[-54.34474845937544, -15.529756220290603], [-54.34484004417558, -15.529772742520155], [-54.34480596077986, -15.529950329008294], [-54.34471437590861, -15.529933806752947], [-54.34474845937544, -15.529756220290603]]]}, "properties": {"bairro": "Residencial Buritis V", "quadra": "38", "numero_lote": "4", "chave": "Residencial Buritis V|38|4", "area_gis_m2": 200.0, "fonte": "MAPA PVA_RESIDENCIAL BURITIS V.dwg"}}, {"type": "Feature", "geometry": {"type": "Polygon", "coordinates": [[[-54.34484004417558, -15.529772742520155], [-54.344931628996456, -15.529789264713909], [-54.34489754567185, -15.529966851227838], [-54.34480596077986, -15.529950329008294], [-54.34484004417558, -15.529772742520155]]]}, "properties": {"bairro": "Residencial Buritis V", "quadra": "38", "numero_lote": "3", "chave": "Residencial Buritis V|38|3", "area_gis_m2": 200.0, "fonte": "MAPA PVA_RESIDENCIAL BURITIS V.dwg"}}, {"type": "Feature", "geometry": {"type": "Polygon", "coordinates": [[[-54.344931628996456, -15.529789264713909], [-54.34502321383807, -15.529805786871837], [-54.34498913058457, -15.529983373411573], [-54.34489754567185, -15.529966851227838], [-54.344931628996456, -15.529789264713909]]]}, "properties": {"bairro": "Residencial Buritis V", "quadra": "38", "numero_lote": "2", "chave": "Residencial Buritis V|38|2", "area_gis_m2": 200.0, "fonte": "MAPA PVA_RESIDENCIAL BURITIS V.dwg"}}, {"type": "Feature", "geometry": {"type": "Polygon", "coordinates": [[[-54.34502321383162, -15.52980578690545], [-54.34511479869397, -15.529822309027569], [-54.34508071551158, -15.529999895593118], [-54.34498913057812, -15.529983373445184], [-54.34502321383162, -15.52980578690545]]]}, "properties": {"bairro": "Residencial Buritis V", "quadra": "38", "numero_lote": "1", "chave": "Residencial Buritis V|38|1", "area_gis_m2": 200.0, "fonte": "MAPA PVA_RESIDENCIAL BURITIS V.dwg"}}, {"type": "Feature", "geometry": {"type": "Polygon", "coordinates": [[[-54.34523385884698, -15.52984378766104], [-54.34532544375703, -15.529860309700778], [-54.3452913607382, -15.530037896325668], [-54.345199775757045, -15.53002137426012], [-54.34523385884698, -15.52984378766104]]]}, "properties": {"bairro": "Residencial Buritis V", "quadra": "38", "numero_lote": "8", "chave": "Residencial Buritis V|38|8", "area_gis_m2": 200.0, "fonte": "MAPA PVA_RESIDENCIAL BURITIS V.dwg"}}, {"type": "Feature", "geometry": {"type": "Polygon", "coordinates": [[[-54.34471437591257, -15.529933807047904], [-54.344805960783816, -15.529950329303261], [-54.34477187730515, -15.530127915774429], [-54.34468029236279, -15.530111393493268], [-54.34471437591257, -15.529933807047904]]]}, "properties": {"bairro": "Residencial Buritis V", "quadra": "38", "numero_lote": "17", "chave": "Residencial Buritis V|38|17", "area_gis_m2": 200.0, "fonte": "MAPA PVA_RESIDENCIAL BURITIS V.dwg"}}, {"type": "Feature", "geometry": {"type": "Polygon", "coordinates": [[[-54.34480596072924, -15.52995032958766], [-54.34489754562122, -15.529966851807204], [-54.34486346221367, -15.53014443830417], [-54.344771877250565, -15.530127916058824], [-54.34480596072924, -15.52995032958766]]]}, "properties": {"bairro": "Residencial Buritis V", "quadra": "38", "numero_lote": "18", "chave": "Residencial Buritis V|38|18", "area_gis_m2": 200.0, "fonte": "MAPA PVA_RESIDENCIAL BURITIS V.dwg"}}, {"type": "Feature", "geometry": {"type": "Polygon", "coordinates": [[[-54.344897545671515, -15.52996685154521], [-54.34498913058424, -15.529983373728948], [-54.344955047247794, -15.530160960251722], [-54.34486346226395, -15.530144438042187], [-54.344897545671515, -15.52996685154521]]]}, "properties": {"bairro": "Residencial Buritis V", "quadra": "38", "numero_lote": "19", "chave": "Residencial Buritis V|38|19", "area_gis_m2": 200.0, "fonte": "MAPA PVA_RESIDENCIAL BURITIS V.dwg"}}, {"type": "Feature", "geometry": {"type": "Polygon", "coordinates": [[[-54.344989130582086, -15.529983373740166], [-54.34508071551555, -15.529999895888073], [-54.34504663225022, -15.530177482436649], [-54.34495504724564, -15.530160960262924], [-54.344989130582086, -15.529983373740166]]]}, "properties": {"bairro": "Residencial Buritis V", "quadra": "38", "numero_lote": "20", "chave": "Residencial Buritis V|38|20", "area_gis_m2": 200.0, "fonte": "MAPA PVA_RESIDENCIAL BURITIS V.dwg"}}, {"type": "Feature", "geometry": {"type": "Polygon", "coordinates": [[[-54.345325443754874, -15.52986030971198], [-54.34541702868566, -15.529876831715917], [-54.34538294573794, -15.530054418366609], [-54.34529136073605, -15.530037896336879], [-54.345325443754874, -15.52986030971198]]]}, "properties": {"bairro": "Residencial Buritis V", "quadra": "38", "numero_lote": "7", "chave": "Residencial Buritis V|38|7", "area_gis_m2": 200.0, "fonte": "MAPA PVA_RESIDENCIAL BURITIS V.dwg"}}, {"type": "Feature", "geometry": {"type": "Polygon", "coordinates": [[[-54.345291360740006, -15.530037896631837], [-54.3453829457419, -15.53005441866158], [-54.345348862711255, -15.53023200529529], [-54.34525727763824, -15.530215483239763], [-54.345291360740006, -15.530037896631837]]]}, "properties": {"bairro": "Residencial Buritis V", "quadra": "38", "numero_lote": "10", "chave": "Residencial Buritis V|38|10", "area_gis_m2": 200.0, "fonte": "MAPA PVA_RESIDENCIAL BURITIS V.dwg"}}, {"type": "Feature", "geometry": {"type": "Polygon", "coordinates": [[[-54.34541702868566, -15.529876831715917], [-54.34550861363717, -15.529893353684036], [-54.34547453076057, -15.530070940360524], [-54.34538294573794, -15.530054418366609], [-54.34541702868566, -15.529876831715917]]]}, "properties": {"bairro": "Residencial Buritis V", "quadra": "38", "numero_lote": "6", "chave": "Residencial Buritis V|38|6", "area_gis_m2": 200.0, "fonte": "MAPA PVA_RESIDENCIAL BURITIS V.dwg"}}, {"type": "Feature", "geometry": {"type": "Polygon", "coordinates": [[[-54.34550861363717, -15.529893353684036], [-54.34560019860943, -15.529909875616344], [-54.34556611580394, -15.530087462318637], [-54.34547453076057, -15.530070940360524], [-54.34550861363717, -15.529893353684036]]]}, "properties": {"bairro": "Residencial Buritis V", "quadra": "38", "numero_lote": "5", "chave": "Residencial Buritis V|38|5", "area_gis_m2": 200.0, "fonte": "MAPA PVA_RESIDENCIAL BURITIS V.dwg"}}, {"type": "Feature", "geometry": {"type": "Polygon", "coordinates": [[[-54.34560019860943, -15.529909875616344], [-54.34569178360242, -15.52992639751284], [-54.345657700868045, -15.530103984240926], [-54.34556611580394, -15.530087462318637], [-54.34560019860943, -15.529909875616344]]]}, "properties": {"bairro": "Residencial Buritis V", "quadra": "38", "numero_lote": "4", "chave": "Residencial Buritis V|38|4", "area_gis_m2": 200.0, "fonte": "MAPA PVA_RESIDENCIAL BURITIS V.dwg"}}, {"type": "Feature", "geometry": {"type": "Polygon", "coordinates": [[[-54.34569178359596, -15.529926397546449], [-54.34578336860969, -15.52994291940715], [-54.34574928594643, -15.530120506161037], [-54.345657700861594, -15.530103984274557], [-54.34569178359596, -15.529926397546449]]]}, "properties": {"bairro": "Residencial Buritis V", "quadra": "38", "numero_lote": "3", "chave": "Residencial Buritis V|38|3", "area_gis_m2": 200.0, "fonte": "MAPA PVA_RESIDENCIAL BURITIS V.dwg"}}, {"type": "Feature", "geometry": {"type": "Polygon", "coordinates": [[[-54.345783368607535, -15.529942919418335], [-54.345874953641996, -15.529959441243205], [-54.34584087104985, -15.5301370280229], [-54.34574928594429, -15.530120506172214], [-54.345783368607535, -15.529942919418335]]]}, "properties": {"bairro": "Residencial Buritis V", "quadra": "38", "numero_lote": "2", "chave": "Residencial Buritis V|38|2", "area_gis_m2": 200.0, "fonte": "MAPA PVA_RESIDENCIAL BURITIS V.dwg"}}, {"type": "Feature", "geometry": {"type": "Polygon", "coordinates": [[[-54.3453829457419, -15.53005441866158], [-54.345474530764534, -15.530070940655495], [-54.345440447805, -15.530248527315011], [-54.345348862711255, -15.53023200529529], [-54.3453829457419, -15.53005441866158]]]}, "properties": {"bairro": "Residencial Buritis V", "quadra": "38", "numero_lote": "11", "chave": "Residencial Buritis V|38|11", "area_gis_m2": 200.0, "fonte": "MAPA PVA_RESIDENCIAL BURITIS V.dwg"}}, {"type": "Feature", "geometry": {"type": "Polygon", "coordinates": [[[-54.34547453070996, -15.530070940939897], [-54.34556611575332, -15.530087462898003], [-54.345532032864895, -15.530265049583313], [-54.34544044775041, -15.53024852759941], [-54.34547453070996, -15.530070940939897]]]}, "properties": {"bairro": "Residencial Buritis V", "quadra": "38", "numero_lote": "12", "chave": "Residencial Buritis V|38|12", "area_gis_m2": 200.0, "fonte": "MAPA PVA_RESIDENCIAL BURITIS V.dwg"}}, {"type": "Feature", "geometry": {"type": "Polygon", "coordinates": [[[-54.34556611580361, -15.53008746263602], [-54.34565770086771, -15.530103984558316], [-54.345623618050396, -15.530281571269422], [-54.34553203291518, -15.530265049321327], [-54.34556611580361, -15.53008746263602]]]}, "properties": {"bairro": "Residencial Buritis V", "quadra": "38", "numero_lote": "13", "chave": "Residencial Buritis V|38|13", "area_gis_m2": 200.0, "fonte": "MAPA PVA_RESIDENCIAL BURITIS V.dwg"}}, {"type": "Feature", "geometry": {"type": "Polygon", "coordinates": [[[-54.34565770086556, -15.530103984569525], [-54.3457492859504, -15.530120506456004], [-54.3457152032042, -15.530298093192908], [-54.34562361804825, -15.530281571280623], [-54.34565770086556, -15.530103984569525]]]}, "properties": {"bairro": "Residencial Buritis V", "quadra": "38", "numero_lote": "14", "chave": "Residencial Buritis V|38|14", "area_gis_m2": 200.0, "fonte": "MAPA PVA_RESIDENCIAL BURITIS V.dwg"}}, {"type": "Feature", "geometry": {"type": "Polygon", "coordinates": [[[-54.345749285948244, -15.5301205064672], [-54.345840871053824, -15.53013702831787], [-54.345806788378745, -15.530314615080574], [-54.345715203202055, -15.530298093204106], [-54.345749285948244, -15.5301205064672]]]}, "properties": {"bairro": "Residencial Buritis V", "quadra": "38", "numero_lote": "15", "chave": "Residencial Buritis V|38|15", "area_gis_m2": 200.0, "fonte": "MAPA PVA_RESIDENCIAL BURITIS V.dwg"}}, {"type": "Feature", "geometry": {"type": "Polygon", "coordinates": [[[-54.34587495363984, -15.52995944125441], [-54.34596653869504, -15.529975963043464], [-54.34593245617401, -15.53015354984895], [-54.345840871047706, -15.530137028034114], [-54.34587495363984, -15.52995944125441]]]}, "properties": {"bairro": "Residencial Buritis V", "quadra": "38", "numero_lote": "1", "chave": "Residencial Buritis V|38|1", "area_gis_m2": 200.0, "fonte": "MAPA PVA_RESIDENCIAL BURITIS V.dwg"}}, {"type": "Feature", "geometry": {"type": "Polygon", "coordinates": [[[-54.345840871051664, -15.530137028329078], [-54.34593245617798, -15.53015355014392], [-54.345898373574016, -15.530331136932448], [-54.345806788376585, -15.530314615091795], [-54.345840871051664, -15.530137028329078]]]}, "properties": {"bairro": "Residencial Buritis V", "quadra": "38", "numero_lote": "16", "chave": "Residencial Buritis V|38|16", "area_gis_m2": 200.0, "fonte": "MAPA PVA_RESIDENCIAL BURITIS V.dwg"}}, {"type": "Feature", "geometry": {"type": "Polygon", "coordinates": [[[-54.34398956832356, -15.530106210525766], [-54.344081153160744, -15.530122733085133], [-54.344047069026075, -15.5303003193399], [-54.34395548411778, -15.53028379675473], [-54.34398956832356, -15.530106210525766]]]}, "properties": {"bairro": "Residencial Buritis V", "quadra": "36", "numero_lote": "23", "chave": "Residencial Buritis V|36|23", "area_gis_m2": 200.0, "fonte": "MAPA PVA_RESIDENCIAL BURITIS V.dwg"}}, {"type": "Feature", "geometry": {"type": "Polygon", "coordinates": [[[-54.344081153160744, -15.530122733085133], [-54.34417273801868, -15.530139255608681], [-54.34413865395512, -15.530316841889288], [-54.344047069026075, -15.5303003193399], [-54.344081153160744, -15.530122733085133]]]}, "properties": {"bairro": "Residencial Buritis V", "quadra": "36", "numero_lote": "22", "chave": "Residencial Buritis V|36|22", "area_gis_m2": 200.0, "fonte": "MAPA PVA_RESIDENCIAL BURITIS V.dwg"}}, {"type": "Feature", "geometry": {"type": "Polygon", "coordinates": [[[-54.34417273801868, -15.530139255608681], [-54.344264322897345, -15.530155778096425], [-54.344230238904906, -15.530333364402836], [-54.34413865395512, -15.530316841889288], [-54.34417273801868, -15.530139255608681]]]}, "properties": {"bairro": "Residencial Buritis V", "quadra": "36", "numero_lote": "21", "chave": "Residencial Buritis V|36|21", "area_gis_m2": 200.0, "fonte": "MAPA PVA_RESIDENCIAL BURITIS V.dwg"}}, {"type": "Feature", "geometry": {"type": "Polygon", "coordinates": [[[-54.34426432289089, -15.530155778130046], [-54.3443559077903, -15.530172300581993], [-54.34432182386897, -15.530349886914196], [-54.34423023889845, -15.530333364436444], [-54.34426432289089, -15.530155778130046]]]}, "properties": {"bairro": "Residencial Buritis V", "quadra": "36", "numero_lote": "20", "chave": "Residencial Buritis V|36|20", "area_gis_m2": 200.0, "fonte": "MAPA PVA_RESIDENCIAL BURITIS V.dwg"}}, {"type": "Feature", "geometry": {"type": "Polygon", "coordinates": [[[-54.34435590778815, -15.530172300593177], [-54.3444474927083, -15.530188823009295], [-54.34441340885808, -15.53036640936731], [-54.34432182386682, -15.53034988692539], [-54.34435590778815, -15.530172300593177]]]}, "properties": {"bairro": "Residencial Buritis V", "quadra": "36", "numero_lote": "19", "chave": "Residencial Buritis V|36|19", "area_gis_m2": 200.0, "fonte": "MAPA PVA_RESIDENCIAL BURITIS V.dwg"}}, {"type": "Feature", "geometry": {"type": "Polygon", "coordinates": [[[-54.34444749270615, -15.5301888230205], [-54.344539077647035, -15.530205345400805], [-54.34450499386793, -15.530382931784635], [-54.344413408855935, -15.530366409378527], [-54.34444749270615, -15.5301888230205]]]}, "properties": {"bairro": "Residencial Buritis V", "quadra": "38", "numero_lote": "18", "chave": "Residencial Buritis V|38|18", "area_gis_m2": 200.0, "fonte": "MAPA PVA_RESIDENCIAL BURITIS V.dwg"}}, {"type": "Feature", "geometry": {"type": "Polygon", "coordinates": [[[-54.34453907765601, -15.530205345354064], [-54.34463066261763, -15.530221867698547], [-54.34459657890964, -15.530399454108167], [-54.3445049938769, -15.530382931737874], [-54.34453907765601, -15.530205345354064]]]}, "properties": {"bairro": "Residencial Buritis V", "quadra": "38", "numero_lote": "17", "chave": "Residencial Buritis V|38|17", "area_gis_m2": 200.0, "fonte": "MAPA PVA_RESIDENCIAL BURITIS V.dwg"}}, {"type": "Feature", "geometry": {"type": "Polygon", "coordinates": [[[-54.34463066261763, -15.530221867698547], [-54.3447222476, -15.53023839000722], [-54.34468816396312, -15.530415976442642], [-54.344596578909645, -15.530399454108167], [-54.34463066261763, -15.530221867698547]]]}, "properties": {"bairro": "Residencial Buritis V", "quadra": "38", "numero_lote": "16", "chave": "Residencial Buritis V|38|16", "area_gis_m2": 200.0, "fonte": "MAPA PVA_RESIDENCIAL BURITIS V.dwg"}}, {"type": "Feature", "geometry": {"type": "Polygon", "coordinates": [[[-54.34472224765458, -15.53023838972283], [-54.344813832657685, -15.53025491199569], [-54.34477974909192, -15.530432498456916], [-54.344688164017704, -15.530415976158245], [-54.34472224765458, -15.53023838972283]]]}, "properties": {"bairro": "Residencial Buritis V", "quadra": "38", "numero_lote": "15", "chave": "Residencial Buritis V|38|15", "area_gis_m2": 200.0, "fonte": "MAPA PVA_RESIDENCIAL BURITIS V.dwg"}}, {"type": "Feature", "geometry": {"type": "Polygon", "coordinates": [[[-54.344813832657685, -15.53025491199569], [-54.344905417681524, -15.530271434232745], [-54.34487133418688, -15.530449020719775], [-54.34477974909192, -15.530432498456916], [-54.344813832657685, -15.53025491199569]]]}, "properties": {"bairro": "Residencial Buritis V", "quadra": "38", "numero_lote": "14", "chave": "Residencial Buritis V|38|14", "area_gis_m2": 200.0, "fonte": "MAPA PVA_RESIDENCIAL BURITIS V.dwg"}}, {"type": "Feature", "geometry": {"type": "Polygon", "coordinates": [[[-54.344905417681524, -15.530271434232745], [-54.3449970027261, -15.530287956433975], [-54.34496291930257, -15.53046554294681], [-54.34487133418688, -15.530449020719775], [-54.344905417681524, -15.530271434232745]]]}, "properties": {"bairro": "Residencial Buritis V", "quadra": "38", "numero_lote": "13", "chave": "Residencial Buritis V|38|13", "area_gis_m2": 200.0, "fonte": "MAPA PVA_RESIDENCIAL BURITIS V.dwg"}}, {"type": "Feature", "geometry": {"type": "Polygon", "coordinates": [[[-54.34499700271965, -15.530287956467593], [-54.345088587784964, -15.530304478633024], [-54.34505450443255, -15.530482065171663], [-54.34496291929612, -15.530465542980432], [-54.34499700271965, -15.530287956467593]]]}, "properties": {"bairro": "Residencial Buritis V", "quadra": "38", "numero_lote": "12", "chave": "Residencial Buritis V|38|12", "area_gis_m2": 200.0, "fonte": "MAPA PVA_RESIDENCIAL BURITIS V.dwg"}}, {"type": "Feature", "geometry": {"type": "Polygon", "coordinates": [[[-54.34508858778282, -15.530304478644222], [-54.34518017286887, -15.530321000773837], [-54.345146089587566, -15.530498587338267], [-54.345054504430394, -15.530482065182856], [-54.34508858778282, -15.530304478644222]]]}, "properties": {"bairro": "Residencial Buritis V", "quadra": "38", "numero_lote": "11", "chave": "Residencial Buritis V|38|11", "area_gis_m2": 200.0, "fonte": "MAPA PVA_RESIDENCIAL BURITIS V.dwg"}}, {"type": "Feature", "geometry": {"type": "Polygon", "coordinates": [[[-54.34518017286672, -15.530321000785031], [-54.345271757973514, -15.53033752287883], [-54.34523767476332, -15.530515109469077], [-54.34514608958542, -15.53049858734948], [-54.34518017286672, -15.530321000785031]]]}, "properties": {"bairro": "Residencial Buritis V", "quadra": "38", "numero_lote": "10", "chave": "Residencial Buritis V|38|10", "area_gis_m2": 200.0, "fonte": "MAPA PVA_RESIDENCIAL BURITIS V.dwg"}}, {"type": "Feature", "geometry": {"type": "Polygon", "coordinates": [[[-54.34527175798248, -15.53033752283208], [-54.34536334311001, -15.530354044890057], [-54.34532925997094, -15.530531631506099], [-54.34523767477229, -15.530515109422312], [-54.34527175798248, -15.53033752283208]]]}, "properties": {"bairro": "Residencial Buritis V", "quadra": "38", "numero_lote": "9", "chave": "Residencial Buritis V|38|9", "area_gis_m2": 200.0, "fonte": "MAPA PVA_RESIDENCIAL BURITIS V.dwg"}}, {"type": "Feature", "geometry": {"type": "Polygon", "coordinates": [[[-54.34536334311001, -15.530354044890057], [-54.34545492825827, -15.530370566912216], [-54.34542084519032, -15.530548153554085], [-54.34532925997094, -15.530531631506099], [-54.34536334311001, -15.530354044890057]]]}, "properties": {"bairro": "Residencial Buritis V", "quadra": "38", "numero_lote": "8", "chave": "Residencial Buritis V|38|8", "area_gis_m2": 200.0, "fonte": "MAPA PVA_RESIDENCIAL BURITIS V.dwg"}}, {"type": "Feature", "geometry": {"type": "Polygon", "coordinates": [[[-54.345454928312854, -15.530370566627818], [-54.345546513481864, -15.530387088614173], [-54.345512430485016, -15.530564675281834], [-54.3454208452449, -15.530548153269663], [-54.345454928312854, -15.530370566627818]]]}, "properties": {"bairro": "Residencial Buritis V", "quadra": "38", "numero_lote": "7", "chave": "Residencial Buritis V|38|7", "area_gis_m2": 200.0, "fonte": "MAPA PVA_RESIDENCIAL BURITIS V.dwg"}}, {"type": "Feature", "geometry": {"type": "Polygon", "coordinates": [[[-54.345546513481864, -15.530387088614173], [-54.3456380986716, -15.530403610564715], [-54.34560401574588, -15.530581197258176], [-54.34551243048502, -15.530564675281834], [-54.345546513481864, -15.530387088614173]]]}, "properties": {"bairro": "Residencial Buritis V", "quadra": "38", "numero_lote": "6", "chave": "Residencial Buritis V|38|6", "area_gis_m2": 200.0, "fonte": "MAPA PVA_RESIDENCIAL BURITIS V.dwg"}}, {"type": "Feature", "geometry": {"type": "Polygon", "coordinates": [[[-54.3456380986716, -15.530403610564715], [-54.34572968388207, -15.53042013247943], [-54.345695601027465, -15.530597719198699], [-54.34560401574588, -15.530581197258176], [-54.3456380986716, -15.530403610564715]]]}, "properties": {"bairro": "Residencial Buritis V", "quadra": "38", "numero_lote": "5", "chave": "Residencial Buritis V|38|5", "area_gis_m2": 200.0, "fonte": "MAPA PVA_RESIDENCIAL BURITIS V.dwg"}}, {"type": "Feature", "geometry": {"type": "Polygon", "coordinates": [[[-54.34572968387562, -15.530420132513067], [-54.34582126910683, -15.53043665439197], [-54.34578718632334, -15.530614241137021], [-54.34569560102101, -15.530597719232311], [-54.34572968387562, -15.530420132513067]]]}, "properties": {"bairro": "Residencial Buritis V", "quadra": "38", "numero_lote": "4", "chave": "Residencial Buritis V|38|4", "area_gis_m2": 200.0, "fonte": "MAPA PVA_RESIDENCIAL BURITIS V.dwg"}}, {"type": "Feature", "geometry": {"type": "Polygon", "coordinates": [[[-54.34582126910468, -15.530436654403166], [-54.34591285435663, -15.530453176246276], [-54.34587877164425, -15.530630763017111], [-54.34578718632119, -15.530614241148207], [-54.34582126910468, -15.530436654403166]]]}, "properties": {"bairro": "Residencial Buritis V", "quadra": "38", "numero_lote": "3", "chave": "Residencial Buritis V|38|3", "area_gis_m2": 200.0, "fonte": "MAPA PVA_RESIDENCIAL BURITIS V.dwg"}}, {"type": "Feature", "geometry": {"type": "Polygon", "coordinates": [[[-54.345912854354474, -15.530453176257465], [-54.34600443962716, -15.530469698064742], [-54.3459703569859, -15.530647284861399], [-54.345878771642106, -15.530630763028316], [-54.345912854354474, -15.530453176257465]]]}, "properties": {"bairro": "Residencial Buritis V", "quadra": "37", "numero_lote": "2", "chave": "Residencial Buritis V|37|2", "area_gis_m2": 200.0, "fonte": "MAPA PVA_RESIDENCIAL BURITIS V.dwg"}}, {"type": "Feature", "geometry": {"type": "Polygon", "coordinates": [[[-54.34519977588497, -15.530021373909232], [-54.34529136086613, -15.530037895974777], [-54.345257277764354, -15.530215482582694], [-54.34516569271208, -15.530198960491342], [-54.34519977588497, -15.530021373909232]]]}, "properties": {"bairro": "Residencial Buritis V", "quadra": "38", "numero_lote": "9", "chave": "Residencial Buritis V|38|9", "area_gis_m2": 200.0, "fonte": "MAPA PVA_RESIDENCIAL BURITIS V.dwg"}}, {"type": "Feature", "geometry": {"type": "Polygon", "coordinates": [[[-54.34535485888377, -15.529213357480042], [-54.34544644354138, -15.529229879428188], [-54.34541236081701, -15.529407466113307], [-54.345320776088286, -15.529390944139358], [-54.34535485888377, -15.529213357480042]]]}, "properties": {"bairro": "Residencial Buritis V", "quadra": "49", "numero_lote": "8", "chave": "Residencial Buritis V|49|8", "area_gis_m2": 200.0, "fonte": "MAPA PVA_RESIDENCIAL BURITIS V.dwg"}}, {"type": "Feature", "geometry": {"type": "Polygon", "coordinates": [[[-54.34532077609226, -15.52939094443434], [-54.345412360820966, -15.529407466408287], [-54.34537827801366, -15.529585053076424], [-54.345286693213836, -15.529568531076688], [-54.34532077609226, -15.52939094443434]]]}, "properties": {"bairro": "Residencial Buritis V", "quadra": "38", "numero_lote": "9", "chave": "Residencial Buritis V|38|9", "area_gis_m2": 200.0, "fonte": "MAPA PVA_RESIDENCIAL BURITIS V.dwg"}}, {"type": "Feature", "geometry": {"type": "Polygon", "coordinates": [[[-54.34544644351864, -15.529229879546662], [-54.34553802819698, -15.529246401459007], [-54.34550394554372, -15.52942398816992], [-54.34541236079427, -15.52940746623178], [-54.34544644351864, -15.529229879546662]]]}, "properties": {"bairro": "Residencial Buritis V", "quadra": "38", "numero_lote": "7", "chave": "Residencial Buritis V|38|7", "area_gis_m2": 200.0, "fonte": "MAPA PVA_RESIDENCIAL BURITIS V.dwg"}}, {"type": "Feature", "geometry": {"type": "Polygon", "coordinates": [[[-54.345412360798235, -15.529407466526743], [-54.34550394554769, -15.529423988464883], [-54.345469862811484, -15.529601575158837], [-54.345378277990925, -15.529585053194893], [-54.345412360798235, -15.529407466526743]]]}, "properties": {"bairro": "Residencial Buritis V", "quadra": "38", "numero_lote": "10", "chave": "Residencial Buritis V|38|10", "area_gis_m2": 200.0, "fonte": "MAPA PVA_RESIDENCIAL BURITIS V.dwg"}}, {"type": "Feature", "geometry": {"type": "Polygon", "coordinates": [[[-54.34553802819211, -15.529246401484388], [-54.34562961289118, -15.529262923360935], [-54.34559553030903, -15.529440510097656], [-54.345503945538844, -15.529423988195328], [-54.34553802819211, -15.529246401484388]]]}, "properties": {"bairro": "Residencial Buritis V", "quadra": "38", "numero_lote": "6", "chave": "Residencial Buritis V|38|6", "area_gis_m2": 200.0, "fonte": "MAPA PVA_RESIDENCIAL BURITIS V.dwg"}}, {"type": "Feature", "geometry": {"type": "Polygon", "coordinates": [[[-54.345503945542816, -15.529423988490292], [-54.34559553031299, -15.529440510392611], [-54.34556144764791, -15.529618097112355], [-54.34546986280661, -15.529601575184218], [-54.345503945542816, -15.529423988490292]]]}, "properties": {"bairro": "Residencial Buritis V", "quadra": "38", "numero_lote": "11", "chave": "Residencial Buritis V|38|11", "area_gis_m2": 200.0, "fonte": "MAPA PVA_RESIDENCIAL BURITIS V.dwg"}}, {"type": "Feature", "geometry": {"type": "Polygon", "coordinates": [[[-54.345629612886306, -15.529262923386316], [-54.34572119760611, -15.529279445227036], [-54.345687115095075, -15.529457031989546], [-54.34559553030416, -15.529440510123031], [-54.345629612886306, -15.529262923386316]]]}, "properties": {"bairro": "Residencial Buritis V", "quadra": "38", "numero_lote": "5", "chave": "Residencial Buritis V|38|5", "area_gis_m2": 200.0, "fonte": "MAPA PVA_RESIDENCIAL BURITIS V.dwg"}}, {"type": "Feature", "geometry": {"type": "Polygon", "coordinates": [[[-54.345595530308124, -15.529440510417999], [-54.34568711509904, -15.52945703228451], [-54.34565303250507, -15.529634619030068], [-54.345561447643036, -15.529618097137764], [-54.345595530308124, -15.529440510417999]]]}, "properties": {"bairro": "Residencial Buritis V", "quadra": "38", "numero_lote": "12", "chave": "Residencial Buritis V|38|12", "area_gis_m2": 200.0, "fonte": "MAPA PVA_RESIDENCIAL BURITIS V.dwg"}}, {"type": "Feature", "geometry": {"type": "Polygon", "coordinates": [[[-54.34572119762055, -15.529279445151813], [-54.345812782361094, -15.529295966956719], [-54.34577869992117, -15.529473553745024], [-54.34568711510951, -15.529457031914347], [-54.34572119762055, -15.529279445151813]]]}, "properties": {"bairro": "Residencial Buritis V", "quadra": "38", "numero_lote": "4", "chave": "Residencial Buritis V|38|4", "area_gis_m2": 200.0, "fonte": "MAPA PVA_RESIDENCIAL BURITIS V.dwg"}}, {"type": "Feature", "geometry": {"type": "Polygon", "coordinates": [[[-54.345687115113485, -15.529457032209294], [-54.345778699925134, -15.529473554040012], [-54.345744617402275, -15.529651140811366], [-54.3456530325195, -15.52963461895486], [-54.345687115113485, -15.529457032209294]]]}, "properties": {"bairro": "Residencial Buritis V", "quadra": "38", "numero_lote": "13", "chave": "Residencial Buritis V|38|13", "area_gis_m2": 200.0, "fonte": "MAPA PVA_RESIDENCIAL BURITIS V.dwg"}}, {"type": "Feature", "geometry": {"type": "Polygon", "coordinates": [[[-54.345812782361094, -15.529295966956719], [-54.34590436712237, -15.529312488725811], [-54.34587028475355, -15.52949007553993], [-54.34577869992117, -15.529473553745024], [-54.345812782361094, -15.529295966956719]]]}, "properties": {"bairro": "Residencial Buritis V", "quadra": "38", "numero_lote": "3", "chave": "Residencial Buritis V|38|3", "area_gis_m2": 200.0, "fonte": "MAPA PVA_RESIDENCIAL BURITIS V.dwg"}}, {"type": "Feature", "geometry": {"type": "Polygon", "coordinates": [[[-54.345778699925134, -15.529473554040012], [-54.345870284757524, -15.529490075834898], [-54.34583620230577, -15.529667662632036], [-54.345744617402275, -15.529651140811366], [-54.345778699925134, -15.529473554040012]]]}, "properties": {"bairro": "Residencial Buritis V", "quadra": "38", "numero_lote": "14", "chave": "Residencial Buritis V|38|14", "area_gis_m2": 200.0, "fonte": "MAPA PVA_RESIDENCIAL BURITIS V.dwg"}}, {"type": "Feature", "geometry": {"type": "Polygon", "coordinates": [[[-54.34590436709331, -15.52931248887723], [-54.34599595187533, -15.529329010610512], [-54.34596186957762, -15.529506597450418], [-54.3458702847245, -15.529490075691337], [-54.34590436709331, -15.52931248887723]]]}, "properties": {"bairro": "Residencial Buritis V", "quadra": "38", "numero_lote": "2", "chave": "Residencial Buritis V|38|2", "area_gis_m2": 200.0, "fonte": "MAPA PVA_RESIDENCIAL BURITIS V.dwg"}}, {"type": "Feature", "geometry": {"type": "Polygon", "coordinates": [[[-54.34587028472847, -15.529490075986304], [-54.345961869581586, -15.529506597745385], [-54.34592778720095, -15.529684184568328], [-54.345836202276715, -15.529667662783435], [-54.34587028472847, -15.529490075986304]]]}, "properties": {"bairro": "Residencial Buritis V", "quadra": "38", "numero_lote": "15", "chave": "Residencial Buritis V|38|15", "area_gis_m2": 200.0, "fonte": "MAPA PVA_RESIDENCIAL BURITIS V.dwg"}}, {"type": "Feature", "geometry": {"type": "Polygon", "coordinates": [[[-54.34599595187046, -15.529329010635893], [-54.3460875366732, -15.529345532333362], [-54.346053454446604, -15.529523119199071], [-54.345961869572754, -15.529506597475823], [-54.34599595187046, -15.529329010635893]]]}, "properties": {"bairro": "Residencial Buritis V", "quadra": "38", "numero_lote": "1", "chave": "Residencial Buritis V|38|1", "area_gis_m2": 200.0, "fonte": "MAPA PVA_RESIDENCIAL BURITIS V.dwg"}}, {"type": "Feature", "geometry": {"type": "Polygon", "coordinates": [[[-54.34596186957672, -15.529506597770775], [-54.346053454450576, -15.52952311949406], [-54.34601937214105, -15.529700706342798], [-54.34592778719608, -15.529684184593734], [-54.34596186957672, -15.529506597770775]]]}, "properties": {"bairro": "Residencial Buritis V", "quadra": "38", "numero_lote": "16", "chave": "Residencial Buritis V|38|16", "area_gis_m2": 200.0, "fonte": "MAPA PVA_RESIDENCIAL BURITIS V.dwg"}}, {"type": "Feature", "geometry": {"type": "Polygon", "coordinates": [[[-54.345922707838795, -15.528525735367174], [-54.34599251694544, -15.528538327415811], [-54.34603098973925, -15.528729005025316], [-54.34588862571073, -15.528703322303171], [-54.345922707838795, -15.528525735367174]]]}, "properties": {"bairro": "Residencial Buritis V", "quadra": "50", "numero_lote": "9", "chave": "Residencial Buritis V|50|9", "area_gis_m2": 231.67, "fonte": "MAPA PVA_RESIDENCIAL BURITIS V.dwg"}}, {"type": "Feature", "geometry": {"type": "Polygon", "coordinates": [[[-54.34595404502065, -15.528347653902928], [-54.345851467780115, -15.52832914866547], [-54.34581738566954, -15.528506735503722], [-54.34599251694544, -15.528538327415811], [-54.34595404502065, -15.528347653902928]]]}, "properties": {"bairro": "Residencial Buritis V", "quadra": "50", "numero_lote": "1", "chave": "Residencial Buritis V|50|1", "area_gis_m2": 303.23, "fonte": "MAPA PVA_RESIDENCIAL BURITIS V.dwg"}}, {"type": "Feature", "geometry": {"type": "Polygon", "coordinates": [[[-54.345640823804864, -15.52829114855954], [-54.34574614577894, -15.528310148477475], [-54.34571206358658, -15.52848773528607], [-54.345606741530744, -15.528468735338462], [-54.345640823804864, -15.52829114855954]]]}, "properties": {"bairro": "Residencial Buritis V", "quadra": "50", "numero_lote": "3", "chave": "Residencial Buritis V|50|3", "area_gis_m2": 230.0, "fonte": "MAPA PVA_RESIDENCIAL BURITIS V.dwg"}}, {"type": "Feature", "geometry": {"type": "Polygon", "coordinates": [[[-54.34560674153473, -15.528468735633414], [-54.345712063590575, -15.52848773558103], [-54.34567798131529, -15.528665322372653], [-54.34557265917767, -15.52864632239537], [-54.34560674153473, -15.528468735633414]]]}, "properties": {"bairro": "Residencial Buritis V", "quadra": "50", "numero_lote": "6", "chave": "Residencial Buritis V|50|6", "area_gis_m2": 230.0, "fonte": "MAPA PVA_RESIDENCIAL BURITIS V.dwg"}}, {"type": "Feature", "geometry": {"type": "Polygon", "coordinates": [[[-54.34574614583352, -15.528310148193086], [-54.34585146783501, -15.528329148063685], [-54.34581738572444, -15.528506734901926], [-54.34571206364117, -15.528487735001656], [-54.34574614583352, -15.528310148193086]]]}, "properties": {"bairro": "Residencial Buritis V", "quadra": "50", "numero_lote": "2", "chave": "Residencial Buritis V|50|2", "area_gis_m2": 230.0, "fonte": "MAPA PVA_RESIDENCIAL BURITIS V.dwg"}}, {"type": "Feature", "geometry": {"type": "Polygon", "coordinates": [[[-54.34571206364516, -15.528487735296643], [-54.345817385728424, -15.528506735196897], [-54.34578330353491, -15.52868432201817], [-54.345677981369874, -15.528665322088232], [-54.34571206364516, -15.528487735296643]]]}, "properties": {"bairro": "Residencial Buritis V", "quadra": "50", "numero_lote": "7", "chave": "Residencial Buritis V|50|7", "area_gis_m2": 230.0, "fonte": "MAPA PVA_RESIDENCIAL BURITIS V.dwg"}}, {"type": "Feature", "geometry": {"type": "Polygon", "coordinates": [[[-54.345817385844015, -15.528506734594595], [-54.345922707954706, -15.528525734447506], [-54.34588862584297, -15.528703321298432], [-54.3457833036505, -15.528684321415856], [-54.345817385844015, -15.528506734594595]]]}, "properties": {"bairro": "Residencial Buritis V", "quadra": "50", "numero_lote": "8", "chave": "Residencial Buritis V|50|8", "area_gis_m2": 230.0, "fonte": "MAPA PVA_RESIDENCIAL BURITIS V.dwg"}}, {"type": "Feature", "geometry": {"type": "Polygon", "coordinates": [[[-54.34544518004326, -15.528742753125245], [-54.345550502206606, -15.528761753169182], [-54.345516419712695, -15.528939339903129], [-54.345411097467576, -15.528920339829535], [-54.34544518004326, -15.528742753125245]]]}, "properties": {"bairro": "Residencial Buritis V", "quadra": "50", "numero_lote": "7", "chave": "Residencial Buritis V|50|7", "area_gis_m2": 230.0, "fonte": "MAPA PVA_RESIDENCIAL BURITIS V.dwg"}}, {"type": "Feature", "geometry": {"type": "Polygon", "coordinates": [[[-54.34541109747156, -15.528920340124497], [-54.34551641971669, -15.528939340198093], [-54.34548233713984, -15.529116926915073], [-54.34537701481295, -15.529097926811792], [-54.34541109747156, -15.528920340124497]]]}, "properties": {"bairro": "Residencial Buritis V", "quadra": "50", "numero_lote": "8", "chave": "Residencial Buritis V|50|8", "area_gis_m2": 230.0, "fonte": "MAPA PVA_RESIDENCIAL BURITIS V.dwg"}}, {"type": "Feature", "geometry": {"type": "Polygon", "coordinates": [[[-54.34555050221863, -15.528761753106537], [-54.3456558244094, -15.528780753103103], [-54.34562174199726, -15.528958339866714], [-54.34551641972472, -15.52893933984048], [-54.34555050221863, -15.528761753106537]]]}, "properties": {"bairro": "Residencial Buritis V", "quadra": "50", "numero_lote": "6", "chave": "Residencial Buritis V|50|6", "area_gis_m2": 230.0, "fonte": "MAPA PVA_RESIDENCIAL BURITIS V.dwg"}}, {"type": "Feature", "geometry": {"type": "Polygon", "coordinates": [[[-54.34551641972871, -15.528939340135446], [-54.345621742001256, -15.528958340161685], [-54.34558765950618, -15.529135926908332], [-54.34548233715186, -15.529116926852415], [-54.34551641972871, -15.528939340135446]]]}, "properties": {"bairro": "Residencial Buritis V", "quadra": "50", "numero_lote": "9", "chave": "Residencial Buritis V|50|9", "area_gis_m2": 230.0, "fonte": "MAPA PVA_RESIDENCIAL BURITIS V.dwg"}}, {"type": "Feature", "geometry": {"type": "Polygon", "coordinates": [[[-54.34565582442143, -15.528780753040463], [-54.34576114663962, -15.528799752989668], [-54.34572706430925, -15.52897733978295], [-54.34562174200929, -15.528958339804088], [-54.34565582442143, -15.528780753040463]]]}, "properties": {"bairro": "Residencial Buritis V", "quadra": "50", "numero_lote": "5", "chave": "Residencial Buritis V|50|5", "area_gis_m2": 230.0, "fonte": "MAPA PVA_RESIDENCIAL BURITIS V.dwg"}}, {"type": "Feature", "geometry": {"type": "Polygon", "coordinates": [[[-54.34562174201328, -15.528958340099047], [-54.345727064313245, -15.528977340077926], [-54.34569298189995, -15.52915492685424], [-54.34558765951821, -15.529135926845674], [-54.34562174201328, -15.528958340099047]]]}, "properties": {"bairro": "Residencial Buritis V", "quadra": "50", "numero_lote": "10", "chave": "Residencial Buritis V|50|10", "area_gis_m2": 230.0, "fonte": "MAPA PVA_RESIDENCIAL BURITIS V.dwg"}}, {"type": "Feature", "geometry": {"type": "Polygon", "coordinates": [[[-54.34576114665165, -15.52879975292702], [-54.345866468897256, -15.528818752828878], [-54.345832386648674, -15.528996339651842], [-54.34572706432128, -15.528977339720313], [-54.34576114665165, -15.52879975292702]]]}, "properties": {"bairro": "Residencial Buritis V", "quadra": "50", "numero_lote": "4", "chave": "Residencial Buritis V|50|4", "area_gis_m2": 230.0, "fonte": "MAPA PVA_RESIDENCIAL BURITIS V.dwg"}}, {"type": "Feature", "geometry": {"type": "Polygon", "coordinates": [[[-54.345727064325274, -15.528977340015283], [-54.34583238665265, -15.52899633994681], [-54.345798304321136, -15.529173926752778], [-54.345692981911974, -15.529154926791586], [-54.345727064325274, -15.528977340015283]]]}, "properties": {"bairro": "Residencial Buritis V", "quadra": "50", "numero_lote": "11", "chave": "Residencial Buritis V|50|11", "area_gis_m2": 230.0, "fonte": "MAPA PVA_RESIDENCIAL BURITIS V.dwg"}}, {"type": "Feature", "geometry": {"type": "Polygon", "coordinates": [[[-54.34586646890928, -15.528818752766233], [-54.34597179118231, -15.528837752620731], [-54.345937709015494, -15.529015339473348], [-54.345832386660696, -15.528996339589195], [-54.34586646890928, -15.528818752766233]]]}, "properties": {"bairro": "Residencial Buritis V", "quadra": "50", "numero_lote": "3", "chave": "Residencial Buritis V|50|3", "area_gis_m2": 230.0, "fonte": "MAPA PVA_RESIDENCIAL BURITIS V.dwg"}}, {"type": "Feature", "geometry": {"type": "Polygon", "coordinates": [[[-54.345832386664675, -15.528996339884147], [-54.34593770901949, -15.529015339768328], [-54.34590362676974, -15.529192926603962], [-54.34579830433315, -15.52917392669014], [-54.345832386664675, -15.528996339884147]]]}, "properties": {"bairro": "Residencial Buritis V", "quadra": "50", "numero_lote": "12", "chave": "Residencial Buritis V|50|12", "area_gis_m2": 230.0, "fonte": "MAPA PVA_RESIDENCIAL BURITIS V.dwg"}}, {"type": "Feature", "geometry": {"type": "Polygon", "coordinates": [[[-54.34597179119433, -15.528837752558102], [-54.346077113494786, -15.52885675236522], [-54.34604303140974, -15.529034339247534], [-54.345937709027524, -15.529015339410714], [-54.34597179119433, -15.528837752558102]]]}, "properties": {"bairro": "Residencial Buritis V", "quadra": "50", "numero_lote": "2", "chave": "Residencial Buritis V|50|2", "area_gis_m2": 230.0, "fonte": "MAPA PVA_RESIDENCIAL BURITIS V.dwg"}}, {"type": "Feature", "geometry": {"type": "Polygon", "coordinates": [[[-54.34593770903151, -15.52901533970569], [-54.34604303141374, -15.52903433954247], [-54.34600894924577, -15.529211926407804], [-54.34590362678176, -15.529192926541347], [-54.34593770903151, -15.52901533970569]]]}, "properties": {"bairro": "Residencial Buritis V", "quadra": "50", "numero_lote": "13", "chave": "Residencial Buritis V|50|13", "area_gis_m2": 230.0, "fonte": "MAPA PVA_RESIDENCIAL BURITIS V.dwg"}}, {"type": "Feature", "geometry": {"type": "Polygon", "coordinates": [[[-54.346043031413735, -15.52903433954247], [-54.34614835382338, -15.529053339331918], [-54.34611427173719, -15.52923092622691], [-54.34600894924577, -15.529211926407804], [-54.346043031413735, -15.52903433954247]]]}, "properties": {"bairro": "Residencial Buritis V", "quadra": "50", "numero_lote": "14", "chave": "Residencial Buritis V|50|14", "area_gis_m2": 230.0, "fonte": "MAPA PVA_RESIDENCIAL BURITIS V.dwg"}}, {"type": "Feature", "geometry": {"type": "Polygon", "coordinates": [[[-54.3460771132757, -15.52885675350677], [-54.346184056896, -15.528876045875386], [-54.3462225291201, -15.529066719703897], [-54.34614835382338, -15.529053339331918], [-54.346043031355165, -15.529034339531917], [-54.3460771132757, -15.52885675350677]]]}, "properties": {"bairro": "Residencial Buritis V", "quadra": "50", "numero_lote": "1", "chave": "Residencial Buritis V|50|1", "area_gis_m2": 312.76, "fonte": "MAPA PVA_RESIDENCIAL BURITIS V.dwg"}}, {"type": "Feature", "geometry": {"type": "Polygon", "coordinates": [[[-54.34614835382338, -15.529053339331918], [-54.34622252912009, -15.529066719703897], [-54.346261002085946, -15.5292573969982], [-54.346114271548196, -15.529230927211694], [-54.34614835382338, -15.529053339331918]]]}, "properties": {"bairro": "Residencial Buritis V", "quadra": "50", "numero_lote": "15", "chave": "Residencial Buritis V|50|15", "area_gis_m2": 241.21, "fonte": "MAPA PVA_RESIDENCIAL BURITIS V.dwg"}}, {"type": "Feature", "geometry": {"type": "Polygon", "coordinates": [[[-54.34665376066666, -15.532456340553784], [-54.346652397909914, -15.53256633611208], [-54.346652397909914, -15.53256633611208], [-54.34646128941906, -15.53253185862219], [-54.34648174049735, -15.532425306755602], [-54.34665376066666, -15.532456340553784]]]}, "properties": {"bairro": "Residencial Buritis V", "quadra": "29", "numero_lote": "2", "chave": "Residencial Buritis V|29|2", "area_gis_m2": 237.89, "fonte": "MAPA PVA_RESIDENCIAL BURITIS V.dwg"}}, {"type": "Feature", "geometry": {"type": "Polygon", "coordinates": [[[-54.344500589073746, -15.528085447677752], [-54.344592173120176, -15.528101969893807], [-54.3445580900319, -15.528279556377292], [-54.344466505914376, -15.52826303413543], [-54.344500589073746, -15.528085447677752]]]}, "properties": {"bairro": "Residencial Buritis V", "quadra": "50", "numero_lote": "10", "chave": "Residencial Buritis V|50|10", "area_gis_m2": 200.0, "fonte": "MAPA PVA_RESIDENCIAL BURITIS V.dwg"}}, {"type": "Feature", "geometry": {"type": "Polygon", "coordinates": [[[-54.346094758085705, -15.529999093699173], [-54.346422587285026, -15.530058233103881], [-54.34649953300179, -15.530439584227999], [-54.34656301334681, -15.53075419890942], [-54.346428283885004, -15.53072989431707], [-54.34642828393145, -15.530729894075057], [-54.345970357012874, -15.530647284866271], [-54.346094758085705, -15.529999093699173]]]}, "properties": {"bairro": "Residencial Buritis V", "quadra": "37", "numero_lote": "1", "chave": "Residencial Buritis V|37|1", "area_gis_m2": 3668.46, "fonte": "MAPA PVA_RESIDENCIAL BURITIS V.dwg"}}, {"type": "Feature", "geometry": {"type": "Polygon", "coordinates": [[[-54.34688521052765, -15.533710635338641], [-54.34746029683972, -15.533746806036552], [-54.34747410262393, -15.533964547726157], [-54.34687011371373, -15.533921086625087], [-54.34687011371373, -15.533921086625087], [-54.34688521052765, -15.533710635338641]]]}, "properties": {"bairro": "Residencial Buritis V", "quadra": "51", "numero_lote": "10", "chave": "Residencial Buritis V|51|10", "area_gis_m2": 1500.42, "fonte": "MAPA PVA_RESIDENCIAL BURITIS V.dwg"}}, {"type": "Feature", "geometry": {"type": "Polygon", "coordinates": [[[-54.34689891530958, -15.533489054673474], [-54.34744580500919, -15.53351824433116], [-54.347460296839714, -15.533746806036552], [-54.34688521052765, -15.533710635338641], [-54.34688521052765, -15.533710635338641], [-54.34689891530958, -15.533489054673474]]]}, "properties": {"bairro": "Residencial Buritis V", "quadra": "51", "numero_lote": "9", "chave": "Residencial Buritis V|51|9", "area_gis_m2": 1500.49, "fonte": "MAPA PVA_RESIDENCIAL BURITIS V.dwg"}}, {"type": "Feature", "geometry": {"type": "Polygon", "coordinates": [[[-54.346910930535195, -15.533255547461001], [-54.34743057732998, -15.53327807716189], [-54.347445805009194, -15.53351824433116], [-54.34689891530958, -15.533489054673474], [-54.34689891530958, -15.533489054673474], [-54.346910930535195, -15.533255547461001]]]}, "properties": {"bairro": "Residencial Buritis V", "quadra": "51", "numero_lote": "8", "chave": "Residencial Buritis V|51|8", "area_gis_m2": 1500.58, "fonte": "MAPA PVA_RESIDENCIAL BURITIS V.dwg"}}, {"type": "Feature", "geometry": {"type": "Polygon", "coordinates": [[[-54.34692842652234, -15.532750007348243], [-54.347397741300355, -15.532760196050035], [-54.34741456812104, -15.533025584084081], [-54.346920904044275, -15.53300938711205], [-54.346920904044275, -15.53300938711205], [-54.34692842652234, -15.532750007348243]]]}, "properties": {"bairro": "Residencial Buritis V", "quadra": "51", "numero_lote": "6", "chave": "Residencial Buritis V|51|6", "area_gis_m2": 1500.79, "fonte": "MAPA PVA_RESIDENCIAL BURITIS V.dwg"}}, {"type": "Feature", "geometry": {"type": "Polygon", "coordinates": [[[-54.34693303551989, -15.53247713024128], [-54.34738007822863, -15.5324816191165], [-54.347397741300355, -15.532760196050035], [-54.34692842652234, -15.532750007348243], [-54.34692842652234, -15.532750007348243], [-54.34693303551989, -15.53247713024128]]]}, "properties": {"bairro": "Residencial Buritis V", "quadra": "51", "numero_lote": "5", "chave": "Residencial Buritis V|51|5", "area_gis_m2": 1500.92, "fonte": "MAPA PVA_RESIDENCIAL BURITIS V.dwg"}}, {"type": "Feature", "geometry": {"type": "Polygon", "coordinates": [[[-54.34693423072874, -15.532190933318217], [-54.34736158798219, -15.532189996465297], [-54.347380078228625, -15.5324816191165], [-54.34693303551989, -15.53247713024128], [-54.34693303551989, -15.53247713024128], [-54.34693423072874, -15.532190933318217]]]}, "properties": {"bairro": "Residencial Buritis V", "quadra": "51", "numero_lote": "4", "chave": "Residencial Buritis V|51|4", "area_gis_m2": 1501.06, "fonte": "MAPA PVA_RESIDENCIAL BURITIS V.dwg"}}, {"type": "Feature", "geometry": {"type": "Polygon", "coordinates": [[[-54.34693150571769, -15.531892241295626], [-54.34734231919141, -15.53188609511283], [-54.34736158798219, -15.532189996465297], [-54.34693423072874, -15.532190933318217], [-54.34693423072874, -15.532190933318217], [-54.34693150571769, -15.531892241295626]]]}, "properties": {"bairro": "Residencial Buritis V", "quadra": "51", "numero_lote": "3", "chave": "Residencial Buritis V|51|3", "area_gis_m2": 1501.2, "fonte": "MAPA PVA_RESIDENCIAL BURITIS V.dwg"}}, {"type": "Feature", "geometry": {"type": "Polygon", "coordinates": [[[-54.34692439928922, -15.531582702582169], [-54.34732237101887, -15.531571479051344], [-54.34734231919141, -15.53188609511283], [-54.34693150571769, -15.531892241295626], [-54.34693150571769, -15.531892241295626], [-54.34692439928922, -15.531582702582169]]]}, "properties": {"bairro": "Residencial Buritis V", "quadra": "51", "numero_lote": "2", "chave": "Residencial Buritis V|51|2", "area_gis_m2": 1501.34, "fonte": "MAPA PVA_RESIDENCIAL BURITIS V.dwg"}}, {"type": "Feature", "geometry": {"type": "Polygon", "coordinates": [[[-54.34690554442899, -15.531118137872479], [-54.34729244685863, -15.531099525520018], [-54.34732237101887, -15.531571479051344], [-54.34692439928922, -15.531582702582169], [-54.34692439928922, -15.531582702582169], [-54.34690554442899, -15.531118137872479]]]}, "properties": {"bairro": "Residencial Buritis V", "quadra": "51", "numero_lote": "1", "chave": "Residencial Buritis V|51|1", "area_gis_m2": 2188.39, "fonte": "MAPA PVA_RESIDENCIAL BURITIS V.dwg"}}, {"type": "Feature", "geometry": {"type": "Polygon", "coordinates": [[[-54.346920904044275, -15.53300938711205], [-54.34741456812104, -15.533025584084081], [-54.34743057732998, -15.53327807716189], [-54.346910930535195, -15.533255547461001], [-54.346910930535195, -15.533255547461001], [-54.346920904044275, -15.53300938711205]]]}, "properties": {"bairro": "Residencial Buritis V", "quadra": "51", "numero_lote": "7", "chave": "Residencial Buritis V|51|7", "area_gis_m2": 1500.67, "fonte": "MAPA PVA_RESIDENCIAL BURITIS V.dwg"}}, {"type": "Feature", "geometry": {"type": "Polygon", "coordinates": [[[-54.34685785696005, -15.534074165504673], [-54.34687011371373, -15.533921086625087], [-54.34687011371373, -15.533921086625087], [-54.34747410262393, -15.533964547726157], [-54.34748809311851, -15.53418520276901], [-54.34688948363447, -15.534194536123636], [-54.34688948363447, -15.534194536123636], [-54.346890413444704, -15.534183033024108], [-54.346890564345905, -15.534171495584765], [-54.34688993569052, -15.534159973326132], [-54.346888530176955, -15.534148515703631], [-54.346886353838045, -15.534137171895223], [-54.34688341601511, -15.534125990590338], [-54.346879729317884, -15.534115019780941], [-54.34687530957038, -15.534104306555474], [-54.346870175742964, -15.534093896896811], [-54.34686434987097, -15.534083835484825], [-54.34685785696005, -15.534074165504673]]]}, "properties": {"bairro": "Residencial Buritis V", "quadra": "51", "numero_lote": "11", "chave": "Residencial Buritis V|51|11", "area_gis_m2": 1788.25, "fonte": "MAPA PVA_RESIDENCIAL BURITIS V.dwg"}}]}